num_author,name_author,field,continent,university,h_index,h_rank,i10_index,i10_rank,Euclidean_index,Euclidean_rank,Total_Citation,Total_Citation_rank,Total_Publication,Total_Publication_rank,ABC,ABC_rank,ABC_A,ABC_A_rank,DBC,DBC_rank,CRBC,CRBC_rank,CEBC,CEBC_rank,TCEBC,TCEBC_rank,ACES,ACES_rank,ABC+CES,ABC+CES_rank,ABC*CES,ABC*CES_rank
1,Adam Loch,multiple-field,Oceania,Adelaide,22,617,35,527,278.3720531950001,1464,1407.0,996,67,442,0,3283,0,3965,33.5,504,0,3203,35,538,17.5,716,139.18602659750007,1877,278.3720531950001,1277,279.3720531950001,1792
2,Akwasi Ampofo,development,Oceania,Adelaide,4,3256,2,3404,59.54829972383762,2995,92.0,3183,6,3475,0,3283,0,3965,3.0,3545,0,3203,2,3459,1.0,3730,29.77414986191881,3140,59.54829972383762,2859,60.54829972383762,3063
3,Benedikt Heid,i_trade,Oceania,Adelaide,9,1992,9,1961,160.44625268294675,2035,403.0,2008,15,2273,0,3283,0,3965,7.5,2418,0,3203,9,2003,4.5,2297,80.22312634147337,2323,160.44625268294675,1847,161.44625268294675,2232
4,Craig Johns,development,Oceania,Adelaide,2,3967,0,4385,5.477225575051661,4293,10.0,4201,4,3855,0,3283,0,3965,2.0,3907,0,3203,0,4408,0.0,4504,2.7386127875258306,4303,5.477225575051661,4246,6.477225575051661,4260
5,Di Zeng,development,Oceania,Adelaide,11,1625,12,1604,165.7015389186232,2001,463.0,1898,22,1700,0,3283,0,3965,11.0,1825,0,3203,12,1632,6.0,1923,82.8507694593116,2296,165.7015389186232,1812,166.7015389186232,2203
6,Duygu Yengin,micro_theory,Oceania,Adelaide,7,2425,6,2423,47.53945729601885,3183,140.0,2897,17,2079,0,3283,3,2072,8.5,2203,0,3203,6,2464,3.5,2589,23.769728648009423,3295,47.53945729601885,3056,48.53945729601885,3226
7,Fiona Yap,political_econ,Oceania,Adelaide,6,2677,4,2824,35.62302626111375,3415,119.0,3011,29,1320,0,3283,0,3965,14.5,1436,0,3203,4,2882,2.0,3174,17.811513130556875,3504,35.62302626111375,3308,36.62302626111375,3435
8,Firmin Doko Tchatoka,multiple-field,Oceania,Adelaide,7,2425,4,2824,62.34580980306536,2958,173.0,2737,25,1518,0,3283,4,1786,12.5,1623,0,3203,4,2882,4.0,2445,31.17290490153268,3105,62.34580980306536,2820,63.34580980306536,3027
9,Genevieve Knight,labor,Oceania,Adelaide,4,3256,2,3404,42.26109321823088,3301,72.0,3336,5,3656,0,3283,0,3965,2.5,3719,0,3203,2,3459,1.0,3730,21.13054660911544,3397,42.26109321823088,3181,43.26109321823088,3331
10,George Stamatescu,other,Oceania,Adelaide,2,3967,1,3809,18.68154169226941,3842,23.0,3937,3,4085,0,3283,0,3965,1.5,4125,0,3203,1,3860,0.5,4086,9.340770846134705,3871,18.68154169226941,3744,19.68154169226941,3823
11,Hammed Oluwaseyi Musibau,development,Oceania,Adelaide,12,1477,13,1510,245.07141816213493,1602,680.0,1578,26,1461,0,3283,0,3965,13.0,1571,0,3203,13,1535,6.5,1818,122.53570908106748,1973,245.07141816213493,1413,246.07141816213493,1885
12,Jacob Wong,macro,Oceania,Adelaide,2,3967,0,4385,10.295630140987,4086,14.0,4102,2,4322,0,3283,0,3965,1.0,4350,0,3203,0,4408,0.0,4504,5.1478150704935,4102,10.295630140987,4022,11.295630140987,4058
13,Kostas Mavromaras,labor,Oceania,Adelaide,16,1038,23,906,198.04797398610268,1816,797.0,1436,37,989,0,3283,1,2917,18.5,1111,0,3203,23,925,11.5,1143,99.02398699305134,2137,198.04797398610268,1620,199.04797398610268,2050
14,Kym Anderson,i_trade,Oceania,Adelaide,36,203,122,51,576.0720441055962,824,4795.0,364,318,9,0,3283,2,2431,159.0,11,0,3203,122,52,61.5,67,288.0360220527981,1381,576.0720441055962,654,577.0720441055962,1252
15,Mark Dodd,behavior-experiment,Oceania,Adelaide,3,3600,1,3809,124.65151423067432,2277,142.0,2879,3,4085,0,3283,0,3965,1.5,4125,0,3203,1,3860,0.5,4086,62.325757115337154,2519,124.65151423067432,2101,125.65151423067432,2436
16,Nadezhda Baryshnikova,multiple-field,Oceania,Adelaide,5,2944,2,3404,38.98717737923585,3349,76.0,3301,11,2737,0,3283,0,3965,5.5,2853,0,3203,2,3459,1.0,3730,19.493588689617926,3439,38.98717737923585,3236,39.98717737923585,3375
17,Panharoth Chhay,development,Oceania,Adelaide,3,3600,3,3094,25.65151067676132,3637,46.0,3618,5,3656,0,3283,0,3965,2.5,3719,0,3203,3,3149,1.5,3437,12.82575533838066,3688,25.65151067676132,3528,26.65151067676132,3627
18,Patrick O'Connor,other,Oceania,Adelaide,28,386,49,305,495.808430747199,937,2642.0,612,71,395,0,3283,0,3965,35.5,448,0,3203,49,313,24.5,444,247.9042153735995,1445,495.808430747199,754,496.808430747199,1338
19,Peter Draper,i_trade,Oceania,Adelaide,6,2677,3,3094,37.37646318206152,3386,113.0,3048,27,1408,0,3283,0,3965,13.5,1526,0,3203,3,3149,1.5,3437,18.68823159103076,3478,37.37646318206152,3277,38.37646318206152,3412
20,Qazi Haque,macro,Oceania,Adelaide,4,3256,2,3404,26.057628441590765,3627,57.0,3471,14,2384,0,3283,4,1786,7.0,2517,0,3203,2,3459,2.5,2945,13.028814220795384,3681,26.057628441590765,3521,27.057628441590765,3620
21,Ralph-Christopher Bayer,behavior-experiment,Oceania,Adelaide,10,1802,10,1828,70.25667228100119,2838,252.0,2421,29,1320,0,3283,5,1568,14.5,1436,0,3203,10,1859,5.5,2026,35.12833614050059,2990,70.25667228100119,2689,71.25667228100119,2924
22,Raul Barreto,multiple-field,Oceania,Adelaide,5,2944,5,2603,176.4199535200029,1937,286.0,2307,7,3309,0,3283,1,2917,3.5,3382,0,3203,5,2654,2.5,2945,88.20997676000147,2239,176.4199535200029,1740,177.4199535200029,2149
23,Richard Pomfret,multiple-field,Oceania,Adelaide,22,617,50,291,255.99218738078707,1558,1680.0,867,145,82,0,3283,1,2917,72.5,94,0,3203,50,299,25.0,431,127.99609369039354,1943,255.99218738078707,1372,256.9921873807871,1853
24,Rida Akzar,development,Oceania,Adelaide,2,3967,1,3809,13.527749258468685,3997,27.0,3874,16,2168,0,3283,0,3965,8.0,2304,0,3203,1,3860,0.5,4086,6.7638746292343415,4017,13.527749258468685,3918,14.527749258468685,3967
25,Rio Lawas Maligalig,development,Oceania,Adelaide,2,3967,2,3404,38.535697735995385,3358,55.0,3490,4,3855,0,3283,0,3965,2.0,3907,0,3203,2,3459,1.0,3730,19.26784886799769,3449,38.535697735995385,3246,39.535697735995385,3385
26,Ruby Nguyen,p_finance,Oceania,Adelaide,1,4388,0,4385,5.0990195135927845,4310,6.0,4335,3,4085,0,3283,0,3965,1.5,4125,0,3203,0,4408,0.0,4504,2.549509756796392,4319,5.0990195135927845,4266,6.0990195135927845,4276
27,Stephane Mahuteau,labor,Oceania,Adelaide,10,1802,10,1828,86.24384035976135,2641,266.0,2361,13,2492,0,3283,0,3965,6.5,2616,0,3203,10,1859,5.0,2147,43.12192017988068,2827,86.24384035976135,2487,87.24384035976135,2751
28,Stephanie Mcwhinnie,multiple-field,Oceania,Adelaide,6,2677,5,2603,107.92126759818936,2427,173.0,2737,14,2384,0,3283,0,3965,7.0,2517,0,3203,5,2654,2.5,2945,53.96063379909469,2640,107.92126759818936,2247,108.92126759818936,2560
29,Suraya Abdul Halim,labor,Oceania,Adelaide,2,3967,0,4385,3.605551275463989,4413,5.0,4375,2,4322,0,3283,0,3965,1.0,4350,0,3203,0,4408,0.0,4504,1.8027756377319943,4417,3.605551275463989,4374,4.60555127546399,4383
30,Terence C. Cheng,multiple-field,Oceania,Adelaide,15,1141,19,1100,237.722527329658,1638,742.0,1501,31,1232,0,3283,3,2072,15.5,1343,0,3203,19,1119,9.5,1356,118.861263664829,2001,237.722527329658,1440,238.722527329658,1912
31,Theo Simos,development,Oceania,Adelaide,2,3967,1,3809,30.083217912982647,3531,37.0,3719,2,4322,0,3283,0,3965,1.0,4350,0,3203,1,3860,0.5,4086,15.041608956491324,3595,30.083217912982647,3420,31.083217912982647,3536
32,Trang Nguyen,other,Oceania,Adelaide,4,3256,4,2824,50.51732376126036,3124,100.0,3122,6,3475,0,3283,0,3965,3.0,3545,0,3203,4,2882,2.0,3174,25.25866188063018,3250,50.51732376126036,2994,51.51732376126036,3176
33,Virginie Masson,multiple-field,Oceania,Adelaide,5,2944,2,3404,56.65686189686118,3033,102.0,3106,9,3018,0,3283,0,3965,4.5,3116,0,3203,2,3459,1.0,3730,28.32843094843059,3172,56.65686189686118,2896,57.65686189686118,3093
34,Yaping Shan,micro_theory,Oceania,Adelaide,2,3967,2,3404,17.05872210923198,3883,25.0,3909,4,3855,0,3283,1,2917,2.0,3907,0,3203,2,3459,1.0,3730,8.52936105461599,3913,17.05872210923198,3792,18.05872210923198,3859
35,Zhang Wei,labor,Oceania,Adelaide,9,1992,9,1961,150.18987981884797,2094,367.0,2096,13,2492,0,3283,0,3965,6.5,2616,0,3203,9,2003,4.5,2297,75.09493990942399,2370,150.18987981884797,1913,151.18987981884797,2277
36,Andrew Eckert,i_organization,North America,Alberta,13,1348,19,1100,175.77258034175864,1944,648.0,1622,44,790,0,3283,1,2917,22.0,892,0,3203,19,1119,9.5,1356,87.88629017087932,2244,175.77258034175864,1745,176.77258034175864,2153
37,Andrew Leach,multiple-field,North America,Alberta,10,1802,10,1828,142.765542061101,2145,432.0,1954,28,1363,0,3283,0,3965,14.0,1485,0,3203,10,1859,5.0,2147,71.3827710305505,2410,142.765542061101,1967,143.765542061101,2318
38,Andrew Mcgee,labor,North America,Alberta,8,2197,8,2100,85.12343978012167,2656,218.0,2544,18,1994,0,3283,3,2072,9.0,2114,0,3203,8,2146,4.0,2445,42.56171989006084,2835,85.12343978012167,2500,86.12343978012167,2762
39,Ashantha Ranasinghe,development,North America,Alberta,4,3256,3,3094,40.06245124802026,3334,79.0,3276,9,3018,0,3283,2,2431,4.5,3116,0,3203,3,3149,1.5,3437,20.03122562401013,3423,40.06245124802026,3218,41.06245124802026,3361
40,Beyza Ural-Marchand,multiple-field,North America,Alberta,6,2677,4,2824,124.93598360760602,2276,245.0,2452,10,2874,0,3283,1,2917,5.0,2983,0,3203,4,2882,2.0,3174,62.46799180380301,2517,124.93598360760602,2100,125.93598360760602,2434
41,Brendon Andrews,p_finance,North America,Alberta,0,4667,0,4385,0.0,4667,0.0,4667,2,4322,0,3283,1,2917,1.0,4350,0,3203,0,4408,0.5,4086,0.0,4667,0.0,4669,1.0,4669
42,Marco Brianti,multiple-field,North America,Alberta,3,3600,1,3809,11.832159566199232,4042,18.0,4028,5,3656,0,3283,3,2072,2.5,3719,0,3203,1,3860,2.0,3174,5.916079783099616,4060,11.832159566199232,3969,12.832159566199232,4013
43,Chetan Dave,macro,North America,Alberta,7,2425,6,2423,329.1200388915874,1311,568.0,1720,20,1840,0,3283,5,1568,10.0,1962,0,3203,6,2464,4.5,2297,164.5600194457937,1741,329.1200388915874,1105,330.1200388915874,1645
44,Claudia M. Landeo,multiple-field,North America,Alberta,8,2197,7,2254,61.04096984812741,2977,196.0,2630,19,1915,1,1576,3,2072,10.0,1962,1,1424,7,2299,4.5,2297,61.274472187876704,2534,49.54894437575342,3018,99.09788875150684,2654
45,Dana Anderson,multiple-field,North America,Alberta,5,2944,3,3094,132.00378782444085,2221,203.0,2600,7,3309,0,3283,0,3965,3.5,3382,0,3203,3,3149,1.5,3437,66.00189391222042,2466,132.00378782444085,2041,133.00378782444085,2378
46,David Brown,i_organization,North America,Alberta,13,1348,18,1155,105.47985589675405,2451,474.0,1877,40,899,0,3283,3,2072,20.0,1011,0,3203,18,1177,10.0,1294,52.73992794837702,2656,105.47985589675405,2271,106.47985589675405,2579
47,Pinar Gunes,labor,North America,Alberta,5,2944,4,2824,147.63807097087118,2106,249.0,2433,10,2874,0,3283,2,2431,5.0,2983,0,3203,4,2882,2.5,2945,73.81903548543559,2381,147.63807097087118,1929,148.63807097087118,2288
48,Haifang Huang,multiple-field,North America,Alberta,11,1625,11,1709,349.4395512817632,1249,1044.0,1242,18,1994,0,3283,0,3965,9.0,2114,0,3203,11,1737,5.5,2026,174.71977564088158,1686,349.4395512817632,1040,350.4395512817632,1585
49,Heather Eckert,i_organization,North America,Alberta,5,2944,4,2824,76.8830280361017,2746,135.0,2930,7,3309,0,3283,0,3965,3.5,3382,0,3203,4,2882,2.0,3174,38.44151401805085,2908,76.8830280361017,2601,77.8830280361017,2843
50,Dmytro Hryshko,multiple-field,North America,Alberta,6,2677,6,2423,78.01281945936834,2734,184.0,2679,12,2609,0,3283,3,2072,6.0,2731,0,3203,6,2464,4.0,2445,39.00640972968417,2901,78.01281945936834,2589,79.01281945936834,2834
51,Jeffrey Penney,multiple-field,North America,Alberta,3,3600,1,3809,23.95829710142188,3677,44.0,3644,10,2874,0,3283,1,2917,5.0,2983,0,3203,1,3860,1.0,3730,11.97914855071094,3723,23.95829710142188,3573,24.95829710142188,3663
52,Jiatong Zhong,labor,North America,Alberta,1,4388,0,4385,3.1622776601683795,4423,4.0,4413,3,4085,0,3283,0,3965,1.5,4125,0,3203,0,4408,0.0,4504,1.5811388300841898,4427,3.1622776601683795,4383,4.16227766016838,4392
53,Tilman Klumpp,multiple-field,North America,Alberta,9,1992,9,1961,179.0335164152232,1924,399.0,2019,23,1634,0,3283,4,1786,11.5,1753,0,3203,9,2003,5.0,2147,89.5167582076116,2228,179.0335164152232,1727,180.0335164152232,2138
54,Kenichi Shimizu,econometrics,North America,Alberta,0,4667,0,4385,0.0,4667,0.0,4667,1,4577,0,3283,1,2917,0.5,4588,0,3203,0,4408,0.5,4086,0.0,4667,0.0,4669,1.0,4669
55,Corinne Langinier,multiple-field,North America,Alberta,8,2197,8,2100,91.3892772703669,2586,246.0,2447,17,2079,0,3283,1,2917,8.5,2203,0,3203,8,2146,4.0,2445,45.69463863518345,2776,91.3892772703669,2427,92.3892772703669,2703
56,Li Zhou,multiple-field,North America,Alberta,4,3256,4,2824,182.76761201044343,1904,264.0,2366,7,3309,0,3283,0,3965,3.5,3382,0,3203,4,2882,2.0,3174,91.38380600522171,2212,182.76761201044343,1705,183.76761201044343,2122
57,Laurel Wheeler,finance,North America,Alberta,2,3967,1,3809,21.14237451186597,3759,25.0,3909,6,3475,0,3283,0,3965,3.0,3545,0,3203,1,3860,0.5,4086,10.571187255932989,3797,21.14237451186597,3663,22.14237451186597,3742
58,Martin Alfaro,i_trade,North America,Alberta,3,3600,0,4385,7.416198487095663,4198,19.0,4007,9,3018,0,3283,0,3965,4.5,3116,0,3203,0,4408,0.0,4504,3.708099243547832,4215,7.416198487095663,4145,8.416198487095663,4172
59,Joseph Marchand,labor,North America,Alberta,11,1625,11,1709,174.9085475327035,1950,471.0,1885,23,1634,0,3283,0,3965,11.5,1753,0,3203,11,1737,5.5,2026,87.45427376635175,2250,174.9085475327035,1755,175.9085475327035,2159
60,Runjuan Liu,i_trade,North America,Alberta,8,2197,8,2100,156.6748224827461,2052,373.0,2084,10,2874,0,3283,0,3965,5.0,2983,0,3203,8,2146,4.0,2445,78.33741124137305,2342,156.6748224827461,1871,157.6748224827461,2245
61,Sebastian Fossati,multiple-field,North America,Alberta,4,3256,0,4385,13.856406460551018,3990,36.0,3736,11,2737,0,3283,0,3965,5.5,2853,0,3203,0,4408,0.0,4504,6.928203230275509,4011,13.856406460551018,3911,14.856406460551018,3959
62,Malik Shukayev,macro,North America,Alberta,7,2425,3,3094,26.795522013948524,3611,80.0,3267,15,2273,0,3283,2,2431,7.5,2418,0,3203,3,3149,1.5,3437,13.397761006974262,3666,26.795522013948524,3499,27.795522013948524,3605
63,Rick Szostak,other,North America,Alberta,11,1625,11,1709,116.30133275246678,2352,480.0,1869,95,222,0,3283,0,3965,47.5,249,0,3203,11,1737,5.5,2026,58.15066637623339,2577,116.30133275246678,2169,117.30133275246678,2497
64,Vera Brencic,labor,North America,Alberta,8,2197,7,2254,61.73329733620261,2967,165.0,2773,18,1994,0,3283,0,3965,9.0,2114,0,3203,7,2299,3.5,2589,30.866648668101305,3112,61.73329733620261,2832,62.73329733620261,3036
65,Valentina Galvani,finance,North America,Alberta,5,2944,2,3404,42.16633728461603,3304,98.0,3139,18,1994,0,3283,0,3965,9.0,2114,0,3203,2,3459,1.0,3730,21.083168642308014,3400,42.16633728461603,3184,43.16633728461603,3333
66,Xingfei Liu,labor,North America,Alberta,6,2677,5,2603,48.68264577855234,3167,112.0,3057,11,2737,0,3283,0,3965,5.5,2853,0,3203,5,2654,2.5,2945,24.34132288927617,3282,48.68264577855234,3038,49.68264577855234,3209
67,Xuejuan Su,multiple-field,North America,Alberta,9,1992,9,1961,277.4130494407212,1468,542.0,1757,17,2079,0,3283,3,2072,8.5,2203,0,3203,9,2003,5.0,2147,138.7065247203606,1879,277.4130494407212,1281,278.4130494407212,1794
68,Gérard Kampschöer,finance,Europe,Amsterdam,0,4667,0,4385,0.0,4667,0.0,4667,2,4322,0,3283,0,3965,1.0,4350,0,3203,0,4408,0.0,4504,0.0,4667,0.0,4669,1.0,4669
69,Roel Beetsma,multiple-field,Europe,Amsterdam,26,451,56,237,485.0804057061056,947,2679.0,599,111,151,1,1576,21,355,56.0,184,1,1424,56,241,31.0,292,265.2674142347666,1413,485.5348284695333,766,971.0696569390664,954
70,Thomas Douenne,p_finance,Europe,Amsterdam,4,3256,4,2824,243.51385997515624,1612,399.0,2019,7,3309,0,3283,0,3965,3.5,3382,0,3203,4,2882,2.0,3174,121.75692998757812,1981,243.51385997515624,1420,244.51385997515624,1894
71,Massimo Giuliodori,finance,Europe,Amsterdam,3,3600,2,3404,121.21056059601408,2314,142.0,2879,3,4085,0,3283,1,2917,1.5,4125,0,3203,2,3459,1.0,3730,60.60528029800704,2548,121.21056059601408,2133,122.21056059601408,2465
72,Franc Klaassen,multiple-field,Europe,Amsterdam,15,1141,16,1280,402.2312767550529,1122,1172.0,1139,22,1700,0,3283,4,1786,11.0,1825,0,3203,16,1309,8.5,1487,201.1156383775265,1577,402.2312767550529,913,403.2312767550529,1486
73,Charan Van Krevel,development,Europe,Amsterdam,3,3600,1,3809,29.393876913398135,3548,40.0,3695,3,4085,0,3283,0,3965,1.5,4125,0,3203,1,3860,0.5,4086,14.696938456699067,3608,29.393876913398135,3434,30.393876913398135,3549
74,Ward Romp,multiple-field,Europe,Amsterdam,10,1802,11,1709,271.89152248645047,1495,525.0,1782,18,1994,0,3283,2,2431,9.0,2114,0,3203,11,1737,5.5,2026,135.94576124322523,1898,271.89152248645047,1312,272.89152248645047,1811
75,Christian Stoltenberg,macro,Europe,Amsterdam,2,3967,0,4385,5.291502622129181,4301,14.0,4102,8,3159,0,3283,6,1392,4.0,3242,0,3203,0,4408,3.0,2752,2.6457513110645907,4310,5.291502622129181,4254,6.291502622129181,4267
76,Dirk Veestraeten,multiple-field,Europe,Amsterdam,7,2425,5,2603,38.60051813123757,3355,120.0,3002,20,1840,0,3283,0,3965,10.0,1962,0,3203,5,2654,2.5,2945,19.300259065618786,3446,38.60051813123757,3243,39.60051813123757,3382
77,Marcelo Zouain Pedroni,macro,Europe,Amsterdam,2,3967,2,3404,20.92844953645635,3769,32.0,3798,5,3656,3,924,5,1568,4.0,3242,2,1039,3,3149,4.0,2445,81.52557647499472,2310,4.0,4349,8.0,4195
78,Ton Van Den Bremer,other,Europe,Amsterdam,23,568,43,396,703.3242495463952,682,2077.0,747,84,277,1,1576,2,2431,42.5,312,1,1424,43,408,22.0,518,403.662230643678,1194,702.3244612873559,530,1404.6489225747118,793
79,Neeltje Van Horen,i_finance,Europe,Amsterdam,16,1038,16,1280,552.7865772610619,844,1713.0,851,21,1766,1,1576,5,1568,11.0,1825,1,1424,16,1309,8.5,1487,395.1175393763848,1205,539.2350787527695,696,1078.470157505539,910
80,Aerdt Houben,finance,Europe,Amsterdam,5,2944,3,3094,78.95568377260753,2720,146.0,2856,11,2737,0,3283,1,2917,5.5,2853,0,3203,3,3149,1.5,3437,39.47784188630376,2887,78.95568377260753,2573,79.95568377260753,2822
81,Klaas Knot,multiple-field,Europe,Amsterdam,7,2425,7,2254,52.744667976962376,3088,142.0,2879,25,1518,0,3283,0,3965,12.5,1623,0,3203,7,2299,3.5,2589,26.372333988481188,3219,52.744667976962376,2949,53.744667976962376,3144
82,Paul Van Den Noord,multiple-field,Europe,Amsterdam,7,2425,5,2603,64.62197768561404,2915,164.0,2777,26,1461,0,3283,0,3965,13.0,1571,0,3203,5,2654,2.5,2945,32.31098884280702,3071,64.62197768561404,2777,65.62197768561404,2994
83,Gerard Pfann,labor,Europe,Amsterdam,19,797,29,665,702.2499555001766,685,1851.0,809,50,671,1,1576,13,700,25.5,733,1,1424,29,684,15.5,820,434.48206553566,1163,697.9641310713199,539,1395.9282621426398,799
84,Rick Van Der Ploeg,multiple-field,Europe,Amsterdam,38,176,103,63,1501.405674692886,301,6463.0,254,177,54,2,1169,26,250,89.5,61,2,1039,103,65,55.0,85,927.854575748098,872,1501.9046636369926,220,4502.713990910977,416
85,Sweder Van Wijnbergen,multiple-field,Europe,Amsterdam,23,568,41,427,477.8629510644239,958,1965.0,771,80,301,4,749,20,383,42.0,319,4,656,41,434,26.0,403,707.6936247134092,956,475.392617676603,778,2361.963088383015,607
86,Terence Dores Cruz,behavior-experiment,Europe,Amsterdam,9,1992,8,2100,131.63965967746955,2225,317.0,2228,11,2737,0,3283,0,3965,5.5,2853,0,3203,8,2146,4.0,2445,65.81982983873478,2470,131.63965967746955,2045,132.63965967746955,2383
87,Jan Engelmann,behavior-experiment,Europe,Amsterdam,22,617,36,503,556.0323731582541,841,2232.0,708,54,596,2,1169,2,2431,28.0,646,1,1424,37,494,19.5,610,634.9355157323561,1004,473.8813410169976,780,1418.644023050993,791
88,Jan Hausfeld,behavior-experiment,Europe,Amsterdam,6,2677,2,3404,28.03569153775237,3583,72.0,3336,12,2609,0,3283,2,2431,6.0,2731,0,3203,2,3459,2.0,3174,14.017845768876189,3642,28.03569153775237,3472,29.03569153775237,3581
89,Natalie Lee,behavior-experiment,Europe,Amsterdam,1,4388,0,4385,3.0,4440,3.0,4453,2,4322,0,3283,1,2917,1.0,4350,0,3203,0,4408,0.5,4086,1.5,4444,3.0,4407,4.0,4412
90,Jantsje Mol,behavior-experiment,Europe,Amsterdam,9,1992,9,1961,100.59821071967431,2498,308.0,2251,12,2609,0,3283,0,3965,6.0,2731,0,3203,9,2003,4.5,2297,50.29910535983717,2701,100.59821071967431,2332,101.59821071967431,2628
91,Theo Offerman,behavior-experiment,Europe,Amsterdam,24,528,35,527,438.9840543801107,1041,1939.0,780,55,582,5,627,27,228,30.0,588,5,545,35,538,25.0,431,2091.3187516682838,626,390.87174034904393,934,2321.230442094264,613
92,Hagai Rabinovitch,behavior-experiment,Europe,Amsterdam,2,3967,0,4385,4.242640687119285,4365,8.0,4272,4,3855,0,3283,0,3965,2.0,3907,0,3203,0,4408,0.0,4504,2.1213203435596424,4370,4.242640687119285,4326,5.242640687119285,4338
93,Giorgia Romagnoli,behavior-experiment,Europe,Amsterdam,4,3256,0,4385,11.357816691600547,4052,31.0,3809,9,3018,0,3283,2,2431,4.5,3116,0,3203,0,4408,1.0,3730,5.678908345800274,4069,11.357816691600547,3980,12.357816691600547,4023
94,Arthur Schram,behavior-experiment,Europe,Amsterdam,25,490,49,305,538.5907537267976,871,2660.0,606,78,323,1,1576,28,209,39.5,366,1,1424,49,313,28.5,340,393.9554559690217,1207,522.9109119380433,716,1045.821823876087,924
95,Shaul Shalvi,behavior-experiment,Europe,Amsterdam,33,250,58,227,1289.9709299050114,355,5193.0,333,86,268,0,3283,1,2917,43.0,305,0,3203,58,228,29.5,320,644.9854649525057,998,1289.9709299050114,272,1290.9709299050114,837
96,Joep Sonnemans,behavior-experiment,Europe,Amsterdam,28,386,53,259,601.9401963650542,793,3192.0,528,74,360,2,1169,21,355,38.0,399,2,1039,53,270,29.0,327,819.764093115929,912,573.5618951609703,657,1717.685685482911,726
97,Aljaz Ule,behavior-experiment,Europe,Amsterdam,7,2425,6,2423,1015.0389155101394,496,1588.0,906,15,2273,0,3283,2,2431,7.5,2418,0,3203,6,2464,3.5,2589,507.5194577550697,1085,1015.0389155101394,363,1016.0389155101394,936
98,Matthijs Van Veelen,other,Europe,Amsterdam,19,797,27,733,277.62024421860883,1466,1041.0,1244,39,924,2,1169,6,1392,20.5,981,2,1039,27,755,15.5,820,200.2271824069061,1581,278.7453703316462,1275,833.2361109949386,1039
99,Ailko Van Der Veen,behavior-experiment,Europe,Amsterdam,3,3600,2,3404,28.08914381037628,3581,45.0,3632,4,3855,0,3283,1,2917,2.0,3907,0,3203,2,3459,1.5,3437,14.04457190518814,3640,28.08914381037628,3470,29.08914381037628,3579
100,Joël Van Der Weele,behavior-experiment,Europe,Amsterdam,13,1348,16,1280,320.8722487221355,1327,955.0,1312,25,1518,2,1169,7,1234,13.5,1526,1,1424,17,1241,10.0,1294,231.586183612492,1483,321.172367224984,1133,960.5171016749518,962
101,Frans Van Winden,multiple-field,Europe,Amsterdam,26,451,44,375,666.7945710636823,726,2771.0,585,80,301,0,3283,26,250,40.0,354,0,3203,44,387,27.0,375,333.39728553184113,1293,666.7945710636823,561,667.7945710636823,1166
102,Adam Booij,behavior-experiment,Europe,Amsterdam,4,3256,4,2824,208.66719914735043,1752,370.0,2090,4,3855,0,3283,0,3965,2.0,3907,0,3203,4,2882,2.0,3174,104.33359957367522,2091,208.66719914735043,1560,209.66719914735043,2002
103,Zichen Deng,development,Europe,Amsterdam,3,3600,1,3809,17.916472867168917,3860,27.0,3874,3,4085,0,3283,1,2917,1.5,4125,0,3203,1,3860,1.0,3730,8.958236433584458,3891,17.916472867168917,3767,18.91647286716892,3840
104,Monique De Haan,labor,Europe,Amsterdam,7,2425,5,2603,141.84851074297538,2152,281.0,2322,9,3018,1,1576,6,1392,5.0,2983,0,3203,6,2464,4.5,2297,77.83784299369935,2348,142.6756859873987,1970,285.3513719747974,1770
105,Hessel Oosterbeek,labor,Europe,Amsterdam,29,352,59,219,1447.6228790676114,314,5504.0,309,81,293,3,924,23,303,42.0,319,2,1039,60,218,34.0,243,2073.5419736304925,630,1359.4121792434628,259,5429.648716973851,382
106,Erik Plug,labor,Europe,Amsterdam,29,352,59,219,1447.6228790676114,314,5504.0,309,81,293,3,924,23,303,42.0,319,2,1039,60,218,34.0,243,2073.5419736304925,630,1359.4121792434628,259,5429.648716973851,382
107,Menno Pradhan,development,Europe,Amsterdam,22,617,30,633,331.27179173603054,1306,1537.0,934,46,750,2,1169,8,1097,24.0,802,2,1039,30,649,16.5,766,473.0053538058352,1117,313.42896461312006,1156,937.28689383936,975
108,Silvia Dominguez Martinez,multiple-field,Europe,Amsterdam,4,3256,2,3404,28.809720581775867,3560,52.0,3533,6,3475,0,3283,3,2072,3.0,3545,0,3203,2,3459,2.0,3174,14.404860290887934,3622,28.809720581775867,3448,29.809720581775867,3562
109,Maarten Pieter Schinkel,i_organization,Europe,Amsterdam,11,1625,13,1510,82.90958931269651,2675,306.0,2254,28,1363,0,3283,3,2072,14.0,1485,0,3203,13,1535,7.5,1649,41.454794656348255,2851,82.90958931269651,2524,83.90958931269651,2782
110,Jo Seldeslachts,i_organization,Europe,Amsterdam,8,2197,7,2254,74.75292636412303,2777,238.0,2476,20,1840,0,3283,2,2431,10.0,1962,0,3203,7,2299,4.0,2445,37.37646318206152,2938,74.75292636412303,2634,75.75292636412303,2871
111,Randolph Sloof,behavior-experiment,Europe,Amsterdam,18,872,26,777,638.2577849113945,752,1643.0,881,52,637,0,3283,20,383,26.0,718,0,3203,26,797,17.5,716,319.12889245569727,1318,638.2577849113945,591,639.2577849113945,1193
112,Jeroen Van De Ven,behavior-experiment,Europe,Amsterdam,13,1348,16,1280,163.90546055577283,2010,533.0,1771,23,1634,0,3283,10,906,11.5,1753,0,3203,16,1309,9.0,1418,81.95273027788642,2302,163.90546055577283,1822,164.90546055577283,2210
113,Katrien Antonio,other,Europe,Amsterdam,20,726,27,733,241.0082986123092,1621,1127.0,1177,52,637,0,3283,0,3965,26.0,718,0,3203,27,755,13.5,969,120.5041493061546,1989,241.0082986123092,1430,242.0082986123092,1903
114,Frank Van Berkum,other,Europe,Amsterdam,3,3600,1,3809,42.485291572496,3295,51.0,3547,4,3855,0,3283,0,3965,2.0,3907,0,3203,1,3860,0.5,4086,21.242645786248,3392,42.485291572496,3175,43.485291572496,3324
115,Servaas Van Bilsen,finance,Europe,Amsterdam,4,3256,2,3404,40.53393639902249,3327,67.0,3375,7,3309,0,3283,0,3965,3.5,3382,0,3203,2,3459,1.0,3730,20.266968199511243,3418,40.53393639902249,3210,41.53393639902249,3355
116,Umut Can,econometrics,Europe,Amsterdam,4,3256,1,3809,13.784048752090222,3992,26.0,3893,5,3656,0,3283,1,2917,2.5,3719,0,3203,1,3860,1.0,3730,6.892024376045111,4012,13.784048752090222,3912,14.784048752090222,3961
117,Rob Kaas,other,Europe,Amsterdam,25,490,35,527,907.1444206960654,552,3203.0,526,75,352,0,3283,0,3965,37.5,409,0,3203,35,538,17.5,716,453.5722103480327,1141,907.1444206960654,414,908.1444206960654,995
118,Torsten Kleinow,multiple-field,Europe,Amsterdam,10,1802,11,1709,101.9803902718557,2489,320.0,2217,36,1023,0,3283,0,3965,18.0,1148,0,3203,11,1737,5.5,2026,50.99019513592785,2689,101.9803902718557,2319,102.9803902718557,2614
119,Roger Laeven,multiple-field,Europe,Amsterdam,19,797,27,733,408.8936291995756,1108,1266.0,1078,51,654,0,3283,8,1097,25.5,733,0,3203,27,755,15.5,820,204.44681459978776,1570,408.8936291995756,897,409.8936291995756,1473
120,Hans Schumacher,finance,Europe,Amsterdam,1,4388,1,3809,67.0,2884,67.0,3375,4,3855,0,3283,0,3965,2.0,3907,0,3203,1,3860,0.5,4086,33.5,3038,67.0,2737,68.0,2965
121,Irene Simonetti,labor,Europe,Amsterdam,2,3967,1,3809,15.264337522473747,3954,21.0,3971,6,3475,0,3283,0,3965,3.0,3545,0,3203,1,3860,0.5,4086,7.632168761236874,3979,15.264337522473747,3870,16.264337522473745,3926
122,Andrey Ugarte Montero,finance,Europe,Amsterdam,2,3967,0,4385,8.48528137423857,4156,12.0,4154,4,3855,0,3283,0,3965,2.0,3907,0,3203,0,4408,0.0,4504,4.242640687119285,4172,8.48528137423857,4100,9.48528137423857,4132
123,Michel Vellekoop,multiple-field,Europe,Amsterdam,10,1802,12,1604,82.58329128825031,2677,302.0,2262,33,1137,0,3283,2,2431,16.5,1262,0,3203,12,1632,6.0,1923,41.291645644125154,2853,82.58329128825031,2527,83.58329128825031,2786
124,Robert Verschuren,other,Europe,Amsterdam,4,3256,2,3404,59.64897316802696,2993,90.0,3198,7,3309,0,3283,0,3965,3.5,3382,0,3203,2,3459,1.0,3730,29.82448658401348,3138,59.64897316802696,2857,60.64897316802696,3060
125,Marco Zullino,finance,Europe,Amsterdam,2,3967,0,4385,9.219544457292889,4118,13.0,4130,3,4085,0,3283,0,3965,1.5,4125,0,3203,0,4408,0.0,4504,4.609772228646444,4136,9.219544457292889,4060,10.219544457292889,4092
126,Cees Diks,multiple-field,Europe,Amsterdam,19,797,24,859,1353.7326176169354,339,3604.0,472,37,989,0,3283,0,3965,18.5,1111,0,3203,24,876,12.0,1098,676.8663088084677,981,1353.7326176169354,261,1354.7326176169354,809
127,Cars Hommes,multiple-field,Europe,Amsterdam,44,113,88,96,1901.3992216260108,227,8315.0,184,121,122,1,1576,16,541,61.0,147,1,1424,88,98,45.5,136,1896.4837915764813,660,1527.9675831529628,214,3055.9351663059256,535
128,Maurice Koster,micro_theory,Europe,Amsterdam,6,2677,4,2824,39.42080668885405,3344,122.0,2988,18,1994,0,3283,0,3965,9.0,2114,0,3203,4,2882,2.0,3174,19.710403344427025,3433,39.42080668885405,3231,40.42080668885405,3370
129,Simon Trimborn,finance,Europe,Amsterdam,7,2425,5,2603,167.52611736681538,1991,361.0,2108,9,3018,0,3283,0,3965,4.5,3116,0,3203,5,2654,2.5,2945,83.76305868340769,2289,167.52611736681538,1800,168.52611736681538,2193
130,Jan Tuinstra,multiple-field,Europe,Amsterdam,18,872,28,696,380.1775900812672,1171,1361.0,1024,50,671,0,3283,6,1392,25.0,750,0,3203,28,718,15.5,820,190.0887950406336,1626,380.1775900812672,967,381.1775900812672,1525
131,Florian Wagener,multiple-field,Europe,Amsterdam,17,948,24,859,284.9596462659231,1432,1126.0,1178,49,693,0,3283,0,3965,24.5,776,0,3203,24,876,12.0,1098,142.47982313296154,1852,284.9596462659231,1246,285.9596462659231,1766
132,Sander Barendse,econometrics,Europe,Amsterdam,2,3967,0,4385,9.219544457292889,4118,13.0,4130,2,4322,0,3283,1,2917,1.0,4350,0,3203,0,4408,0.5,4086,4.609772228646444,4136,9.219544457292889,4060,10.219544457292889,4092
133,Peter Boswijk,econometrics,Europe,Amsterdam,14,1239,17,1215,547.1983187108674,861,1288.0,1063,40,899,0,3283,19,415,20.0,1011,0,3203,17,1241,13.5,969,273.5991593554337,1401,547.1983187108674,686,548.1983187108674,1282
134,Maurice Bun,econometrics,Europe,Amsterdam,12,1477,16,1280,503.75787835030434,918,1358.0,1026,29,1320,0,3283,3,2072,14.5,1436,0,3203,16,1309,8.5,1487,251.87893917515217,1437,503.75787835030434,741,504.75787835030434,1328
135,Kees Jan Van Garderen,econometrics,Europe,Amsterdam,6,2677,4,2824,40.58324777540605,3325,87.0,3214,11,2737,0,3283,3,2072,5.5,2853,0,3203,4,2882,2.5,2945,20.291623887703025,3416,40.58324777540605,3208,41.58324777540605,3353
136,Noud Van Giersbergen,econometrics,Europe,Amsterdam,6,2677,4,2824,42.36744032862972,3297,101.0,3112,13,2492,0,3283,1,2917,6.5,2616,0,3203,4,2882,2.0,3174,21.18372016431486,3393,42.36744032862972,3176,43.36744032862972,3325
137,Yi He,econometrics,Europe,Amsterdam,4,3256,2,3404,17.72004514666935,3865,36.0,3736,6,3475,0,3283,4,1786,3.0,3545,0,3203,2,3459,2.5,2945,8.860022573334675,3895,17.72004514666935,3773,18.72004514666935,3844
138,Arturas Juodis,econometrics,Europe,Amsterdam,11,1625,12,1604,341.098226321979,1280,686.0,1572,19,1915,0,3283,5,1568,9.5,2035,0,3203,12,1632,6.0,1923,170.5491131609895,1708,341.098226321979,1070,342.098226321979,1614
139,Bart Keijsers,macro,Europe,Amsterdam,2,3967,0,4385,6.324555320336759,4256,8.0,4272,3,4085,0,3283,0,3965,1.5,4125,0,3203,0,4408,0.0,4504,3.1622776601683795,4269,6.324555320336759,4207,7.324555320336759,4227
140,Jan Kiviet,econometrics,Europe,Amsterdam,19,797,26,777,1123.7375138349703,430,2354.0,680,43,813,2,1169,12,763,22.5,866,2,1039,26,797,14.5,901,859.5961521507505,898,1119.5580521834202,324,3355.6741565502607,506
141,Frank Kleibergen,econometrics,Europe,Amsterdam,18,872,21,998,1614.3673683520738,277,2868.0,572,36,1023,3,924,21,355,19.5,1041,3,816,21,1017,15.5,820,1973.4810196638305,647,1591.2622579410493,197,6357.049031764197,334
142,Hans Van Ophem,labor,Europe,Amsterdam,10,1802,10,1828,103.92785959500948,2463,299.0,2269,19,1915,0,3283,3,2072,9.5,2035,0,3203,10,1859,5.5,2026,51.96392979750473,2668,103.92785959500948,2290,104.92785959500948,2591
143,Mario Rothfelder,other,Europe,Amsterdam,1,4388,0,4385,1.0,4570,1.0,4570,1,4577,0,3283,0,3965,0.5,4588,0,3203,0,4408,0.0,4504,0.5,4572,1.0,4561,2.0,4561
144,Lina Zhang,econometrics,Europe,Amsterdam,2,3967,0,4385,4.47213595499958,4357,6.0,4335,6,3475,0,3283,2,2431,3.0,3545,0,3203,0,4408,1.0,3730,2.23606797749979,4362,4.47213595499958,4318,5.47213595499958,4330
145,Patrick Beissner,micro_theory,Oceania,ANU,6,2677,2,3404,26.057628441590765,3627,65.0,3397,12,2609,1,1576,2,2431,6.5,2616,1,1424,2,3459,2.0,3174,26.87420882906575,3206,20.748417658131498,3678,41.496835316263,3357
146,Alison Booth,labor,Oceania,ANU,33,250,67,173,1153.6576615270233,413,5514.0,306,84,277,2,1169,19,415,43.0,305,1,1424,68,173,35.5,221,768.4320877466091,927,1145.7289888780472,317,3434.1869666341418,498
147,Markus Brueckner,multiple-field,Oceania,ANU,21,669,32,583,482.2198668657276,952,2004.0,764,59,532,1,1576,24,285,30.0,588,1,1424,32,600,20.0,589,463.7405978091216,1127,406.4811956182432,904,812.9623912364864,1054
148,Evan Calford,behavior-experiment,Oceania,ANU,3,3600,3,3094,34.49637662132068,3434,66.0,3386,8,3159,1,1576,3,2072,4.5,3116,1,1424,3,3149,3.0,2752,35.28533025558642,2987,27.570660511172846,3489,55.14132102234569,3130
149,Elena Capatina,multiple-field,Oceania,ANU,2,3967,1,3809,44.7213595499958,3230,52.0,3533,3,4085,0,3283,2,2431,1.5,4125,0,3203,1,3860,1.0,3730,22.360679774997894,3336,44.7213595499958,3101,45.7213595499958,3269
150,Bruce Chapman,multiple-field,Oceania,ANU,19,797,40,441,222.48595461286988,1696,1224.0,1103,88,257,0,3283,1,2917,44.0,295,0,3203,40,448,20.0,589,111.24297730643494,2042,222.48595461286988,1496,223.48595461286988,1952
151,Paul Chen,labor,Oceania,ANU,1,4388,1,3809,15.0,3958,15.0,4081,1,4577,0,3283,1,2917,0.5,4588,0,3203,1,3860,0.5,4086,7.5,3982,15.0,3876,16.0,3930
152,Yijuan Chen,i_organization,Oceania,ANU,6,2677,3,3094,32.17141588429082,3490,83.0,3240,11,2737,0,3283,3,2072,5.5,2853,0,3203,3,3149,2.0,3174,16.08570794214541,3563,32.17141588429082,3383,33.17141588429082,3499
153,Ashley Craig,p_finance,Oceania,ANU,2,3967,1,3809,31.20897306865447,3505,36.0,3736,3,4085,0,3283,0,3965,1.5,4125,0,3203,1,3860,0.5,4086,15.604486534327236,3573,31.20897306865447,3395,32.20897306865447,3514
154,Damien Eldridge,multiple-field,Oceania,ANU,2,3967,1,3809,15.84297951775486,3933,21.0,3971,4,3855,0,3283,0,3965,2.0,3907,0,3203,1,3860,0.5,4086,7.92148975887743,3961,15.84297951775486,3850,16.84297951775486,3908
155,Tue Gorgens,econometrics,Oceania,ANU,7,2425,5,2603,111.0810514894417,2393,257.0,2396,23,1634,0,3283,3,2072,11.5,1753,0,3203,5,2654,2.5,2945,55.54052574472085,2610,111.0810514894417,2211,112.0810514894417,2532
156,Simon Grant,micro_theory,Oceania,ANU,17,948,31,605,279.3385043276347,1456,1134.0,1171,74,360,7,445,30,187,40.5,343,4,656,34,558,27.0,375,977.8800277135018,857,270.0893384384856,1316,2112.7147075078847,648
157,Bob Gregory,labor,Oceania,ANU,15,1141,19,1100,386.2861633556138,1153,1185.0,1127,33,1137,0,3283,1,2917,16.5,1262,0,3203,19,1119,9.5,1356,193.1430816778069,1610,386.2861633556138,947,387.2861633556138,1512
158,Dana Hanna,p_finance,Oceania,ANU,1,4388,1,3809,20.0,3796,20.0,3989,1,4577,0,3283,0,3965,0.5,4588,0,3203,1,3860,0.5,4086,10.0,3830,20.0,3699,21.0,3778
159,Tim Hatton,history,Oceania,ANU,32,272,67,173,534.7644341202956,874,3369.0,507,98,208,1,1576,7,1234,49.5,228,1,1424,67,179,34.5,235,339.73949459799155,1279,530.4789891959831,706,1060.9579783919662,917
160,Timo Henckel,multiple-field,Oceania,ANU,4,3256,2,3404,27.65863337187866,3597,55.0,3490,16,2168,0,3283,0,3965,8.0,2304,0,3203,2,3459,1.0,3730,13.82931668593933,3653,27.65863337187866,3486,28.65863337187866,3593
161,Fedor Iskhakov,multiple-field,Oceania,ANU,13,1348,16,1280,205.6307370020348,1773,684.0,1575,53,615,0,3283,1,2917,26.5,696,0,3203,16,1309,8.0,1567,102.8153685010174,2104,205.6307370020348,1576,206.6307370020348,2016
163,Timothy Kam,macro,Oceania,ANU,5,2944,3,3094,38.09199390948182,3368,91.0,3190,19,1915,0,3283,4,1786,9.5,2035,0,3203,3,3149,3.0,2752,19.04599695474091,3457,38.09199390948182,3257,39.09199390948182,3394
164,Tina Kao,i_organization,Oceania,ANU,3,3600,1,3809,18.33030277982336,3848,32.0,3798,7,3309,0,3283,0,3965,3.5,3382,0,3203,1,3860,0.5,4086,9.16515138991168,3877,18.33030277982336,3753,19.33030277982336,3829
165,Cagri Kumru,p_finance,Oceania,ANU,7,2425,6,2423,109.52625256074454,2414,220.0,2532,15,2273,0,3283,2,2431,7.5,2418,0,3203,6,2464,3.5,2589,54.76312628037227,2629,109.52625256074454,2230,110.52625256074454,2549
166,Ruitian Lang,micro_theory,Oceania,ANU,2,3967,0,4385,10.63014581273465,4079,15.0,4081,2,4322,0,3283,1,2917,1.0,4350,0,3203,0,4408,0.5,4086,5.315072906367325,4095,10.63014581273465,4014,11.63014581273465,4052
168,Sephorah Mangin,micro_theory,Oceania,ANU,5,2944,1,3809,18.520259177452136,3845,43.0,3658,7,3309,0,3283,4,1786,3.5,3382,0,3203,1,3860,2.0,3174,9.260129588726068,3874,18.520259177452136,3749,19.520259177452136,3826
169,Martine Mariotti,multiple-field,Oceania,ANU,10,1802,10,1828,81.49846624323675,2687,268.0,2357,30,1275,0,3283,0,3965,15.0,1386,0,3203,10,1859,5.0,2147,40.74923312161837,2866,81.49846624323675,2538,82.49846624323675,2795
170,Kieron Meagher,multiple-field,Oceania,ANU,8,2197,6,2423,101.57755657624377,2492,268.0,2357,24,1571,0,3283,1,2917,12.0,1681,0,3203,6,2464,3.0,2752,50.78877828812188,2693,101.57755657624377,2322,102.57755657624377,2619
171,Juergen Meinecke,labor,Oceania,ANU,5,2944,1,3809,20.049937655763426,3792,40.0,3695,5,3656,0,3283,2,2431,2.5,3719,0,3203,1,3860,1.0,3730,10.024968827881713,3825,20.049937655763426,3695,21.049937655763426,3773
172,Idione Meneghel,micro_theory,Oceania,ANU,3,3600,2,3404,52.11525688318153,3103,70.0,3350,4,3855,1,1576,2,2431,2.5,3719,1,1424,2,3459,2.0,3174,57.34846922834954,2588,15.696938456699067,3856,31.393876913398135,3528
173,Xin Meng,labor,Oceania,ANU,33,250,55,243,806.2946111688952,610,4113.0,420,75,352,2,1169,9,991,38.5,391,1,1424,56,241,29.0,327,539.7562223834682,1053,795.5124447669363,469,2383.5373343008087,605
174,Rohan Pitchford,micro_theory,Oceania,ANU,9,1992,9,1961,97.14936952960632,2534,300.0,2268,19,1915,1,1576,2,2431,10.0,1962,1,1424,9,2003,5.0,2147,96.96793553679744,2153,78.93587107359485,2574,157.8717421471897,2244
175,Michael Price,behavior-experiment,Oceania,ANU,18,872,25,816,614.7918346887831,777,1851.0,809,37,989,3,924,11,832,20.0,1011,3,816,25,834,15.0,864,2031.682656258348,635,482.5091240007848,769,1922.036496003139,679
176,Maria Racionero,p_finance,Oceania,ANU,7,2425,4,2824,89.46507698538016,2606,204.0,2595,19,1915,0,3283,1,2917,9.5,2035,0,3203,4,2882,2.5,2945,44.73253849269008,2795,89.46507698538016,2449,90.46507698538016,2721
177,Martin Richardson,i_trade,Oceania,ANU,11,1625,12,1604,154.4312144613258,2069,513.0,1805,59,532,0,3283,3,2072,29.5,601,0,3203,12,1632,6.5,1818,77.2156072306629,2356,154.4312144613258,1886,155.4312144613258,2256
178,Jose Rodrigues-Neto,micro_theory,Oceania,ANU,6,2677,3,3094,31.25699921617557,3504,83.0,3240,15,2273,0,3283,3,2072,7.5,2418,0,3203,3,3149,2.0,3174,15.628499608087784,3572,31.25699921617557,3394,32.25699921617557,3513
179,Sutanuka Roy,behavior-experiment,Oceania,ANU,1,4388,0,4385,2.23606797749979,4467,3.0,4453,2,4322,0,3283,2,2431,1.0,4350,0,3203,0,4408,1.0,3730,1.118033988749895,4470,2.23606797749979,4440,3.23606797749979,4442
180,Kailing Shen,labor,Oceania,ANU,8,2197,7,2254,180.78993334807112,1918,343.0,2159,9,3018,2,1169,4,1786,5.5,2853,2,1039,7,2299,4.5,2297,290.1781539723069,1376,108.0565886685028,2243,321.16976600550845,1672
181,John Stachurski,multiple-field,Oceania,ANU,11,1625,14,1430,216.46477773531657,1720,583.0,1702,60,517,1,1576,16,541,30.5,577,0,3203,15,1379,12.0,1098,116.15844858354802,2019,217.31689716709604,1522,434.6337943341921,1429
182,Ronald Stauber,micro_theory,Oceania,ANU,4,3256,2,3404,20.396078054371134,3782,46.0,3618,9,3018,0,3283,4,1786,4.5,3116,0,3203,2,3459,2.5,2945,10.198039027185567,3816,20.396078054371134,3684,21.396078054371134,3763
183,Rabee Tourky,micro_theory,Oceania,ANU,15,1141,22,952,117.14094075087498,2347,510.0,1809,35,1061,1,1576,15,589,18.0,1148,1,1424,22,972,13.0,1007,112.37863910639904,2037,99.75727821279808,2341,199.5145564255961,2049
184,Chung Tran,p_finance,Oceania,ANU,9,1992,9,1961,64.89221833163049,2911,211.0,2568,20,1840,0,3283,5,1568,10.0,1962,0,3203,9,2003,5.5,2026,32.446109165815244,3066,64.89221833163049,2772,65.89221833163049,2989
185,Thomas Yang,econometrics,Oceania,ANU,5,2944,2,3404,136.36715146984628,2189,182.0,2693,12,2609,0,3283,7,1234,6.0,2731,0,3203,2,3459,4.0,2445,68.18357573492314,2445,136.36715146984628,2012,137.36715146984628,2353
186,Glenn Alexander Withers,multiple-field,Oceania,ANU,10,1802,10,1828,114.73883387938018,2363,391.0,2044,42,840,0,3283,1,2917,21.0,953,0,3203,10,1859,5.0,2147,57.36941693969009,2587,114.73883387938018,2181,115.73883387938018,2508
187,Debasis Bandyopadhyay,macro,Oceania,Auckland,4,3256,2,3404,30.166206257996716,3530,58.0,3462,11,2737,0,3283,2,2431,5.5,2853,0,3203,2,3459,2.0,3174,15.083103128998356,3594,30.166206257996716,3419,31.166206257996716,3535
188,Diego Carrasco Novoa,multiple-field,Oceania,Auckland,1,4388,0,4385,9.0,4129,9.0,4234,3,4085,0,3283,0,3965,1.5,4125,0,3203,0,4408,0.0,4504,4.5,4147,9.0,4072,10.0,4105
189,Ananish Chaudhuri,behavior-experiment,Oceania,Auckland,18,872,24,859,974.687642273154,515,2280.0,694,65,467,1,1576,3,2072,33.0,516,1,1424,24,876,12.5,1053,574.3078919613815,1034,971.6157839227632,382,1943.2315678455263,675
191,Chanelle Duley,political_econ,Oceania,Auckland,0,4667,0,4385,0.0,4667,0.0,4667,3,4085,0,3283,0,3965,1.5,4125,0,3203,0,4408,0.0,4504,0.0,4667,0.0,4669,1.0,4669
192,Simona Fabrizi,micro_theory,Oceania,Auckland,4,3256,1,3809,28.407745422683583,3572,61.0,3436,14,2384,0,3283,2,2431,7.0,2517,0,3203,1,3860,1.5,3437,14.203872711341791,3632,28.407745422683583,3461,29.407745422683583,3572
193,Prasanna Gai,multiple-field,Oceania,Auckland,10,1802,10,1828,857.4421263269026,583,1471.0,967,36,1023,0,3283,2,2431,18.0,1148,0,3203,10,1859,5.0,2147,428.7210631634513,1169,857.4421263269026,434,858.4421263269026,1024
194,Ryan Greenaway-Mcgrevy,multiple-field,Oceania,Auckland,9,1992,8,2100,118.31314381758268,2340,364.0,2104,33,1137,0,3283,2,2431,16.5,1262,0,3203,8,2146,4.0,2445,59.156571908791335,2570,118.31314381758268,2158,119.31314381758268,2487
195,John Hillas,micro_theory,Oceania,Auckland,4,3256,2,3404,33.555923471125034,3460,66.0,3386,10,2874,0,3283,4,1786,5.0,2983,0,3203,2,3459,3.0,2752,16.777961735562517,3543,33.555923471125034,3356,34.555923471125034,3479
196,James Allan Jones,p_finance,Oceania,Auckland,0,4667,0,4385,0.0,4667,0.0,4667,3,4085,0,3283,0,3965,1.5,4125,0,3203,0,4408,0.0,4504,0.0,4667,0.0,4669,1.0,4669
197,Steffen Lippert,micro_theory,Oceania,Auckland,5,2944,2,3404,60.76183012385325,2981,120.0,3002,17,2079,0,3283,5,1568,8.5,2203,0,3203,2,3459,3.0,2752,30.380915061926625,3124,60.76183012385325,2846,61.76183012385325,3049
198,Sholeh Maani,labor,Oceania,Auckland,10,1802,10,1828,68.79680225126747,2859,261.0,2382,28,1363,0,3283,0,3965,14.0,1485,0,3203,10,1859,5.0,2147,34.39840112563373,3014,68.79680225126747,2717,69.79680225126747,2944
199,Robert Macculloch,multiple-field,Oceania,Auckland,15,1141,17,1215,1886.4063719145988,229,4589.0,381,28,1363,2,1169,11,832,15.0,1386,2,1039,17,1241,11.0,1189,2628.496357073348,573,1571.028999094663,203,4710.086997283989,411
200,Greta Meggiorini,macro,Oceania,Auckland,2,3967,1,3809,17.11724276862369,3881,19.0,4007,2,4322,0,3283,0,3965,1.0,4350,0,3203,1,3860,0.5,4086,8.558621384311845,3910,17.11724276862369,3790,18.11724276862369,3857
201,David Ratliff,finance,Oceania,Auckland,0,4667,0,4385,0.0,4667,0.0,4667,1,4577,0,3283,0,3965,0.5,4588,0,3203,0,4408,0.0,4504,0.0,4667,0.0,4669,1.0,4669
202,Peter Phillips,econometrics,Oceania,Auckland,69,18,219,5,15206.001117979704,8,43696.0,8,364,5,22,67,124,4,193.0,5,22,51,219,6,136.5,4,120078.53879483868,42,14815.013452302408,7,340262.3094029554,4
203,Stephen Poletti,multiple-field,Oceania,Auckland,11,1625,13,1510,84.38601779915912,2663,325.0,2201,31,1232,0,3283,1,2917,15.5,1343,0,3203,13,1535,6.5,1818,42.19300889957956,2840,84.38601779915912,2507,85.38601779915912,2769
204,Lingli Qi,multiple-field,Oceania,Auckland,8,2197,7,2254,114.01315713548152,2369,253.0,2416,18,1994,0,3283,0,3965,9.0,2114,0,3203,7,2299,3.5,2589,57.00657856774076,2593,114.01315713548152,2188,115.01315713548152,2514
205,Yun So,labor,Oceania,Auckland,0,4667,0,4385,0.0,4667,0.0,4667,1,4577,0,3283,0,3965,0.5,4588,0,3203,0,4408,0.0,4504,0.0,4667,0.0,4669,1.0,4669
206,Sam Stemper,labor,Oceania,Auckland,1,4388,0,4385,2.0,4497,2.0,4502,1,4577,0,3283,0,3965,0.5,4588,0,3203,0,4408,0.0,4504,1.0,4501,2.0,4473,3.0,4474
207,Asha Sundaram,i_trade,Oceania,Auckland,8,2197,8,2100,70.7248188403477,2829,228.0,2507,21,1766,0,3283,3,2072,10.5,1890,0,3203,8,2146,5.0,2147,35.36240942017385,2984,70.7248188403477,2683,71.7248188403477,2918
208,Le Wen,multiple-field,Oceania,Auckland,20,726,35,527,498.5940232293203,929,1486.0,956,58,546,0,3283,0,3965,29.0,616,0,3203,35,538,17.5,716,249.29701161466016,1442,498.5940232293203,748,499.5940232293203,1336
209,Sherry Wu,macro,Oceania,Auckland,1,4388,0,4385,1.0,4570,1.0,4570,2,4322,0,3283,0,3965,1.0,4350,0,3203,0,4408,0.0,4504,0.5,4572,1.0,4561,2.0,4561
210,Haikun Zhan,political_econ,Oceania,Auckland,1,4388,0,4385,1.0,4570,1.0,4570,1,4577,0,3283,0,3965,0.5,4588,0,3203,0,4408,0.0,4504,0.5,4572,1.0,4561,2.0,4561
211,Haiping Zhang,i_finance,Oceania,Auckland,3,3600,1,3809,31.0322412983658,3508,47.0,3604,6,3475,0,3283,1,2917,3.0,3545,0,3203,1,3860,0.5,4086,15.5161206491829,3576,31.0322412983658,3398,32.032241298365804,3517
212,Matthew Backus,multiple-field,North America,Berkeley,7,2425,6,2423,132.23842104320514,2220,283.0,2313,10,2874,4,749,6,1392,7.0,2517,3,816,7,2299,6.0,1923,510.76626240823657,1079,105.27191120937732,2273,511.35955604688655,1318
213,Nano Barahona,i_organization,North America,Berkeley,2,3967,2,3404,55.31726674375732,3048,78.0,3285,4,3855,3,924,3,2072,3.5,3382,2,1039,3,3149,3.0,2752,155.76888838089434,1783,3.0,4407,4.0,4412
214,Sydnee Caldwell,labor,North America,Berkeley,3,3600,1,3809,55.47972602672079,3047,72.0,3336,3,4085,1,1576,1,2917,2.0,3907,0,3203,2,3459,1.5,3437,36.37243138634199,2963,55.74486277268398,2907,111.48972554536796,2540
215,Stefano Dellavigna,multiple-field,North America,Berkeley,27,420,32,583,2219.165608962071,181,7864.0,200,39,924,20,83,25,268,29.5,601,19,73,33,579,27.0,375,66910.70534247444,75,1704.755175092215,180,35400.858676936514,86
216,J.Bradford Delong,multiple-field,North America,Berkeley,15,1141,17,1215,1497.087839774273,303,2670.0,602,45,770,2,1169,5,1568,23.5,827,2,1039,17,1241,10.0,1294,1106.6518468919526,817,1487.3104052688784,224,4458.931215806635,421
217,Federico Echenique,micro_theory,North America,Berkeley,21,669,38,469,293.7992511903324,1408,1514.0,943,85,272,13,186,37,116,49.0,234,12,173,39,464,32.5,264,7312.160568548074,359,185.6702058839336,1686,2431.38288237507,600
218,Aaron Edlin,multiple-field,North America,Berkeley,19,797,22,952,394.99746834631736,1135,1463.0,975,41,868,8,386,13,700,24.5,776,6,456,24,876,16.5,766,2650.2900756780377,571,297.3492699144064,1201,2613.143429229657,578
219,Barry Eichengreen,multiple-field,North America,Berkeley,49,85,185,15,1295.039381640574,354,10789.0,135,375,4,5,627,22,327,190.0,6,4,656,186,15,96.5,19,1791.9871772333486,674,1287.0113104025252,275,7698.067862415151,292
220,Haluk Ergin,micro_theory,North America,Berkeley,11,1625,11,1709,348.02586110805044,1253,914.0,1345,12,2609,6,525,9,991,9.0,2114,6,456,11,1737,8.5,1487,2525.1083997673986,582,234.70723643995177,1452,1607.9506550796625,750
221,Ben Faber,multiple-field,North America,Berkeley,5,2944,4,2824,717.9679658592019,671,980.0,1294,5,3656,5,627,5,1568,5.0,2983,4,656,5,2654,5.0,2147,3165.2218777791786,533,5.0,4288,6.0,4300
222,Frederico Finan,political_econ,North America,Berkeley,16,1038,17,1215,1098.3036920633565,448,3041.0,551,21,1766,9,329,17,493,15.0,1386,8,320,18,1177,14.5,901,14846.31058489026,237,319.54790290710383,1140,3115.4790290710384,530
223,Cecile Gaubert,multiple-field,North America,Berkeley,8,2197,7,2254,219.69524346239268,1709,488.0,1855,14,2384,6,525,7,1234,10.0,1962,5,545,8,2146,7.5,1649,2010.5339037302087,639,37.71750305430741,3267,229.0225213801519,1936
224,Lisa Goldberg,finance,North America,Berkeley,16,1038,19,1100,306.92344322322464,1366,1006.0,1269,50,671,0,3283,0,3965,25.0,750,0,3203,19,1119,9.5,1356,153.46172161161232,1788,306.92344322322464,1169,307.92344322322464,1701
225,Yuriy Gorodnichenko,macro,North America,Berkeley,40,151,69,158,1689.5836765309969,263,8139.0,191,89,252,22,67,46,66,55.5,187,19,73,72,147,50.0,110,53592.4560301426,86,1421.7228297059387,239,32216.62508323659,93
226,Pierre-Olivier Gourinchas,multiple-field,North America,Berkeley,22,617,26,777,1215.7594334406788,393,4087.0,422,50,671,12,216,17,493,31.0,565,11,201,27,755,20.5,567,23964.66602285112,165,543.6577846698005,694,6924.551200707407,315
227,Bryan Graham,econometrics,North America,Berkeley,16,1038,20,1048,359.6623416483855,1217,1221.0,1107,34,1095,7,445,18,453,20.5,981,5,545,22,972,18.0,684,2769.377245016316,563,270.1463471150607,1315,2113.1707769204854,647
228,Ben Handel,multiple-field,North America,Berkeley,10,1802,10,1828,521.9089958987103,890,1221.0,1107,20,1840,8,386,11,832,14.0,1485,5,545,13,1535,11.0,1189,4842.135344927934,442,114.47065323364932,2183,967.2358791028438,956
229,Benjamin E. Hermalin,multiple-field,North America,Berkeley,26,451,35,527,2237.9466034738184,177,5629.0,296,52,637,4,749,17,493,28.0,646,3,816,36,514,20.0,589,5440.968286894066,415,1510.0879788378898,218,7535.439894189449,299
230,Hilary Hoynes,p_finance,North America,Berkeley,30,323,46,346,1023.5032975032371,492,4621.0,377,54,596,8,386,27,228,31.0,565,7,384,47,340,28.5,340,5293.717519875918,420,859.6530983915927,432,7673.8778855243345,294
231,Michael Jansson,econometrics,North America,Berkeley,20,726,27,733,501.5755177438389,922,1532.0,940,40,899,7,445,16,541,23.5,827,7,384,27,755,18.5,651,2279.956482737932,602,484.21483631588825,768,3825.718690527106,468
232,Shachar Kariv,behavior-experiment,North America,Berkeley,22,617,26,777,575.2808010006939,825,2180.0,722,34,1095,7,445,16,541,20.5,981,6,456,27,755,18.0,684,5799.472564729721,400,388.8900365288416,940,3063.120292230733,534
233,Supreet Kaur,labor,North America,Berkeley,6,2677,5,2603,255.63059284835217,1561,509.0,1811,11,2737,9,329,9,991,10.0,1962,5,545,9,2003,9.0,1418,2769.4975590260824,562,11.0,4001,30.0,3556
234,Patrick Kline,labor,North America,Berkeley,21,669,24,859,2038.980627666678,204,5696.0,292,32,1187,20,83,24,285,26.0,718,16,105,28,718,24.0,461,56830.2592067132,82,510.6444741358044,731,10324.533956851892,231
235,Giacomo Lanzani,micro_theory,North America,Berkeley,6,2677,4,2824,32.37282811247729,3485,86.0,3220,10,2874,5,627,7,1234,7.5,2418,2,1039,7,2299,6.0,1923,193.0822991371608,1611,28.55843797877949,3456,147.35062787267697,2297
236,Chen Lian,macro,North America,Berkeley,8,2197,6,2423,172.0406928607299,1970,346.0,2146,10,2874,5,627,6,1392,7.5,2418,3,816,8,2146,7.0,1731,651.1387516101355,994,122.93218390244456,2115,713.5931034146673,1127
237,Ulrike Malmendier,multiple-field,North America,Berkeley,33,250,40,441,3655.497093419717,96,11859.0,112,50,671,14,160,28,209,32.0,545,13,148,41,434,29.5,320,40212.96790148152,111,3269.8783761068225,74,48853.17564160234,59
238,Edward Miguel,multiple-field,North America,Berkeley,55,50,88,96,4073.23986526696,78,20221.0,47,116,139,16,128,37,116,66.0,125,15,113,89,96,55.5,83,61884.92151096889,80,3554.9919468684866,67,60179.86309676428,49
239,Enrico Moretti,multiple-field,North America,Berkeley,41,139,49,305,2292.776482782393,171,11512.0,120,60,517,21,73,37,116,40.5,343,18,84,52,280,36.5,210,100537.6376333348,52,1290.2359906652505,271,27945.19179463551,100
240,Mathilde Munoz,labor,North America,Berkeley,2,3967,1,3809,105.04760825454332,2455,109.0,3074,4,3855,2,1169,2,2431,3.0,3545,0,3203,3,3149,2.5,2945,55.502380898393554,2613,107.00476179678712,2258,318.0142853903613,1679
241,Emi Nakamura,macro,North America,Berkeley,22,617,24,859,1096.0994480429229,450,3604.0,472,34,1095,15,142,19,415,24.5,776,13,148,26,797,21.0,550,29233.245831095035,145,325.37880082247887,1119,4982.060813159662,397
242,Demian Pouzo,multiple-field,North America,Berkeley,10,1802,12,1604,246.0487756523084,1594,658.0,1610,20,1840,4,749,12,763,12.0,1681,4,656,12,1632,10.0,1294,1297.8260593509176,759,132.47567863218313,2034,647.3783931609157,1183
243,Gautam Rao,multiple-field,North America,Berkeley,11,1625,11,1709,783.0076627977533,625,1415.0,993,12,2609,7,445,8,1097,9.5,2035,7,384,11,1737,9.0,1418,3996.06608790787,483,746.6681688432997,502,5925.345350746397,354
244,Andres Rodriguez-Clare,i_trade,North America,Berkeley,42,131,62,197,2093.553199706184,194,10381.0,140,76,341,32,20,42,84,54.0,198,24,40,70,160,51.0,104,108366.3883544356,47,1369.67559594993,254,44176.29466634768,69
245,Jesse Rothstein,labor,North America,Berkeley,29,352,35,527,966.1656172727324,519,4038.0,431,46,750,9,329,19,415,27.5,661,9,268,35,538,22.5,503,12086.702716754517,268,662.6841745063131,564,6546.8417450631305,326
246,Emmanuel Saez,p_finance,North America,Berkeley,57,48,73,139,4060.235953734709,79,21142.0,42,96,216,32,20,48,55,64.0,130,31,16,74,138,53.5,92,318791.7401729586,11,2056.747638595981,131,66849.67207366736,43
247,Andreas Schaab,micro_theory,North America,Berkeley,1,4388,0,4385,5.0,4330,5.0,4375,4,3855,3,924,3,2072,3.5,3382,0,3203,3,3149,3.0,2752,5.000000000000001,4109,3.0,4407,4.0,4412
248,Benjamin Schoefer,labor,North America,Berkeley,8,2197,8,2100,144.23938435808716,2133,341.0,2163,15,2273,6,525,8,1097,10.5,1890,4,656,10,1859,8.5,1487,977.6901929569688,858,65.21992907797171,2763,421.539503545802,1454
249,Vira Semenova,econometrics,North America,Berkeley,3,3600,2,3404,111.74972035759194,2388,132.0,2945,5,3656,0,3283,2,2431,2.5,3719,0,3203,2,3459,2.0,3174,55.87486017879597,2607,111.74972035759194,2207,112.74972035759194,2528
250,Chris Shannon,micro_theory,North America,Berkeley,12,1477,13,1510,240.57639119414856,1625,721.0,1537,23,1634,6,525,13,700,14.5,1436,5,545,14,1453,11.5,1143,1480.7535890509553,718,192.9598887462228,1645,1315.7192212235595,829
251,Joseph Shapiro,p_finance,North America,Berkeley,14,1239,15,1353,913.6180821327914,549,2416.0,663,19,1915,9,329,9,991,14.0,1485,7,384,17,1241,13.0,1007,11562.582188099244,282,228.94544778194432,1470,2209.454477819443,628
252,David Sraer,finance,North America,Berkeley,16,1038,18,1155,784.0535695984045,622,2230.0,710,21,1766,4,749,16,541,12.5,1623,4,656,18,1177,11.0,1189,1764.2106809785207,677,571.8864323084326,658,2844.432161542163,555
253,Carolyn Stein,labor,North America,Berkeley,3,3600,1,3809,14.798648586948742,3966,25.0,3909,3,4085,2,1169,2,2431,2.5,3719,0,3203,3,3149,2.5,2945,33.5,3038,13.0,3930,36.0,3446
254,Jon Steinsson,macro,North America,Berkeley,20,726,21,998,1076.7130536962948,459,3363.0,508,28,1363,14,160,18,453,21.0,953,12,173,23,925,19.0,627,24536.39233143024,163,330.56436944166666,1099,4763.465541625,408
255,Dmitry Taubinsky,multiple-field,North America,Berkeley,15,1141,15,1353,502.54751019182254,920,1516.0,942,23,1634,12,216,18,453,17.5,1186,8,320,19,1119,16.5,766,6059.6785967121095,389,389.1524890544937,937,4915.982357708418,398
256,Wilbur Townsend,labor,North America,Berkeley,4,3256,2,3404,35.59494346111537,3416,59.0,3453,7,3309,0,3283,1,2917,3.5,3382,0,3203,2,3459,1.5,3437,17.797471730557685,3505,35.59494346111537,3309,36.59494346111537,3436
257,Quitze Valenzuela-Stookey,micro_theory,North America,Berkeley,1,4388,0,4385,4.123105625617661,4372,5.0,4375,2,4322,0,3283,0,3965,1.0,4350,0,3203,0,4408,0.0,4504,2.0615528128088303,4377,4.123105625617661,4333,5.123105625617661,4345
258,Reed Walker,p_finance,North America,Berkeley,2,3967,2,3404,451.26488895104615,1013,616.0,1665,3,4085,2,1169,2,2431,2.5,3719,2,1039,2,3459,2.0,3174,1203.8293470947249,779,4.0,4349,9.0,4155
259,Christopher Walters,labor,North America,Berkeley,26,451,38,469,635.4344970175919,758,3151.0,532,54,596,30,25,36,128,42.0,319,22,51,46,357,39.0,182,36118.64838449565,120,510.9563389747556,730,14940.646508217422,170
260,Chenzi Xu,history,North America,Berkeley,2,3967,1,3809,20.8806130178211,3772,26.0,3893,3,4085,1,1576,2,2431,2.0,3907,1,1424,1,3860,1.5,3437,23.000000000000004,3321,7.0,4171,14.0,3977
261,Danny Yagan,multiple-field,North America,Berkeley,8,2197,7,2254,872.5806552978355,574,1731.0,842,14,2384,6,525,7,1234,10.0,1962,5,545,8,2146,7.5,1649,6180.660409808967,386,286.0749899580468,1241,1967.5249297063276,671
262,Gabriel Zucman,p_finance,North America,Berkeley,19,797,22,952,1440.2395634060329,317,4940.0,353,30,1275,9,329,11,832,19.5,1041,9,268,22,972,15.5,820,27042.33638304864,153,560.9003533247646,667,5529.003533247646,377
263,Shifrah Aron-Dine,other,North America,Berkeley,3,3600,3,3094,63.92964883369844,2926,91.0,3190,6,3475,0,3283,0,3965,3.0,3545,0,3203,3,3149,1.5,3437,31.96482441684922,3078,63.92964883369844,2788,64.92964883369844,3000
264,Vasco Alves,i_organization,Europe,Birmingham,1,4388,0,4385,6.0,4274,6.0,4335,2,4322,0,3283,0,3965,1.0,4350,0,3203,0,4408,0.0,4504,3.0,4285,6.0,4225,7.0,4242
265,Danae Arroyos-Calvera,behavior-experiment,Europe,Birmingham,2,3967,0,4385,9.273618495495704,4114,12.0,4154,5,3656,0,3283,1,2917,2.5,3719,0,3203,0,4408,0.5,4086,4.636809247747852,4132,9.273618495495704,4056,10.273618495495704,4087
266,Roger Backhouse,history,Europe,Birmingham,21,669,42,412,288.3001907734367,1422,1621.0,896,133,99,0,3283,2,2431,66.5,122,0,3203,42,422,22.0,518,144.15009538671836,1842,288.3001907734367,1233,289.3001907734367,1754
267,Ralph Bailey,multiple-field,Europe,Birmingham,6,2677,4,2824,52.09606511052442,3104,126.0,2967,13,2492,0,3283,0,3965,6.5,2616,0,3203,4,2882,2.0,3174,26.04803255526221,3230,52.09606511052442,2965,53.09606511052442,3156
268,Siddhartha Bandyopadhyay,other,Europe,Birmingham,16,1038,22,952,277.4581049455936,1467,1033.0,1253,53,615,0,3283,2,2431,26.5,696,0,3203,22,972,11.5,1143,138.72905247279678,1878,277.4581049455936,1280,278.4581049455936,1793
269,Anindya Banerjee,econometrics,Europe,Birmingham,19,797,27,733,1866.441534042789,236,4338.0,401,46,750,0,3283,4,1786,23.0,848,0,3203,27,755,14.0,936,933.2207670213944,870,1866.441534042789,156,1867.441534042789,692
270,Marco Barassi,multiple-field,Europe,Birmingham,9,1992,8,2100,197.82820830205185,1818,454.0,1913,17,2079,0,3283,1,2917,8.5,2203,0,3203,8,2146,4.5,2297,98.91410415102592,2138,197.82820830205185,1622,198.82820830205185,2051
271,Ufuk Gunes Bebek,i_trade,Europe,Birmingham,2,3967,0,4385,8.306623862918075,4161,11.0,4176,3,4085,0,3283,0,3965,1.5,4125,0,3203,0,4408,0.0,4504,4.153311931459037,4178,8.306623862918075,4105,9.306623862918077,4137
272,Allan Beltran,p_finance,Europe,Birmingham,4,3256,4,2824,146.81621163890588,2113,227.0,2510,5,3656,0,3283,0,3965,2.5,3719,0,3203,4,2882,2.0,3174,73.40810581945294,2385,146.81621163890588,1937,147.81621163890588,2292
273,Apurav Bhatiya,multiple-field,Europe,Birmingham,3,3600,1,3809,60.29096117993144,2984,79.0,3276,6,3475,0,3283,2,2431,3.0,3545,0,3203,1,3860,1.5,3437,30.14548058996572,3127,60.29096117993144,2850,61.29096117993144,3053
274,Wanyu Chung,i_trade,Europe,Birmingham,2,3967,2,3404,36.40054944640259,3401,47.0,3604,3,4085,0,3283,1,2917,1.5,4125,0,3203,2,3459,1.0,3730,18.200274723201296,3491,36.40054944640259,3294,37.40054944640259,3423
275,Matthew Cole,multiple-field,Europe,Birmingham,38,176,53,259,1801.529350302126,246,8236.0,187,64,480,0,3283,1,2917,32.0,545,0,3203,53,270,26.5,389,900.764675151063,880,1801.529350302126,166,1802.529350302126,702
276,Sebastian Cortes Corrales,other,Europe,Birmingham,1,4388,1,3809,29.017236257093817,3554,30.0,3824,3,4085,0,3283,0,3965,1.5,4125,0,3203,1,3860,0.5,4086,14.508618128546908,3616,29.017236257093817,3439,30.017236257093817,3555
277,Mary Dawood,other,Europe,Birmingham,1,4388,0,4385,4.0,4388,4.0,4413,1,4577,0,3283,0,3965,0.5,4588,0,3203,0,4408,0.0,4504,2.0,4394,4.0,4349,5.0,4360
278,Amalia Di Girolamo,behavior-experiment,Europe,Birmingham,5,2944,5,2603,94.5621488757526,2553,180.0,2705,6,3475,0,3283,0,3965,3.0,3545,0,3203,5,2654,2.5,2945,47.28107443787631,2748,94.5621488757526,2395,95.5621488757526,2678
279,Alessandro Di Nola,multiple-field,Europe,Birmingham,3,3600,1,3809,24.12467616362964,3671,36.0,3736,5,3656,0,3283,1,2917,2.5,3719,0,3203,1,3860,1.0,3730,12.062338081814818,3714,24.12467616362964,3565,25.12467616362964,3656
280,David Dickinson,multiple-field,Europe,Birmingham,12,1477,13,1510,255.5601690404825,1562,675.0,1585,27,1408,0,3283,0,3965,13.5,1526,0,3203,13,1535,6.5,1818,127.78008452024126,1944,255.5601690404825,1374,256.5601690404825,1854
281,Michalis Drouvelis,behavior-experiment,Europe,Birmingham,11,1625,12,1604,168.61494595675674,1988,533.0,1771,38,953,0,3283,9,991,19.0,1075,0,3203,12,1632,8.5,1487,84.30747297837837,2286,168.61494595675674,1798,169.61494595675674,2191
282,Robert Elliott,multiple-field,Europe,Birmingham,43,122,77,119,1194.9414211583762,399,6831.0,241,99,200,0,3283,1,2917,49.5,228,0,3203,77,125,38.5,191,597.4707105791881,1020,1194.9414211583762,301,1195.9414211583762,871
283,Joanne Ercolani,econometrics,Europe,Birmingham,3,3600,0,4385,7.54983443527075,4194,17.0,4044,8,3159,0,3283,1,2917,4.0,3242,0,3203,0,4408,0.5,4086,3.774917217635375,4211,7.54983443527075,4140,8.54983443527075,4168
284,Marco Ercolani,labor,Europe,Birmingham,9,1992,9,1961,245.069377932046,1603,587.0,1697,26,1461,0,3283,1,2917,13.0,1571,0,3203,9,2003,4.5,2297,122.534688966023,1974,245.069377932046,1414,246.069377932046,1886
285,Nikos Fatouros,macro,Europe,Birmingham,3,3600,0,4385,9.38083151964686,4111,16.0,4062,3,4085,0,3283,1,2917,1.5,4125,0,3203,0,4408,0.5,4086,4.69041575982343,4130,9.38083151964686,4053,10.38083151964686,4085
286,Panagiotis Fouskas,labor,Europe,Birmingham,2,3967,1,3809,11.224972160321824,4058,14.0,4102,3,4085,0,3283,0,3965,1.5,4125,0,3203,1,3860,0.5,4086,5.612486080160912,4075,11.224972160321824,3988,12.224972160321824,4029
287,Xin Gao,micro_theory,Europe,Birmingham,1,4388,0,4385,2.0,4497,2.0,4502,1,4577,0,3283,1,2917,0.5,4588,0,3203,0,4408,0.5,4086,1.0,4501,2.0,4473,3.0,4474
288,Aditya Goenka,multiple-field,Europe,Birmingham,11,1625,12,1604,131.8521899704362,2222,399.0,2019,27,1408,0,3283,3,2072,13.5,1526,0,3203,12,1632,6.5,1818,65.9260949852181,2467,131.8521899704362,2043,132.8521899704362,2380
289,Alessandra Guariglia,finance,Europe,Birmingham,28,386,40,441,800.7758737624405,612,3662.0,468,73,372,0,3283,3,2072,36.5,427,0,3203,40,448,20.5,567,400.3879368812202,1200,800.7758737624405,465,801.7758737624405,1065
290,Michael Henry,i_trade,Europe,Birmingham,7,2425,6,2423,134.19761547807025,2203,263.0,2370,14,2384,0,3283,2,2431,7.0,2517,0,3203,6,2464,3.0,2752,67.09880773903512,2453,134.19761547807025,2023,135.19761547807025,2364
291,Anthony Heyes,multiple-field,Europe,Birmingham,24,528,45,357,427.61197363965385,1065,2210.0,715,88,257,3,924,12,763,45.5,281,2,1039,46,357,26.5,389,577.1956403217498,1033,393.7403229767821,925,1566.9612919071285,756
292,Nicholas Horsewood,multiple-field,Europe,Birmingham,11,1625,12,1604,145.3100134195851,2126,459.0,1908,25,1518,0,3283,1,2917,12.5,1623,0,3203,12,1632,6.5,1818,72.65500670979254,2395,145.3100134195851,1948,146.3100134195851,2302
293,Anett John,behavior-experiment,Europe,Birmingham,2,3967,2,3404,40.53393639902249,3327,51.0,3547,3,4085,0,3283,1,2917,1.5,4125,0,3203,2,3459,1.0,3730,20.266968199511243,3418,40.53393639902249,3210,41.53393639902249,3355
294,Yiannis Karavias,econometrics,Europe,Birmingham,10,1802,10,1828,380.7440084886432,1170,874.0,1379,21,1766,0,3283,1,2917,10.5,1890,0,3203,10,1859,5.0,2147,190.3720042443216,1625,380.7440084886432,965,381.7440084886432,1524
295,Ekaterina Kazak,multiple-field,Europe,Birmingham,4,3256,1,3809,31.496031496047245,3500,52.0,3533,7,3309,0,3283,3,2072,3.5,3382,0,3203,1,3860,1.5,3437,15.748015748023622,3568,31.496031496047245,3389,32.496031496047245,3509
296,Toby Kendall,i_trade,Europe,Birmingham,1,4388,0,4385,8.06225774829855,4171,9.0,4234,3,4085,0,3283,0,3965,1.5,4125,0,3203,0,4408,0.0,4504,4.031128874149275,4187,8.06225774829855,4117,9.06225774829855,4146
297,Rebecca Mcdonald,behavior-experiment,Europe,Birmingham,8,2197,7,2254,45.83666654546336,3209,141.0,2888,19,1915,0,3283,1,2917,9.5,2035,0,3203,7,2299,4.0,2445,22.91833327273168,3322,45.83666654546336,3083,46.83666654546336,3255
298,Sharin Mcdowall-Emefiele,development,Europe,Birmingham,1,4388,0,4385,1.0,4570,1.0,4570,4,3855,0,3283,0,3965,2.0,3907,0,3203,0,4408,0.0,4504,0.5,4572,1.0,4561,2.0,4561
299,Eric Melander,history,Europe,Birmingham,1,4388,0,4385,5.0,4330,5.0,4375,1,4577,0,3283,1,2917,0.5,4588,0,3203,0,4408,0.5,4086,2.5,4337,5.0,4288,6.0,4300
300,Livia Menezes,labor,Europe,Birmingham,2,3967,1,3809,28.513154858766505,3568,35.0,3754,3,4085,0,3283,1,2917,1.5,4125,0,3203,1,3860,0.5,4086,14.256577429383253,3630,28.513154858766505,3458,29.513154858766505,3570
301,Afrasiab Mirza,macro,Europe,Birmingham,1,4388,0,4385,3.0,4440,3.0,4453,4,3855,0,3283,0,3965,2.0,3907,0,3203,0,4408,0.0,4504,1.5,4444,3.0,4407,4.0,4412
302,Kaushik Mitra,macro,Europe,Birmingham,13,1348,15,1353,385.5035667798678,1156,729.0,1524,21,1766,0,3283,11,832,10.5,1890,0,3203,15,1379,8.5,1487,192.7517833899339,1612,385.5035667798678,948,386.5035667798678,1513
303,Domenico Moro,multiple-field,Europe,Birmingham,6,2677,4,2824,646.1106716345118,746,761.0,1481,8,3159,0,3283,0,3965,4.0,3242,0,3203,4,2882,2.0,3174,323.0553358172559,1311,646.1106716345118,581,647.1106716345118,1185
304,Ceren Ozgen,labor,Europe,Birmingham,9,1992,7,2254,194.9743572883368,1831,491.0,1848,12,2609,0,3283,0,3965,6.0,2731,0,3203,7,2299,3.5,2589,97.48717864416838,2144,194.9743572883368,1636,195.9743572883368,2062
305,Edward Pinchbeck,multiple-field,Europe,Birmingham,5,2944,4,2824,39.63584236521283,3340,83.0,3240,6,3475,0,3283,2,2431,3.0,3545,0,3203,4,2882,2.0,3174,19.817921182606412,3429,39.63584236521283,3226,40.63584236521283,3366
306,William Pouliot,multiple-field,Europe,Birmingham,7,2425,5,2603,38.03945320322047,3372,117.0,3021,19,1915,0,3283,1,2917,9.5,2035,0,3203,5,2654,2.5,2945,19.019726601610238,3461,38.03945320322047,3261,39.03945320322047,3398
307,James Rockey,multiple-field,Europe,Birmingham,9,1992,8,2100,75.67694497005016,2761,249.0,2433,24,1571,0,3283,5,1568,12.0,1681,0,3203,8,2146,5.0,2147,37.83847248502508,2924,75.67694497005016,2620,76.67694497005016,2859
308,Raffaele Rossi,macro,Europe,Birmingham,7,2425,7,2254,48.96937818678118,3163,132.0,2945,11,2737,0,3283,5,1568,5.5,2853,0,3203,7,2299,5.0,2147,24.48468909339059,3277,48.96937818678118,3034,49.96937818678118,3205
309,Sultan Salem,multiple-field,Europe,Birmingham,18,872,24,859,304.66046674946193,1374,1174.0,1134,49,693,0,3283,0,3965,24.5,776,0,3203,24,876,12.0,1098,152.33023337473097,1792,304.66046674946193,1176,305.66046674946193,1706
310,Somnath Sen,multiple-field,Europe,Birmingham,6,2677,6,2423,173.68649918747283,1957,365.0,2101,15,2273,0,3283,2,2431,7.5,2418,0,3203,6,2464,3.0,2752,86.84324959373642,2257,173.68649918747283,1764,174.68649918747283,2165
311,Frank Strobel,finance,Europe,Birmingham,10,1802,11,1709,296.72546233850574,1400,740.0,1505,31,1232,0,3283,1,2917,15.5,1343,0,3203,11,1737,6.0,1923,148.36273116925287,1818,296.72546233850574,1203,297.72546233850574,1731
312,Eric Strobl,multiple-field,Europe,Birmingham,42,131,117,54,1117.6457399373023,434,7460.0,213,205,37,0,3283,13,700,102.5,42,0,3203,117,55,59.0,72,558.8228699686512,1043,1117.6457399373023,325,1118.6457399373023,895
313,Kamilya Suleymenova,other,Europe,Birmingham,1,4388,0,4385,4.0,4388,4.0,4413,1,4577,0,3283,0,3965,0.5,4588,0,3203,0,4408,0.0,4504,2.0,4394,4.0,4349,5.0,4360
314,Sasha Talavera,multiple-field,Europe,Birmingham,24,528,44,375,500.9391180572745,924,2326.0,686,75,352,2,1169,7,1234,38.5,391,2,1039,44,387,24.0,461,515.659802011088,1076,491.7856674097355,758,1472.3570022292065,776
315,Yongli Wang,econometrics,Europe,Birmingham,2,3967,1,3809,40.74309757492672,3320,54.0,3505,8,3159,0,3283,1,2917,4.0,3242,0,3203,1,3860,1.0,3730,20.37154878746336,3411,40.74309757492672,3202,41.74309757492672,3348
316,Liyun Zhang,i_trade,Europe,Birmingham,6,2677,5,2603,129.2400866604476,2242,201.0,2611,6,3475,0,3283,0,3965,3.0,3545,0,3203,5,2654,2.5,2945,64.6200433302238,2489,129.2400866604476,2063,130.2400866604476,2400
317,Árpád Ábrahám,multiple-field,Europe,Bristol,7,2425,6,2423,54.29548784199291,3068,138.0,2912,14,2384,1,1576,11,832,7.5,2418,1,1424,6,2464,6.5,1818,43.612496949731394,2821,52.22499389946279,2962,104.44998779892558,2599
318,Patrick Arni,labor,Europe,Bristol,4,3256,4,2824,93.78699270154684,2563,148.0,2842,6,3475,0,3283,3,2072,3.0,3545,0,3203,4,2882,2.5,2945,46.89349635077342,2757,93.78699270154684,2405,94.78699270154684,2686
319,Toman Barsbai,multiple-field,Europe,Bristol,10,1802,10,1828,175.51068343551054,1947,486.0,1860,15,2273,0,3283,3,2072,7.5,2418,0,3203,10,1859,6.0,1923,87.75534171775527,2248,175.51068343551054,1748,176.51068343551054,2156
320,Erlend Berg,development,Europe,Bristol,6,2677,6,2423,79.71198153351854,2705,168.0,2758,10,2874,0,3283,2,2431,5.0,2983,0,3203,6,2464,3.0,2752,39.85599076675927,2877,79.71198153351854,2559,80.71198153351854,2811
321,Simon Burgess,labor,Europe,Bristol,40,151,77,119,630.9476998927883,764,4301.0,405,95,222,0,3283,21,355,47.5,249,0,3203,77,125,39.0,182,315.4738499463941,1325,630.9476998927883,599,631.9476998927883,1197
322,Edmund Cannon,multiple-field,Europe,Bristol,10,1802,12,1604,86.02325267042627,2644,326.0,2199,23,1634,1,1576,3,2072,12.0,1681,1,1424,12,1632,7.0,1731,55.51764339659479,2612,86.03528679318957,2488,172.07057358637914,2181
323,Se Kyu Choi,labor,Europe,Bristol,4,3256,0,4385,14.2828568570857,3974,36.0,3736,7,3309,0,3283,4,1786,3.5,3382,0,3203,0,4408,2.0,3174,7.14142842854285,3996,14.2828568570857,3892,15.2828568570857,3944
324,Monica Costa-Dias,labor,Europe,Bristol,14,1239,16,1280,1003.8635365426916,503,2626.0,618,25,1518,2,1169,6,1392,13.5,1526,2,1039,16,1309,9.0,1418,882.7762873954928,886,993.405063533569,374,2977.215190600707,544
325,Leandro De Magalhaes,political_econ,Europe,Bristol,3,3600,2,3404,68.84039511798287,2857,107.0,3084,9,3018,0,3283,2,2431,4.5,3116,0,3203,2,3459,1.5,3437,34.42019755899143,3012,68.84039511798287,2715,69.84039511798287,2942
326,Battal Dogan,micro_theory,Europe,Bristol,6,2677,5,2603,44.23799272118933,3244,137.0,2918,19,1915,1,1576,8,1097,10.0,1962,0,3203,6,2464,6.0,1923,27.914607000811127,3181,44.829214001622255,3099,89.65842800324451,2730
327,Pawel Doligalski,p_finance,Europe,Bristol,2,3967,0,4385,4.898979485566356,4345,8.0,4272,3,4085,0,3283,0,3965,1.5,4125,0,3203,0,4408,0.0,4504,2.449489742783178,4351,4.898979485566356,4306,5.898979485566356,4319
328,Sergio Feijoo Moreira,macro,Europe,Bristol,1,4388,0,4385,3.0,4440,3.0,4453,1,4577,0,3283,0,3965,0.5,4588,0,3203,0,4408,0.0,4504,1.5,4444,3.0,4407,4.0,4412
329,Patrick Gaule,multiple-field,Europe,Bristol,15,1141,16,1280,208.30026404207945,1753,753.0,1488,21,1766,0,3283,6,1392,10.5,1890,0,3203,16,1309,8.5,1487,104.15013202103972,2092,208.30026404207945,1561,209.30026404207945,2003
330,Francesco Giovannoni,political_econ,Europe,Bristol,9,1992,8,2100,159.13516267626085,2043,316.0,2233,18,1994,0,3283,8,1097,9.0,2114,0,3203,8,2146,5.5,2026,79.56758133813042,2330,159.13516267626085,1854,160.13516267626085,2235
331,Eleonora Guarnieri,multiple-field,Europe,Bristol,4,3256,3,3094,32.72613634390714,3475,59.0,3453,5,3656,2,1169,3,2072,3.5,3382,1,1424,4,2882,3.0,2752,26.41103500742244,3218,32.82207001484488,3367,95.46621004453463,2679
332,Maija Halonen-Akatwijuka,micro_theory,Europe,Bristol,4,3256,1,3809,17.776388834631177,3864,40.0,3695,7,3309,0,3283,2,2431,3.5,3382,0,3203,1,3860,1.0,3730,8.888194417315589,3894,17.776388834631177,3771,18.776388834631177,3843
333,Sukjin Vincent Han,econometrics,Europe,Bristol,7,2425,5,2603,83.24662155306964,2672,170.0,2751,11,2737,0,3283,4,1786,5.5,2853,0,3203,5,2654,3.5,2589,41.62331077653482,2848,83.24662155306964,2519,84.24662155306964,2778
334,Muhammad Haseeb,development,Europe,Bristol,1,4388,0,4385,2.23606797749979,4467,3.0,4453,2,4322,0,3283,1,2917,1.0,4350,0,3203,0,4408,0.5,4086,1.118033988749895,4470,2.23606797749979,4440,3.23606797749979,4442
335,Tai-Wei Hu,micro_theory,Europe,Bristol,9,1992,7,2254,77.06490770772389,2745,239.0,2472,26,1461,1,1576,18,453,13.5,1526,1,1424,7,2299,9.5,1356,79.88771365130859,2327,58.77542730261716,2869,117.55085460523432,2495
336,Stefan Hubner,econometrics,Europe,Bristol,1,4388,0,4385,1.0,4570,1.0,4570,2,4322,0,3283,1,2917,1.0,4350,0,3203,0,4408,0.5,4086,0.5,4572,1.0,4561,2.0,4561
337,Paul Hufe,labor,Europe,Bristol,6,2677,4,2824,53.89805191284746,3073,117.0,3021,13,2492,1,1576,1,2917,7.0,2517,1,1424,4,2882,2.5,2945,37.38181191654584,2937,53.76362383309168,2933,107.52724766618336,2572
338,Alessandro Iaria,multiple-field,Europe,Bristol,3,3600,2,3404,74.2024258363566,2783,100.0,3122,6,3475,1,1576,2,2431,3.5,3382,1,1424,2,3459,1.5,3437,81.7819293264239,2306,22.563858652847824,3618,45.12771730569565,3284
339,Gregory Jolivet,labor,Europe,Bristol,9,1992,9,1961,137.58270240113762,2174,347.0,2142,11,2737,2,1169,6,1392,6.5,2616,1,1424,10,1859,6.0,1923,85.26419266350405,2277,138.5283853270081,1998,412.5851559810243,1467
340,Alastair Langtry,multiple-field,Europe,Bristol,1,4388,0,4385,4.123105625617661,4372,5.0,4375,3,4085,0,3283,1,2917,1.5,4125,0,3203,0,4408,0.5,4086,2.0615528128088303,4377,4.123105625617661,4333,5.123105625617661,4345
341,Changhwa Lee,micro_theory,Europe,Bristol,0,4667,0,4385,0.0,4667,0.0,4667,1,4577,0,3283,0,3965,0.5,4588,0,3203,0,4408,0.0,4504,0.0,4667,0.0,4669,1.0,4669
342,Paola Manzini,micro_theory,Europe,Bristol,15,1141,21,998,327.98323127867377,1313,981.0,1291,40,899,4,749,19,415,22.0,892,3,816,22,972,16.0,788,1269.4150593609936,767,154.02333151880077,1891,755.1166575940039,1095
343,Jeremy Mccauley,p_finance,Europe,Bristol,6,2677,4,2824,147.32616875490925,2109,251.0,2425,9,3018,0,3283,1,2917,4.5,3116,0,3203,4,2882,2.5,2945,73.66308437745462,2382,147.32616875490925,1932,148.32616875490925,2289
344,Sebastian Merkel,finance,Europe,Bristol,3,3600,1,3809,15.811388300841896,3937,22.0,3954,3,4085,1,1576,2,2431,2.0,3907,0,3203,2,3459,1.5,3437,11.648529270389178,3736,16.297058540778355,3823,32.59411708155671,3507
345,Julien Monardo,i_organization,Europe,Bristol,2,3967,0,4385,4.242640687119285,4365,6.0,4335,2,4322,0,3283,0,3965,1.0,4350,0,3203,0,4408,0.0,4504,2.1213203435596424,4370,4.242640687119285,4326,5.242640687119285,4338
346,Iacopo Morchio,labor,Europe,Bristol,2,3967,0,4385,8.54400374531753,4151,11.0,4176,3,4085,0,3283,1,2917,1.5,4125,0,3203,0,4408,0.5,4086,4.272001872658765,4167,8.54400374531753,4095,9.54400374531753,4127
347,Lars Nesheim,multiple-field,Europe,Bristol,16,1038,18,1155,541.4997691596923,867,1574.0,911,28,1363,6,525,10,906,17.0,1221,6,456,18,1177,13.0,1007,5630.37439294713,408,217.84664264509837,1520,1489.9264985156883,774
348,Santiago Oliveros,micro_theory,Europe,Bristol,6,2677,5,2603,268.89217169713214,1503,353.0,2129,9,3018,2,1169,6,1392,5.5,2853,1,1424,6,2464,4.5,2297,183.45180997929785,1649,270.00373131730834,1317,807.011193951925,1058
349,David Pacini,econometrics,Europe,Bristol,3,3600,1,3809,33.926390907374746,3451,45.0,3632,8,3159,0,3283,0,3965,4.0,3242,0,3203,1,3860,0.5,4086,16.963195453687373,3536,33.926390907374746,3347,34.926390907374746,3472
350,In-Uck Park,micro_theory,Europe,Bristol,8,2197,8,2100,84.8999411071645,2659,216.0,2550,22,1700,2,1169,10,906,12.0,1681,2,1039,8,2146,6.5,1818,96.96811561057456,2152,84.51060537894507,2506,250.53181613683523,1870
351,Arnaud Philippe,multiple-field,Europe,Bristol,5,2944,5,2603,49.8998997994986,3139,114.0,3041,9,3018,1,1576,4,1786,5.0,2983,1,1424,5,2654,3.0,2752,52.26198236774968,2661,37.52396473549935,3274,75.0479294709987,2877
352,Mauricio Almeida Couri Ribeiro,behavior-experiment,Europe,Bristol,1,4388,0,4385,1.0,4570,1.0,4570,1,4577,0,3283,0,3965,0.5,4588,0,3203,0,4408,0.0,4504,0.5,4572,1.0,4561,2.0,4561
353,Alireza Sepahsalari,labor,Europe,Bristol,2,3967,0,4385,6.4031242374328485,4247,9.0,4234,2,4322,1,1576,2,2431,1.5,4125,0,3203,1,3860,1.5,3437,7.000000000000001,4004,5.0,4288,10.0,4105
354,Zahra Siddique,labor,Europe,Bristol,8,2197,8,2100,107.34989520255714,2435,262.0,2375,13,2492,0,3283,1,2917,6.5,2616,0,3203,8,2146,4.0,2445,53.67494760127857,2646,107.34989520255714,2253,108.34989520255714,2565
355,Hans Sievertsen,labor,Europe,Bristol,9,1992,8,2100,143.10485666112103,2141,291.0,2294,17,2079,0,3283,6,1392,8.5,2203,0,3203,8,2146,6.0,1923,71.55242833056052,2405,143.10485666112103,1962,144.10485666112103,2314
356,Helen Simpson,multiple-field,Europe,Bristol,12,1477,12,1604,487.92007542219454,944,1336.0,1044,17,2079,0,3283,3,2072,8.5,2203,0,3203,12,1632,6.0,1923,243.96003771109727,1456,487.92007542219454,760,488.92007542219454,1344
357,Sarah Smith,multiple-field,Europe,Bristol,19,797,24,859,423.6543402350553,1077,1485.0,958,36,1023,0,3283,11,832,18.0,1148,0,3203,24,876,12.5,1053,211.8271701175277,1539,423.6543402350553,876,424.6543402350553,1446
358,Senay Sokullu,i_organization,Europe,Bristol,4,3256,1,3809,16.522711641858304,3906,37.0,3719,8,3159,0,3283,0,3965,4.0,3242,0,3203,1,3860,0.5,4086,8.261355820929152,3934,16.522711641858304,3817,17.522711641858304,3882
359,Peter Spittal,labor,Europe,Bristol,1,4388,1,3809,23.0,3702,23.0,3937,1,4577,0,3283,0,3965,0.5,4588,0,3203,1,3860,0.5,4086,11.5,3745,23.0,3600,24.0,3688
360,Sami Stouli,econometrics,Europe,Bristol,5,2944,4,2824,25.179356624028344,3645,66.0,3386,9,3018,1,1576,3,2072,5.0,2983,0,3203,5,2654,3.0,2752,14.549900398011133,3613,26.099800796022265,3518,52.19960159204453,3167
361,Kevin Tran,i_organization,Europe,Bristol,2,3967,1,3809,85.48099203916622,2651,95.0,3161,3,4085,0,3283,1,2917,1.5,4125,0,3203,1,3860,0.5,4086,42.74049601958311,2832,85.48099203916622,2494,86.48099203916622,2759
362,Matan Tsur,micro_theory,Europe,Bristol,3,3600,0,4385,12.884098726725126,4009,22.0,3954,3,4085,0,3283,2,2431,1.5,4125,0,3203,0,4408,1.0,3730,6.442049363362563,4028,12.884098726725126,3934,13.884098726725126,3981
363,Hélène Turon,labor,Europe,Bristol,8,2197,8,2100,75.53145040312677,2766,199.0,2619,10,2874,1,1576,7,1234,5.5,2853,1,1424,8,2146,4.5,2297,53.7967389859482,2644,74.59347797189639,2636,149.18695594379278,2285
364,Christine Valente,development,Europe,Bristol,8,2197,8,2100,128.59237924542808,2248,344.0,2156,13,2492,0,3283,4,1786,6.5,2616,0,3203,8,2146,4.5,2297,64.29618962271404,2496,128.59237924542808,2069,129.59237924542808,2405
365,Stephanie Von Hinke,multiple-field,Europe,Bristol,16,1038,19,1100,190.8114252344445,1854,745.0,1494,36,1023,0,3283,13,700,18.0,1148,0,3203,19,1119,12.0,1098,95.40571261722224,2171,190.8114252344445,1661,191.8114252344445,2082
366,Weining Wang,econometrics,Europe,Bristol,11,1625,11,1709,348.4852938073571,1250,680.0,1578,26,1461,0,3283,6,1392,13.0,1571,0,3203,11,1737,7.0,1731,174.24264690367855,1687,348.4852938073571,1043,349.4852938073571,1591
367,Julia Wirtz,micro_theory,Europe,Bristol,1,4388,0,4385,7.0,4221,7.0,4303,1,4577,0,3283,1,2917,0.5,4588,0,3203,0,4408,0.5,4086,3.5,4237,7.0,4171,8.0,4195
368,Hakkı Yazıcı,p_finance,Europe,Bristol,4,3256,3,3094,44.609416046390926,3234,86.0,3220,12,2609,1,1576,6,1392,6.5,2616,0,3203,4,2882,3.5,2589,29.94310825749169,3135,44.88621651498338,3098,89.77243302996676,2728
369,Yanos Zylberberg,multiple-field,Europe,Bristol,8,2197,7,2254,281.7853793226327,1442,573.0,1716,12,2609,3,924,6,1392,7.5,2418,2,1039,8,2146,6.5,1818,437.9401958873581,1159,269.4469928522369,1319,1069.7879714089477,915
370,Ruth Badru,macro,Europe,Bristol,1,4388,0,4385,1.0,4570,1.0,4570,1,4577,0,3283,0,3965,0.5,4588,0,3203,0,4408,0.0,4504,0.5,4572,1.0,4561,2.0,4561
371,Alvin Birdi,other,Europe,Bristol,4,3256,3,3094,46.82947789587238,3193,77.0,3292,7,3309,0,3283,0,3965,3.5,3382,0,3203,3,3149,1.5,3437,23.41473894793619,3305,46.82947789587238,3065,47.82947789587238,3237
372,Raul Crespo,macro,Europe,Bristol,1,4388,1,3809,10.0,4097,10.0,4201,1,4577,0,3283,0,3965,0.5,4588,0,3203,1,3860,0.5,4086,5.0,4116,10.0,4036,11.0,4071
373,Danielle Guizzo,multiple-field,Europe,Bristol,6,2677,4,2824,42.77849927241488,3286,142.0,2879,27,1408,0,3283,0,3965,13.5,1526,0,3203,4,2882,2.0,3174,21.38924963620744,3385,42.77849927241488,3168,43.77849927241488,3318
374,Gervas Huxley,labor,Europe,Bristol,2,3967,1,3809,19.4164878389476,3817,23.0,3937,3,4085,0,3283,0,3965,1.5,4125,0,3203,1,3860,0.5,4086,9.7082439194738,3848,19.4164878389476,3720,20.4164878389476,3799
375,Rabeya Khatoon,multiple-field,Europe,Bristol,2,3967,0,4385,7.874007874011811,4188,12.0,4154,4,3855,0,3283,0,3965,2.0,3907,0,3203,0,4408,0.0,4504,3.9370039370059056,4206,7.874007874011811,4135,8.874007874011811,4163
376,Satadru Mukherjee,p_finance,Europe,Bristol,1,4388,0,4385,7.0,4221,7.0,4303,1,4577,0,3283,0,3965,0.5,4588,0,3203,0,4408,0.0,4504,3.5,4237,7.0,4171,8.0,4195
377,Anna Aizer,multiple-field,North America,Brown,19,797,22,952,711.6733801400752,675,2391.0,667,33,1137,6,525,16,541,19.5,1041,4,656,24,876,15.0,864,4493.664503506906,457,439.4616476690873,848,3041.231533683612,536
378,Daniel Bjorkegren,development,North America,Brown,5,2944,3,3094,64.9307323229917,2909,122.0,2988,8,3159,1,1576,3,2072,4.5,3116,1,1424,3,3149,3.0,2752,64.32489316217635,2495,53.64978632435273,2937,107.29957264870546,2573
379,Mark Blyth,political_econ,North America,Brown,23,568,30,633,748.8524554276363,648,2806.0,578,52,637,0,3283,0,3965,26.0,718,0,3203,30,649,15.0,864,374.42622771381815,1232,748.8524554276363,500,749.8524554276363,1100
380,Jesse Bruhn,labor,North America,Brown,2,3967,0,4385,5.0,4330,7.0,4303,3,4085,1,1576,2,2431,2.0,3907,0,3203,1,3860,1.5,3437,2.5,4337,6.0,4225,12.0,4041
381,Kenneth Chay,multiple-field,North America,Brown,12,1477,12,1604,1130.0278757623637,426,2445.0,658,12,2609,5,627,8,1097,8.5,2203,5,545,12,1632,8.5,1487,8738.326664693082,334,175.09703113223347,1754,1026.5821867934008,930
382,Pedro Dal Bó,multiple-field,North America,Brown,13,1348,14,1430,549.2786178252345,855,1621.0,896,20,1840,5,627,10,906,12.5,1623,5,545,14,1453,9.5,1356,4058.216231262415,480,336.71976124433706,1087,1996.3185674660224,666
383,Geoffroy De Clippel,micro_theory,North America,Brown,13,1348,17,1215,146.9693845669907,2111,520.0,1790,35,1061,7,445,21,355,21.0,953,6,456,18,1177,18.0,684,1297.9543925612682,758,109.77159140540736,2225,830.1727312432589,1043
384,Fernando Duarte,finance,North America,Brown,2,3967,2,3404,91.3892772703669,2586,120.0,3002,3,4085,0,3283,3,2072,1.5,4125,0,3203,2,3459,1.5,3437,45.69463863518345,2776,91.3892772703669,2427,92.3892772703669,2703
385,Gauti Eggertsson,macro,North America,Brown,16,1038,21,998,1263.1436972886338,370,3062.0,547,32,1187,8,386,16,541,20.0,1011,8,320,21,1017,15.5,820,6849.007019465015,373,1044.3262034707025,351,9335.935831236322,257
386,Jack Fanning,micro_theory,North America,Brown,4,3256,2,3404,28.46049894151541,3569,60.0,3445,9,3018,4,749,6,1392,6.5,2616,1,1424,5,2654,5.5,2026,109.2750760163569,2054,16.84523257866513,3808,69.22616289332565,2949
387,Allan Feldman,micro_theory,North America,Brown,9,1992,9,1961,125.51493934986384,2267,324.0,2203,18,1994,1,1576,8,1097,9.5,2035,1,1424,9,2003,7.0,1731,119.380708125689,1997,107.761416251378,2249,215.522832502756,1978
388,Kellie Forrester,labor,North America,Brown,1,4388,0,4385,3.1622776601683795,4423,4.0,4413,2,4322,0,3283,0,3965,1.0,4350,0,3203,0,4408,0.0,4504,1.5811388300841898,4427,3.1622776601683795,4383,4.16227766016838,4392
389,Andrew Foster,multiple-field,North America,Brown,31,296,44,375,1376.395655325895,332,4803.0,363,66,453,12,216,24,285,39.0,379,11,201,45,370,30.0,313,18816.798631879945,198,766.765526504755,486,9824.951844561816,242
390,Rachel Friedberg,labor,North America,Brown,1,4388,0,4385,4.0,4388,4.0,4413,3,4085,0,3283,0,3965,1.5,4125,0,3203,0,4408,0.0,4504,2.0,4394,4.0,4349,5.0,4360
391,John Friedman,labor,North America,Brown,15,1141,15,1353,1494.668190602851,304,3961.0,440,20,1840,11,246,12,763,15.5,1343,11,201,15,1379,13.0,1007,30239.64749559185,142,248.36891119099823,1398,2860.426934291979,552
392,Alexandre Gaillard,i_trade,North America,Brown,1,4388,1,3809,18.0,3855,18.0,4028,1,4577,0,3283,0,3965,0.5,4588,0,3203,1,3860,0.5,4086,9.0,3886,18.0,3762,19.0,3835
393,Oded Galor,multiple-field,North America,Brown,39,164,50,291,3188.510937726261,120,12426.0,106,61,505,19,95,35,139,40.0,354,18,84,51,289,35.5,221,128544.93417249448,39,1074.273898094708,341,21125.47796189416,122
394,Peter Howitt,macro,North America,Brown,32,272,45,357,2955.3334837205766,127,8756.0,174,76,341,14,160,27,228,45.0,285,13,148,46,357,31.0,292,49342.769784638695,93,882.1601234795341,425,13037.401852193012,189
395,Peter Hull,multiple-field,North America,Brown,12,1477,15,1353,392.18235554394846,1140,853.0,1398,27,1408,12,216,14,640,19.5,1041,8,320,19,1119,15.5,820,4159.803213767699,475,80.60757975617562,2551,904.8985368302832,997
396,Sebnem Kalemli-Ozcan,i_finance,North America,Brown,26,451,34,548,1672.150411894815,265,5087.0,341,51,654,3,924,21,355,27.0,674,3,816,34,558,19.5,610,2384.1041311984004,593,1624.2541441735775,191,6489.016576694311,330
397,Toru Kitagawa,econometrics,North America,Brown,9,1992,9,1961,215.4785372142664,1724,471.0,1885,21,1766,4,749,14,640,12.5,1623,3,816,10,1859,9.5,1356,1092.8796671602076,822,46.43819034784589,3077,217.19095173922943,1972
398,Brian Knight,political_econ,North America,Brown,21,669,26,777,517.5432349089301,895,2023.0,756,37,989,6,525,20,383,21.5,923,6,456,26,797,17.5,716,3546.706856444394,511,403.85047442475167,910,2791.9533209732617,558
399,Yann Koby,macro,North America,Brown,1,4388,1,3809,33.0,3469,33.0,3785,1,4577,1,1576,1,2917,1.0,4350,1,1424,1,3860,1.0,3730,33.0,3051,1.0,4561,2.0,4561
400,Sylvia Kuo,multiple-field,North America,Brown,13,1348,14,1430,315.15869018638847,1344,983.0,1286,20,1840,0,3283,0,3965,10.0,1962,0,3203,14,1453,7.0,1731,157.57934509319423,1770,315.15869018638847,1151,316.15869018638847,1681
401,Soonwoo Kwon,econometrics,North America,Brown,2,3967,2,3404,22.9128784747792,3705,33.0,3785,3,4085,1,1576,2,2431,2.0,3907,0,3203,3,3149,2.0,3174,13.412712210513329,3665,23.825424421026653,3576,47.65084884205331,3243
402,Spencer Kwon,behavior-experiment,North America,Brown,4,3256,4,2824,53.786615435440815,3075,101.0,3112,4,3855,3,924,4,1786,3.5,3382,3,816,4,2882,3.5,2589,208.24294298282572,1559,37.0,3280,140.0,2333
403,Rafael La Porta,multiple-field,North America,Brown,33,250,35,527,16376.16924069851,7,56877.0,5,38,953,11,246,25,268,24.5,776,11,201,35,538,23.0,493,153555.7253285961,32,11554.20990885984,11,138530.5189063181,16
404,Lorenzo Lagos,labor,North America,Brown,1,4388,1,3809,29.0,3555,29.0,3841,2,4322,2,1169,2,2431,2.0,3907,1,1424,2,3459,2.0,3174,29.0,3159,2.0,4473,3.0,4474
405,Glenn Loury,multiple-field,North America,Brown,19,797,29,665,766.940675671854,637,2118.0,737,57,557,10,280,13,700,33.5,504,10,231,29,684,19.5,610,8479.268385542844,339,276.63833182796503,1287,2944.021650107615,548
406,Stelios Michalopoulos,multiple-field,North America,Brown,16,1038,18,1155,887.0620045971983,564,2623.0,620,22,1700,7,445,13,700,14.5,1436,7,384,18,1177,13.0,1007,11893.99787022265,277,356.5711658589707,1018,2804.569326871765,557
407,Andriy Norets,econometrics,North America,Brown,10,1802,10,1828,88.19297024139736,2619,262.0,2375,15,2273,4,749,8,1097,9.5,2035,3,816,11,1737,8.5,1487,377.8796582380796,1225,66.60990336999411,2743,318.0495168499706,1678
408,Emily Oster,multiple-field,North America,Brown,26,451,33,565,2616.216543025443,149,4907.0,358,48,712,5,627,14,640,26.5,696,5,545,33,579,19.0,627,5054.430705552261,429,2571.4985875702328,99,15404.991525421396,164
409,Bobby Pakzad-Hurson,micro_theory,North America,Brown,1,4388,1,3809,28.0178514522438,3585,29.0,3841,4,3855,2,1169,3,2072,3.0,3545,1,1424,2,3459,2.5,2945,28.500000000000004,3169,3.0,4407,6.0,4300
410,Matthew Pecenco,labor,North America,Brown,2,3967,1,3809,43.15089802078283,3272,48.0,3588,3,4085,2,1169,3,2072,2.5,3719,1,1424,2,3459,2.5,2945,65.0472369909914,2482,5.0,4288,12.0,4041
411,Mark Pitt,development,North America,Brown,15,1141,17,1215,1231.8437400904386,383,2695.0,596,20,1840,3,924,9,991,11.5,1753,3,816,17,1241,10.0,1294,2213.105218431014,607,912.1276038048784,412,3640.5104152195136,483
412,Louis Putterman,multiple-field,North America,Brown,39,164,85,104,934.8753927663302,540,5850.0,283,134,97,3,924,28,209,68.5,112,3,816,85,105,47.0,127,2433.360690587333,590,826.4445943717161,450,3297.7783774868644,512
413,Kareen Rozen,micro_theory,North America,Brown,8,2197,7,2254,70.4769465853906,2832,181.0,2699,14,2384,3,924,7,1234,8.5,2203,2,1039,8,2146,6.5,1818,203.342612635392,1572,42.57271787481876,3171,162.29087149927503,2228
414,Jonathan Roth,econometrics,North America,Brown,5,2944,5,2603,768.9057159366159,636,1300.0,1058,9,3018,4,749,6,1392,6.5,2616,3,816,6,2464,5.0,2147,2094.7382615381066,625,641.8259950801629,585,3194.1299754008146,523
415,Susanne Schennach,econometrics,North America,Brown,18,872,21,998,1012.0805303927152,497,2235.0,707,30,1275,7,445,14,640,18.5,1111,6,456,22,972,16.0,788,5811.213993181417,399,274.8488379664918,1295,2150.7907037319346,640
416,Jesse Shapiro,multiple-field,North America,Brown,54,55,70,153,2756.1288068593603,139,15384.0,82,92,240,42,8,60,29,67.0,119,32,12,80,117,62.0,65,207300.27912835343,26,1924.906795356584,148,81007.9922003331,33
417,Bryce Millett Steinberg,development,North America,Brown,4,3256,4,2824,215.59452683219956,1723,321.0,2212,5,3656,1,1576,3,2072,3.0,3545,1,1424,4,2882,2.5,2945,238.37663853655727,1467,67.75327707311455,2728,135.5065541462291,2361
418,Matthew Turner,multiple-field,North America,Brown,22,617,26,777,1123.3516813536178,431,3887.0,448,33,1137,9,329,11,832,21.0,953,8,320,27,755,18.0,684,13741.049495125428,253,609.4514967922055,618,6014.514967922055,350
419,Gaurab Aryal,i_organization,North America,BU,6,2677,6,2423,45.24378410345447,3217,119.0,3011,13,2492,3,924,8,1097,8.0,2304,2,1039,7,2299,6.5,1818,119.46524375297656,1996,42.64845520319802,3170,162.59382081279207,2225
420,Marianne Baxter,macro,North America,BU,17,948,20,1048,1519.749650435887,296,3777.0,456,26,1461,5,627,16,541,15.5,1343,5,545,20,1065,13.5,969,3688.140081644319,504,1452.9568363732394,232,8693.741018239436,274
421,Joaquin Blaum,i_trade,North America,BU,2,3967,1,3809,62.65780079128216,2949,72.0,3336,3,4085,1,1576,1,2917,2.0,3907,0,3203,2,3459,1.5,3437,32.324910215354166,3069,63.64982043070834,2794,127.29964086141668,2424
422,Regina Cati,i_finance,North America,BU,2,3967,2,3404,43.0,3277,59.0,3453,4,3855,0,3283,0,3965,2.0,3907,0,3203,2,3459,1.0,3730,21.5,3377,43.0,3155,44.0,3309
423,Christophe Chamley,multiple-field,North America,BU,14,1239,18,1155,344.7230772663762,1265,822.0,1427,31,1232,7,445,14,640,19.0,1075,6,456,19,1119,14.0,936,1277.779714132189,763,340.9595783923557,1071,2679.676627138846,567
424,Krishna Dasaratha,micro_theory,North America,BU,6,2677,3,3094,25.98076211353316,3631,79.0,3276,11,2737,2,1169,5,1568,6.5,2616,0,3203,5,2654,4.5,2297,36.27802915780868,2966,26.55605831561735,3507,76.66817494685205,2860
425,Ishita Dey,labor,North America,BU,1,4388,1,3809,30.0,3535,30.0,3824,2,4322,0,3283,0,3965,1.0,4350,0,3203,1,3860,0.5,4086,15.0,3598,30.0,3423,31.0,3538
426,Randall P. Ellis,p_finance,North America,BU,34,230,50,291,1192.2780715923614,400,5149.0,336,79,311,0,3283,16,541,39.5,366,0,3203,50,299,26.0,403,596.1390357961807,1021,1192.2780715923614,302,1193.2780715923614,872
427,Bahar Erbas,multiple-field,North America,BU,7,2425,3,3094,178.51610571598297,1928,256.0,2402,13,2492,0,3283,0,3965,6.5,2616,0,3203,3,3149,1.5,3437,89.25805285799147,2231,178.51610571598297,1732,179.51610571598297,2141
428,Haldun Evrenk,political_econ,North America,BU,5,2944,1,3809,20.8806130178211,3772,56.0,3480,12,2609,0,3283,3,2072,6.0,2731,0,3203,1,3860,2.0,3174,10.44030650891055,3809,20.8806130178211,3676,21.8806130178211,3755
429,James Feigenbaum,history,North America,BU,11,1625,11,1709,177.49929577325088,1933,494.0,1840,20,1840,3,924,4,1786,11.5,1753,1,1424,13,1535,8.0,1567,123.4663253588982,1965,179.99152522084214,1724,711.9661008833685,1128
430,Ivan Fernandez-Val,econometrics,North America,BU,22,617,26,777,748.4176641421553,649,2621.0,621,42,840,10,280,20,383,26.0,718,7,384,29,684,21.0,550,10180.609394146228,302,329.31175988365976,1103,3523.4293587202574,492
431,Raymond Fisman,multiple-field,North America,BU,46,100,67,173,2572.07503778564,151,11394.0,124,92,240,20,83,46,66,56.0,184,20,64,67,179,46.0,134,83775.36457545595,60,1652.5158498464878,188,34303.83284677624,90
432,Martin Fiszbein,history,North America,BU,6,2677,6,2423,183.74710882079205,1899,327.0,2197,10,2874,3,924,5,1568,6.5,2616,3,816,6,2464,4.5,2297,451.8993190302136,1143,103.9504829111778,2289,407.8019316447112,1477
433,Jean-Jacques Forneron,econometrics,North America,BU,3,3600,1,3809,18.788294228055936,3838,27.0,3874,5,3656,1,1576,4,1786,3.0,3545,0,3203,2,3459,2.5,2945,11.340770846134705,3755,19.68154169226941,3711,39.36308338453881,3390
434,Stefania Garetto,multiple-field,North America,BU,5,2944,4,2824,84.61087400565013,2661,157.0,2808,6,3475,1,1576,2,2431,3.5,3382,1,1424,4,2882,3.0,2752,93.4846890933906,2188,49.96937818678118,3006,99.93875637356236,2644
435,Ekaterina “katya” Gnedenko,other,North America,BU,2,3967,0,4385,3.605551275463989,4413,5.0,4375,6,3475,0,3283,0,3965,3.0,3545,0,3203,0,4408,0.0,4504,1.8027756377319943,4417,3.605551275463989,4374,4.60555127546399,4383
436,Joshua Goodman,labor,North America,BU,22,617,24,859,450.4819641228714,1016,1694.0,858,35,1061,2,1169,9,991,18.5,1111,2,1039,24,876,13.0,1007,375.5227032308765,1228,449.2560787736708,826,1344.7682363210124,816
437,Adam Guren,multiple-field,North America,BU,8,2197,7,2254,428.0887758397784,1063,784.0,1457,11,2737,5,627,6,1392,8.0,2304,4,656,8,2146,6.5,1818,1894.352113265949,662,191.78597377747613,1653,1126.7158426648568,890
438,Tarek Hassan,multiple-field,North America,BU,13,1348,13,1510,684.8846618227043,702,1465.0,974,18,1994,11,246,13,700,14.5,1436,8,320,16,1309,13.5,969,7073.186793614729,368,216.1267900592217,1526,2473.52148071066,594
439,Todd Idson,labor,North America,BU,10,1802,12,1604,354.19062664051404,1230,847.0,1403,21,1766,1,1576,3,2072,11.0,1825,1,1424,12,1632,7.0,1731,305.0200604863484,1343,325.04012097269685,1120,650.0802419453937,1180
440,Jordi Jaumandreu,i_organization,North America,BU,10,1802,10,1828,698.1468326935244,692,1739.0,839,15,2273,2,1169,4,1786,8.5,2203,2,1039,10,1859,6.0,1923,1035.7732357833506,836,612.6774926260177,613,1835.0324778780528,693
441,Jihye Jeon,i_organization,North America,BU,4,3256,3,3094,24.698178070456937,3660,48.0,3588,4,3855,1,1576,3,2072,2.5,3719,0,3203,4,2882,2.5,2945,18.84271928232701,3470,24.68543856465402,3553,49.37087712930804,3213
442,E. Nilay Kafali,multiple-field,North America,BU,3,3600,2,3404,19.1049731745428,3829,29.0,3841,3,4085,0,3283,0,3965,1.5,4125,0,3203,2,3459,1.0,3730,9.5524865872714,3858,19.1049731745428,3729,20.1049731745428,3809
443,Hiroaki Kaido,econometrics,North America,BU,6,2677,5,2603,64.92303135251773,2910,149.0,2836,13,2492,3,924,6,1392,8.0,2304,3,816,5,2654,5.0,2147,257.5464276672855,1426,24.6794833886788,3554,90.7179335547152,2719
444,Robert G. King,macro,North America,BU,30,323,35,527,5198.616258197945,46,13051.0,101,56,569,6,525,33,157,31.0,565,6,456,35,538,24.5,444,20293.074036547707,187,2697.294855641054,92,18846.06398948737,132
445,Laurence J. Kotlikoff,p_finance,North America,BU,26,451,43,396,665.0045112628936,728,2809.0,576,100,192,17,114,27,228,58.5,168,16,105,44,387,33.5,251,21923.29924914567,173,253.32181448186284,1383,4271.792660673531,437
446,David Lagakos,development,North America,BU,14,1239,18,1155,526.3031445849435,885,1453.0,980,21,1766,8,386,12,763,14.5,1436,7,384,19,1119,13.5,969,6626.001454518982,376,203.7702735350799,1588,1770.932461815719,711
447,Kevin Lang,labor,North America,BU,27,420,39,455,1088.1732398841648,455,3873.0,449,59,532,9,329,27,228,34.0,490,8,320,40,448,28.5,340,10688.62097655748,294,928.7021256907044,402,9207.021256907045,260
448,Barton Lipman,micro_theory,North America,BU,21,669,24,859,460.8090710912709,994,1589.0,904,32,1187,12,216,24,285,22.0,892,12,173,24,876,19.0,627,11198.639044249094,290,167.18376203714098,1803,2030.388906482833,657
449,Ching-To Albert Ma,multiple-field,North America,BU,21,669,30,633,408.79090009441256,1109,1600.0,901,53,615,3,924,21,355,28.0,646,3,816,30,649,20.5,567,1020.2875014688672,847,368.2026834512584,993,1464.8107338050334,779
450,Chiara Margaria,micro_theory,North America,BU,3,3600,2,3404,19.1049731745428,3829,29.0,3841,4,3855,0,3283,2,2431,2.0,3907,0,3203,2,3459,1.0,3730,9.5524865872714,3858,19.1049731745428,3729,20.1049731745428,3809
451,Robert A. Margo,history,North America,BU,28,386,42,412,561.5086820343921,836,2464.0,654,65,467,4,749,4,1786,34.5,474,3,816,43,408,23.5,479,1333.2558839564704,751,406.6748067609892,902,2018.374033804946,660
452,Benjamin Marx,multiple-field,North America,BU,6,2677,5,2603,271.99080866823425,1494,367.0,2096,9,3018,3,924,6,1392,6.0,2731,1,1424,7,2299,6.0,1923,171.41879485507172,1700,273.83758971014345,1303,1087.3503588405738,907
453,Yuhei Miyauchi,multiple-field,North America,BU,2,3967,1,3809,17.832554500127006,3863,24.0,3921,3,4085,2,1169,3,2072,2.5,3719,0,3203,3,3149,2.5,2945,21.82455532033676,3363,19.0,3735,54.0,3143
454,Dilip Mookherjee,multiple-field,North America,BU,36,203,68,166,969.9654633026888,517,5251.0,329,106,170,16,128,48,55,61.0,147,14,128,70,160,49.0,114,21223.49003308986,177,653.6997726203139,569,10857.896134545335,225
455,Andrew F. Newman,micro_theory,North America,BU,14,1239,16,1280,1601.6141857513626,279,2360.0,677,21,1766,7,445,15,589,14.0,1485,7,384,16,1309,12.5,1053,8852.4672155549,330,107.96534058774824,2246,815.7227247019858,1052
456,Jawwad Noor,micro_theory,North America,BU,9,1992,9,1961,106.31556800393815,2443,305.0,2256,13,2492,2,1169,8,1097,7.5,2418,1,1424,10,1859,7.0,1731,104.11298400633628,2094,103.65136496870072,2297,307.9540949061022,1700
457,Juan Ortner,micro_theory,North America,BU,8,2197,7,2254,59.77457653551382,2991,183.0,2686,15,2273,6,525,10,906,10.5,1890,4,656,9,2003,9.0,1418,462.54432658770617,1131,37.11269837220809,3278,224.7888886054566,1947
458,Daniele Paserman,labor,North America,BU,19,797,20,1048,428.5883806171138,1062,1578.0,909,24,1571,6,525,14,640,15.0,1386,6,456,20,1065,14.0,936,2977.3135658258457,552,381.7299562185586,961,2637.1096935299106,575
459,Pierre Perron,econometrics,North America,BU,40,151,83,107,13775.111542198125,10,32582.0,18,118,132,4,749,35,139,61.0,147,4,656,83,109,45.0,140,28746.47331745064,148,12974.440123604134,10,64857.200618020666,47
460,Bjorn Persson,other,North America,BU,1,4388,1,3809,57.0,3029,57.0,3471,1,4577,0,3283,0,3965,0.5,4588,0,3203,1,3860,0.5,4086,28.5,3170,57.0,2892,58.0,3090
461,Zhongjun Qu,econometrics,North America,BU,15,1141,16,1280,409.9670718484596,1105,1193.0,1123,26,1461,3,924,16,541,14.5,1436,3,816,16,1309,13.0,1007,808.0911064152324,919,282.21855239220764,1253,1120.8742095688306,893
462,Natalia Ramondo,i_trade,North America,BU,10,1802,11,1709,233.67926737303847,1655,626.0,1653,14,2384,8,386,8,1097,11.0,1825,6,456,13,1535,10.5,1239,2699.9459739303047,567,109.3755394560246,2234,921.3798551042214,985
463,Marc Rysman,i_organization,North America,BU,16,1038,23,906,876.5175411821489,571,2147.0,731,31,1232,3,924,10,906,17.0,1221,3,816,23,925,13.5,969,1365.304968643868,743,831.2077034174458,447,3316.8308136697838,511
464,Johannes Schmieder,labor,North America,BU,14,1239,15,1353,479.1210702943464,955,1361.0,1024,20,1840,9,329,13,700,14.5,1436,8,320,16,1309,13.5,969,5508.42366406666,412,389.1026177231617,938,3811.026177231617,469
465,Linh Tô,behavior-experiment,North America,BU,1,4388,1,3809,50.0,3134,50.0,3563,1,4577,1,1576,1,2917,1.0,4350,1,1424,1,3860,1.0,3730,50.00000000000001,2706,1.0,4561,2.0,4561
466,Marina Agranov,behavior-experiment,North America,Caltech,12,1477,13,1510,173.35512683506076,1960,530.0,1775,23,1634,2,1169,14,640,12.5,1623,1,1424,14,1453,10.5,1239,183.57921727336264,1647,125.15843454672522,2095,372.4753036401757,1539
467,Colin F. Camerer,behavior-experiment,North America,Caltech,91,6,188,14,10472.328585372024,13,55280.0,6,234,25,21,73,39,104,127.5,24,19,73,190,14,106.5,17,107731.55525079108,48,10109.935176717116,12,221978.57388777653,8
468,Hannah Druckenmiller,p_finance,North America,Caltech,5,2944,5,2603,1051.0951431721107,472,1145.0,1157,8,3159,1,1576,1,2917,4.5,3116,1,1424,5,2654,3.0,2752,560.2561279985223,1042,1051.5122559970446,349,2103.024511994089,649
469,Philip T. Hoffman,history,North America,Caltech,15,1141,18,1155,279.21497094532737,1458,863.0,1391,34,1095,1,1576,1,2917,17.5,1186,1,1424,18,1177,9.5,1356,151.47849296576155,1799,279.95698593152315,1267,559.9139718630463,1267
470,Pawel Janas,multiple-field,North America,Caltech,3,3600,2,3404,39.97499218261337,3336,60.0,3445,5,3656,0,3283,2,2431,2.5,3719,0,3203,2,3459,2.0,3174,19.987496091306685,3426,39.97499218261337,3221,40.97499218261337,3363
471,Eric Mazumdar,other,North America,Caltech,12,1477,14,1430,121.37956994486346,2311,379.0,2067,36,1023,0,3283,0,3965,18.0,1148,0,3203,14,1453,7.0,1731,60.68978497243173,2545,121.37956994486346,2129,122.37956994486346,2462
472,Axel Niemeyer,micro_theory,North America,Caltech,1,4388,0,4385,1.0,4570,1.0,4570,1,4577,0,3283,0,3965,0.5,4588,0,3203,0,4408,0.0,4504,0.5,4572,1.0,4561,2.0,4561
473,Thomas R. Palfrey III,multiple-field,North America,Caltech,42,131,80,112,1864.8887366274696,237,7444.0,214,114,144,17,114,63,25,65.5,127,15,113,82,112,56.0,81,17462.5865909236,210,1826.277756454216,160,32584.999616175883,92
474,Charles R. Plott,multiple-field,North America,Caltech,39,164,78,117,1213.614436301744,394,5966.0,278,114,144,23,62,36,128,68.5,112,22,51,79,119,52.5,96,48558.686059973705,95,594.9965034858168,633,13751.916083659602,183
475,Luciano Pomatto,micro_theory,North America,Caltech,5,2944,3,3094,32.984845004941285,3471,92.0,3183,15,2273,6,525,8,1097,10.5,1890,3,816,6,2464,7.0,1731,371.730971121793,1233,16.246950765959596,3826,78.72865536171719,2838
476,Antonio Rangel,behavior-experiment,North America,Caltech,61,35,74,134,3281.837595006797,114,17750.0,61,85,272,9,329,12,763,47.0,257,9,268,74,138,42.0,155,13089.159849918597,260,3211.5633483195925,76,32035.633483195925,94
477,Jean-Laurent Rosenthal,history,North America,Caltech,18,872,20,1048,313.13894679518864,1349,1114.0,1188,26,1461,1,1576,1,2917,13.5,1526,1,1424,20,1065,10.5,1239,280.04999107461595,1393,281.09998214923183,1259,562.1999642984637,1264
478,Kota Saito,micro_theory,North America,Caltech,9,1992,9,1961,118.54534997206764,2337,329.0,2193,15,2273,4,749,7,1234,9.5,2035,4,656,9,2003,7.5,1649,666.3110840618974,990,64.55575942881073,2779,307.77879714405367,1702
479,Robert Sherman,econometrics,North America,Caltech,9,1992,8,2100,133.5926644692739,2210,323.0,2206,15,2273,2,1169,7,1234,8.5,2203,2,1039,8,2146,6.0,1923,168.21643091919697,1724,130.432861838394,2055,388.298585515182,1511
480,Matthew Shum,multiple-field,North America,Caltech,24,528,39,455,399.4984355413673,1126,1919.0,784,78,323,14,160,36,128,46.0,276,12,173,41,434,30.5,304,7928.322009830182,350,281.5985799663369,1257,4028.9786994950537,456
481,Charles Sprenger,behavior-experiment,North America,Caltech,16,1038,17,1215,783.100249010304,624,2364.0,676,22,1700,10,280,15,589,16.0,1305,9,268,18,1177,15.0,864,9837.294687476273,310,536.7712976235513,700,5805.484273859064,362
482,Omer Tamuz,other,North America,Caltech,19,797,35,527,539.1669500256854,870,1857.0,806,67,442,10,280,13,700,38.5,391,6,456,39,464,25.0,431,1545.435342303288,709,545.2466721054882,690,5898.71339316037,359
483,Yi Xin,multiple-field,North America,Caltech,2,3967,0,4385,5.5677643628300215,4290,9.0,4234,5,3656,0,3283,3,2072,2.5,3719,0,3203,0,4408,1.5,3437,2.7838821814150108,4300,5.5677643628300215,4243,6.5677643628300215,4257
484,Alexander Rodnyansky,multiple-field,Europe,Cambridge,3,3600,2,3404,201.2510869535864,1804,282.0,2317,3,4085,0,3283,1,2917,1.5,4125,0,3203,2,3459,1.5,3437,100.6255434767932,2126,201.2510869535864,1609,202.2510869535864,2040
485,Anna Watson,i_trade,Europe,Cambridge,2,3967,1,3809,22.11334438749598,3734,25.0,3909,3,4085,0,3283,0,3965,1.5,4125,0,3203,1,3860,0.5,4086,11.05667219374799,3774,22.11334438749598,3636,23.11334438749598,3718
486,Andonis Ragusis,political_econ,Europe,Cambridge,1,4388,0,4385,1.0,4570,1.0,4570,1,4577,0,3283,0,3965,0.5,4588,0,3203,0,4408,0.0,4504,0.5,4572,1.0,4561,2.0,4561
487,Aytek Erdil,micro_theory,Europe,Cambridge,6,2677,6,2423,220.1794722493448,1703,391.0,2044,10,2874,1,1576,8,1097,5.5,2853,1,1424,6,2464,4.5,2297,246.04074282632723,1452,93.0814856526544,2413,186.1629713053088,2112
488,Benjamin Arold,labor,Europe,Cambridge,2,3967,0,4385,5.744562646538029,4285,9.0,4234,5,3656,1,1576,1,2917,3.0,3545,0,3203,1,3860,1.0,3730,6.061552812808831,4045,5.123105625617661,4260,10.24621125123532,4090
489,Bob Rowthorn,multiple-field,Europe,Cambridge,8,2197,7,2254,102.61091559868278,2481,237.0,2480,14,2384,0,3283,2,2431,7.0,2517,0,3203,7,2299,3.5,2589,51.30545779934139,2682,102.61091559868278,2310,103.61091559868278,2606
490,Bryony Reich,political_econ,Europe,Cambridge,2,3967,2,3404,69.83552104767315,2847,95.0,3161,4,3855,2,1169,4,1786,3.0,3545,0,3203,4,2882,3.0,2752,34.91776052383658,2999,71.83552104767315,2675,212.50656314301943,1992
491,Charles Brendon,macro,Europe,Cambridge,1,4388,0,4385,1.0,4570,1.0,4570,1,4577,0,3283,1,2917,0.5,4588,0,3203,0,4408,0.5,4086,0.5,4572,1.0,4561,2.0,4561
492,Christopher Harris,micro_theory,Europe,Cambridge,16,1038,18,1155,811.236710214719,604,2279.0,695,24,1571,6,525,17,493,15.0,1386,6,456,18,1177,13.5,969,8982.850641118128,327,285.93749302299614,1242,1966.562451160973,672
493,Christopher Rauh,multiple-field,Europe,Cambridge,14,1239,15,1353,809.7005619363247,607,1361.0,1024,27,1408,0,3283,8,1097,13.5,1526,0,3203,15,1379,8.5,1487,404.8502809681624,1193,809.7005619363247,461,810.7005619363247,1057
494,Chryssi Giannitsarou,macro,Europe,Cambridge,11,1625,13,1510,121.5606844337428,2308,361.0,2108,18,1994,0,3283,5,1568,9.0,2114,0,3203,13,1535,7.5,1649,60.78034221687141,2543,121.5606844337428,2125,122.5606844337428,2460
495,Clive Lawson,other,Europe,Cambridge,15,1141,17,1215,822.5411843792382,599,1918.0,785,24,1571,0,3283,0,3965,12.0,1681,0,3203,17,1241,8.5,1487,411.2705921896191,1185,822.5411843792382,453,823.5411843792382,1050
496,Collin Constantine,multiple-field,Europe,Cambridge,5,2944,4,2824,75.46522377890362,2769,143.0,2870,14,2384,0,3283,0,3965,7.0,2517,0,3203,4,2882,2.0,3174,37.73261188945181,2932,75.46522377890362,2626,76.46522377890362,2865
497,Constantine Yannelis,multiple-field,Europe,Cambridge,17,948,25,816,588.646753155065,810,1663.0,875,33,1137,1,1576,14,640,17.0,1221,1,1424,25,834,14.5,901,317.098622914151,1323,589.197245828302,641,1178.394491656604,875
498,Cristiano Ristuccia,history,Europe,Cambridge,3,3600,3,3094,36.98648401781386,3391,60.0,3445,3,4085,0,3283,0,3965,1.5,4125,0,3203,3,3149,1.5,3437,18.49324200890693,3483,36.98648401781386,3282,37.98648401781386,3415
499,Dario Palumbo,econometrics,Europe,Cambridge,3,3600,0,4385,6.557438524302,4233,11.0,4176,4,3855,0,3283,2,2431,2.0,3907,0,3203,0,4408,1.0,3730,3.278719262151,4249,6.557438524302,4187,7.557438524302,4207
500,David Newbery,multiple-field,Europe,Cambridge,36,203,89,92,1085.4966605199668,456,5499.0,311,147,80,4,749,25,268,75.5,88,3,816,90,92,50.5,107,2394.028780752521,592,713.6802096719339,522,3553.4010483596694,488
501,Debopam Bhattacharya,multiple-field,Europe,Cambridge,6,2677,6,2423,121.68812596141004,2305,258.0,2392,14,2384,4,749,10,906,9.0,2114,1,1424,9,2003,8.0,1567,154.3698795606845,1787,120.69618674146984,2143,588.4809337073491,1244
502,Donald Robertson,multiple-field,Europe,Cambridge,14,1239,15,1353,282.5597281991897,1438,856.0,1395,27,1408,0,3283,7,1234,13.5,1526,0,3203,15,1379,9.0,1418,141.27986409959487,1859,282.5597281991897,1252,283.5597281991897,1772
503,Edoardo Gallo,behavior-experiment,Europe,Cambridge,6,2677,6,2423,261.8243686137713,1533,442.0,1935,16,2168,0,3283,4,1786,8.0,2304,0,3203,6,2464,5.0,2147,130.91218430688565,1925,261.8243686137713,1344,262.8243686137713,1836
504,Elisa Faraglia,macro,Europe,Cambridge,6,2677,4,2824,44.75488800120049,3228,103.0,3101,8,3159,1,1576,7,1234,4.5,3116,1,1424,4,2882,4.0,2445,42.8878267675241,2830,38.77565353504821,3242,77.55130707009641,2847
505,Eric French,multiple-field,Europe,Cambridge,23,568,30,633,712.5159647334226,674,2605.0,626,42,840,7,445,16,541,24.5,776,6,456,31,620,20.0,589,7133.249604561728,363,325.50745674159657,1118,2556.059653932773,580
506,Flavio Toxvaerd,multiple-field,Europe,Cambridge,8,2197,8,2100,136.6125909277765,2187,345.0,2151,18,1994,0,3283,6,1392,9.0,2114,0,3203,8,2146,6.0,1923,68.30629546388825,2444,136.6125909277765,2010,137.6125909277765,2352
507,Florin Bilbiie,macro,Europe,Cambridge,15,1141,19,1100,382.4748357735447,1164,1141.0,1161,25,1518,2,1169,14,640,13.5,1526,2,1039,19,1119,12.5,1053,503.8739185864995,1087,292.14823797500475,1218,873.4447139250142,1011
508,Gabriella Santangelo,development,Europe,Cambridge,1,4388,1,3809,28.0,3587,28.0,3857,1,4577,1,1576,1,2917,1.0,4350,1,1424,1,3860,1.0,3730,28.000000000000004,3179,1.0,4561,2.0,4561
509,Geoff Whittington,multiple-field,Europe,Cambridge,18,872,25,816,304.94425720121376,1373,1191.0,1126,80,301,0,3283,0,3965,40.0,354,0,3203,25,834,12.5,1053,152.47212860060688,1791,304.94425720121376,1175,305.94425720121376,1705
510,Giancarlo Corsetti,multiple-field,Europe,Cambridge,30,323,46,346,958.7700454227802,524,4518.0,387,90,249,8,386,24,285,49.0,234,7,384,47,340,29.0,327,6248.434067492332,385,837.3919459459441,444,7473.527513513497,303
511,Hamid Sabourian,micro_theory,Europe,Cambridge,12,1477,12,1604,155.09996776273036,2066,426.0,1968,22,1700,5,627,16,541,13.5,1526,5,545,12,1632,11.0,1189,1115.4525746846225,814,64.9666574022598,2769,365.7999444135588,1553
512,Hanming Fang,multiple-field,Europe,Cambridge,42,131,90,88,1221.5997707923818,390,7054.0,232,138,90,22,67,72,20,80.0,76,18,84,94,82,63.0,63,26811.88205078486,154,1082.6818561661173,337,24418.682691820697,109
513,Hanbaek Lee,macro,Europe,Cambridge,0,4667,0,4385,0.0,4667,0.0,4667,1,4577,0,3283,1,2917,0.5,4588,0,3203,0,4408,0.5,4086,0.0,4667,0.0,4669,1.0,4669
514,Jagjit S Chadha,macro,Europe,Cambridge,10,1802,11,1709,102.6352765865616,2480,430.0,1961,75,352,0,3283,2,2431,37.5,409,0,3203,11,1737,6.0,1923,51.3176382932808,2681,102.6352765865616,2309,103.6352765865616,2605
515,Jeremy Edwards,multiple-field,Europe,Cambridge,11,1625,11,1709,449.3562061438564,1020,1101.0,1193,23,1634,0,3283,2,2431,11.5,1753,0,3203,11,1737,6.0,1923,224.6781030719282,1503,449.3562061438564,825,450.3562061438564,1401
516,Jose Gabriel Palma,multiple-field,Europe,Cambridge,9,1992,9,1961,344.0334286083258,1268,727.0,1531,32,1187,0,3283,0,3965,16.0,1305,0,3203,9,2003,4.5,2297,172.0167143041629,1698,344.0334286083258,1058,345.0334286083258,1606
517,Juan Block,micro_theory,Europe,Cambridge,1,4388,0,4385,2.23606797749979,4467,3.0,4453,3,4085,0,3283,0,3965,1.5,4125,0,3203,0,4408,0.0,4504,1.118033988749895,4470,2.23606797749979,4440,3.23606797749979,4442
518,Julia Shvets,political_econ,Europe,Cambridge,3,3600,3,3094,63.58458932791813,2932,107.0,3084,5,3656,2,1169,2,2431,3.5,3382,1,1424,4,2882,3.0,2752,68.85065946199303,2434,43.701318923986086,3131,128.10395677195825,2418
519,Ken Coutts,multiple-field,Europe,Cambridge,7,2425,4,2824,112.51666543228164,2379,204.0,2595,15,2273,0,3283,1,2917,7.5,2418,0,3203,4,2882,2.5,2945,56.25833271614081,2601,112.51666543228164,2197,113.51666543228164,2522
520,Kristoffer Berg,p_finance,Europe,Cambridge,1,4388,0,4385,2.23606797749979,4467,3.0,4453,4,3855,0,3283,0,3965,2.0,3907,0,3203,0,4408,0.0,4504,1.118033988749895,4470,2.23606797749979,4440,3.23606797749979,4442
521,Leonardo Felli,micro_theory,Europe,Cambridge,12,1477,16,1280,152.32530978140173,2079,547.0,1747,29,1320,4,749,12,763,16.5,1262,4,656,16,1309,11.5,1143,862.1123857618503,897,100.78842906050288,2329,488.94214530251446,1343
522,M Hashem Pesaran,econometrics,Europe,Cambridge,70,16,153,24,20674.133814987268,2,76095.0,2,216,34,6,525,65,22,111.0,36,6,456,153,24,83.0,27,22347.410962030383,170,20409.026638222083,1,142828.1864675546,14
523,Mark Salmon,other,Europe,Cambridge,6,2677,5,2603,439.7999545247816,1040,602.0,1681,14,2384,0,3283,0,3965,7.0,2517,0,3203,5,2654,2.5,2945,219.8999772623908,1515,439.7999545247816,847,440.7999545247816,1415
524,Mary Murphy,other,Europe,Cambridge,0,4667,0,4385,0.0,4667,0.0,4667,1,4577,0,3283,0,3965,0.5,4588,0,3203,0,4408,0.0,4504,0.0,4667,0.0,4669,1.0,4669
525,Mary V Wrenn,political_econ,Europe,Cambridge,12,1477,14,1430,95.17352573063584,2550,392.0,2040,33,1137,0,3283,0,3965,16.5,1262,0,3203,14,1453,7.0,1731,47.58676286531792,2745,95.17352573063584,2393,96.17352573063584,2676
526,Matthew Elliott,micro_theory,Europe,Cambridge,8,2197,8,2100,684.7875582981923,703,944.0,1321,16,2168,5,627,9,991,10.5,1890,3,816,10,1859,9.0,1418,2007.9981663379283,641,66.09009739720506,2753,372.5405843832304,1538
527,Melvyn Weeks,multiple-field,Europe,Cambridge,9,1992,9,1961,171.97964995894137,1971,471.0,1885,13,2492,0,3283,3,2072,6.5,2616,0,3203,9,2003,4.5,2297,85.98982497947068,2267,171.97964995894137,1778,172.97964995894137,2174
528,Meredith Crowley,i_trade,Europe,Cambridge,6,2677,6,2423,144.45414497341363,2131,253.0,2416,9,3018,0,3283,1,2917,4.5,3116,0,3203,6,2464,3.0,2752,72.22707248670682,2399,144.45414497341363,1953,145.45414497341363,2307
530,Mikhail Safronov,micro_theory,Europe,Cambridge,2,3967,0,4385,7.483314773547883,4196,14.0,4102,7,3309,0,3283,3,2072,3.5,3382,0,3203,0,4408,1.5,3437,3.741657386773941,4213,7.483314773547883,4142,8.483314773547882,4170
531,Myungun Kim,labor,Europe,Cambridge,5,2944,5,2603,81.40638795573723,2688,167.0,2764,5,3656,0,3283,0,3965,2.5,3719,0,3203,5,2654,2.5,2945,40.703193977868615,2867,81.40638795573723,2541,82.40638795573723,2797
532,Noriko Amano Patino,labor,Europe,Cambridge,0,4667,0,4385,0.0,4667,0.0,4667,1,4577,0,3283,1,2917,0.5,4588,0,3203,0,4408,0.5,4086,0.0,4667,0.0,4669,1.0,4669
533,Oleg Kitov,macro,Europe,Cambridge,2,3967,0,4385,6.244997998398398,4261,11.0,4176,5,3656,0,3283,0,3965,2.5,3719,0,3203,0,4408,0.0,4504,3.122498999199199,4274,6.244997998398398,4212,7.244997998398398,4232
534,Oliver Linton,econometrics,Europe,Cambridge,40,151,102,66,924.5593545035388,545,6042.0,273,194,43,10,280,73,19,102.0,43,10,231,102,68,69.5,46,9714.75439173651,313,810.0993688286475,460,8812.093057115122,271
535,Partha Dasgupta,multiple-field,Europe,Cambridge,4,3256,4,2824,594.2474232169627,805,838.0,1410,5,3656,0,3283,0,3965,2.5,3719,0,3203,4,2882,2.0,3174,297.12371160848136,1361,594.2474232169627,635,595.2474232169627,1233
536,Peter Bossaerts,multiple-field,Europe,Cambridge,38,176,76,123,1267.5318536431344,367,6407.0,259,110,156,4,749,12,763,57.0,177,4,656,76,130,40.5,165,1143.0890523888845,799,1269.007114604499,277,6330.035573022496,336
537,Petra Geraats,macro,Europe,Cambridge,6,2677,6,2423,433.0658148595893,1056,758.0,1484,7,3309,0,3283,1,2917,3.5,3382,0,3203,6,2464,3.0,2752,216.53290742979465,1526,433.0658148595893,858,434.0658148595893,1430
538,Pierre Mella-Barral,finance,Europe,Cambridge,6,2677,6,2423,279.6676599108306,1453,458.0,1910,13,2492,0,3283,1,2917,6.5,2616,0,3203,6,2464,3.0,2752,139.8338299554153,1871,279.6676599108306,1268,280.6676599108306,1784
539,Richard J. Smith,econometrics,Europe,Cambridge,21,669,37,484,13363.198045378207,11,15576.0,79,74,360,6,525,26,250,40.0,354,5,545,38,480,25.5,418,8986.452821533707,326,13359.050700120928,9,93478.35490084648,28
540,Robert Evans,multiple-field,Europe,Cambridge,30,323,60,211,772.6726344319436,633,3591.0,479,128,107,5,627,15,589,66.5,122,3,816,62,201,35.5,221,850.1225628949608,906,775.0616858408163,482,4626.370115044898,412
541,Saite Lu,development,Europe,Cambridge,3,3600,1,3809,19.621416870348583,3812,33.0,3785,5,3656,0,3283,0,3965,2.5,3719,0,3203,1,3860,0.5,4086,9.810708435174291,3844,19.621416870348583,3714,20.621416870348583,3795
542,Sanjeev Goyal,micro_theory,Europe,Cambridge,34,230,52,269,1240.972602437298,376,5467.0,314,70,404,8,386,33,157,39.0,379,8,320,52,280,31.0,292,14957.01106854814,235,663.2350723213768,563,5906.115650892391,357
543,Sean Holly,macro,Europe,Cambridge,17,948,27,733,461.9956709753892,989,1488.0,954,68,428,0,3283,5,1568,34.0,490,0,3203,27,755,14.5,901,230.99783548769457,1487,461.9956709753892,799,462.9956709753892,1376
544,Sebastian Graves,macro,Europe,Cambridge,1,4388,1,3809,22.02271554554524,3738,23.0,3937,2,4322,0,3283,1,2917,1.0,4350,0,3203,1,3860,0.5,4086,11.01135777277262,3778,22.02271554554524,3640,23.02271554554524,3722
545,Simona Paravani,finance,Europe,Cambridge,0,4667,0,4385,0.0,4667,0.0,4667,1,4577,0,3283,0,3965,0.5,4588,0,3203,0,4408,0.0,4504,0.0,4667,0.0,4669,1.0,4669
546,Solomos Solomou,history,Europe,Cambridge,8,2197,5,2603,58.90670590009256,3005,158.0,2801,17,2079,0,3283,0,3965,8.5,2203,0,3203,5,2654,2.5,2945,29.45335295004628,3149,58.90670590009256,2868,59.90670590009256,3073
547,Sriya Iyer,multiple-field,Europe,Cambridge,11,1625,11,1709,385.9093157725012,1154,934.0,1330,24,1571,1,1576,5,1568,12.5,1623,1,1424,11,1737,7.0,1731,266.0747206794182,1411,379.1494413588363,972,758.2988827176727,1091
548,Stefan Bucher,behavior-experiment,Europe,Cambridge,2,3967,0,4385,6.324555320336759,4256,8.0,4272,2,4322,0,3283,0,3965,1.0,4350,0,3203,0,4408,0.0,4504,3.1622776601683795,4269,6.324555320336759,4207,7.324555320336759,4227
549,Tatiana Komarova,econometrics,Europe,Cambridge,7,2425,6,2423,68.72408602520662,2862,197.0,2627,26,1461,2,1169,4,1786,14.0,1485,0,3203,8,2146,5.0,2147,38.35476677260377,2911,70.70953354520753,2685,209.1286006356226,2005
550,Tiago Cavalcanti,multiple-field,Europe,Cambridge,20,726,28,696,320.2358505851586,1331,1341.0,1039,42,840,0,3283,11,832,21.0,953,0,3203,28,718,14.0,936,160.1179252925793,1758,320.2358505851586,1137,321.2358505851586,1671
551,Toke Aidt,political_econ,Europe,Cambridge,30,323,50,291,1089.8697169845575,453,4114.0,419,69,414,1,1576,19,415,35.0,460,1,1424,50,299,26.5,389,683.2237962178267,976,1081.4475924356534,338,2162.895184871307,637
552,Tony Lawson,other,Europe,Cambridge,33,250,67,173,617.5305660451149,775,3652.0,470,126,111,0,3283,0,3965,63.0,138,0,3203,67,179,33.5,251,308.76528302255747,1335,617.5305660451149,607,618.5305660451149,1207
553,Vasco Carvalho,macro,Europe,Cambridge,14,1239,14,1430,1208.1870716077044,397,2378.0,672,15,2273,6,525,7,1234,10.5,1890,5,545,15,1379,10.5,1239,5957.611420441061,393,311.1376738457577,1162,2142.9637169203043,641
554,Vasileios Kotsidis,micro_theory,Europe,Cambridge,0,4667,0,4385,0.0,4667,0.0,4667,1,4577,0,3283,0,3965,0.5,4588,0,3203,0,4408,0.0,4504,0.0,4667,0.0,4669,1.0,4669
555,Weilong Zhang,labor,Europe,Cambridge,2,3967,1,3809,23.194827009486403,3696,26.0,3893,4,3855,1,1576,2,2431,2.5,3719,0,3203,2,3459,2.0,3174,14.5,3617,24.0,3572,48.0,3234
556,William H. Janeway,finance,Europe,Cambridge,5,2944,4,2824,77.35631842325486,2742,140.0,2897,8,3159,0,3283,0,3965,4.0,3242,0,3203,4,2882,2.0,3174,38.67815921162743,2906,77.35631842325486,2596,78.35631842325486,2841
557,Ufuk Akcigit,macro,North America,Chicago,25,490,28,696,1036.4723826518486,483,3949.0,441,38,953,17,114,26,250,27.5,661,17,95,28,718,25.0,431,34370.62404023011,127,509.1199040884244,733,8876.158273591638,268
558,Fernando Alvarez,multiple-field,North America,Chicago,23,568,36,503,496.0090724976711,935,2171.0,727,52,637,27,41,39,104,39.5,366,20,64,43,408,36.5,210,27198.63408220324,151,275.74685927665496,1290,6992.91205974634,314
559,Neele Balke,labor,North America,Chicago,1,4388,1,3809,13.0,4006,13.0,4130,1,4577,1,1576,1,2917,1.0,4350,1,1424,1,3860,1.0,3730,12.999999999999998,3684,1.0,4561,2.0,4561
560,Stéphane Bonhomme,econometrics,North America,Chicago,19,797,26,777,368.9064922172013,1195,1428.0,990,40,899,13,186,22,327,26.5,696,10,231,29,684,22.0,518,9168.028718869102,323,154.7603611733548,1884,1998.6450564269671,665
561,Benjamin Brooks,micro_theory,North America,Chicago,8,2197,6,2423,205.29247428973133,1774,359.0,2117,12,2609,10,280,10,906,11.0,1825,4,656,12,1632,11.0,1189,1865.635211369256,665,31.95449840010015,3388,252.4994824011017,1863
562,Christina Brown,labor,North America,Chicago,1,4388,0,4385,2.0,4497,2.0,4502,1,4577,1,1576,1,2917,1.0,4350,0,3203,1,3860,1.0,3730,2.0000000000000004,4381,1.0,4561,2.0,4561
563,Leonardo Bursztyn,multiple-field,North America,Chicago,18,872,18,1155,2178.4462352787136,185,3620.0,471,20,1840,14,160,18,453,17.0,1221,13,148,19,1119,17.0,742,23518.7698107577,166,177.10119558114832,1736,2461.517933717225,596
564,Manasi Deshpande,p_finance,North America,Chicago,6,2677,6,2423,309.8128467317003,1358,468.0,1892,8,3159,4,749,6,1392,6.0,2731,3,816,7,2299,6.0,1923,525.4626041458213,1066,305.22748878546923,1173,1511.137443927346,766
565,David Galenson,history,North America,Chicago,19,797,31,605,296.97643004117344,1397,1311.0,1052,63,491,3,924,3,2072,33.0,516,2,1039,32,600,17.5,716,525.6421925061103,1065,274.28951325106544,1302,1089.1580530042618,906
566,Mikhail Golosov,multiple-field,North America,Chicago,23,568,27,733,726.3208657335957,665,2256.0,702,35,1061,21,73,30,187,28.0,646,17,95,31,620,26.5,389,25404.46948136941,160,182.752897964766,1706,3580.563755224852,486
567,Michael Greenstone,multiple-field,North America,Chicago,51,71,63,191,4470.977409918328,64,18489.0,56,78,323,31,23,32,165,54.5,193,30,20,64,192,48.0,121,213571.08269798852,23,3981.400739165585,55,126444.82365329872,19
568,Lars Peter Hansen,multiple-field,North America,Chicago,43,122,70,153,1880.8500737698369,232,8497.0,179,108,163,11,246,43,79,59.5,158,9,268,72,147,43.5,146,21306.666118832232,176,1199.4308982856344,300,14273.170779427612,177
569,Arnold C. Harberger,multiple-field,North America,Chicago,9,1992,9,1961,292.13524265312464,1412,449.0,1921,29,1320,1,1576,1,2917,15.0,1386,1,1424,9,2003,5.0,2147,312.4897937925169,1330,49.97958758503383,3005,99.95917517006764,2643
570,James J. Heckman,labor,North America,Chicago,100,3,201,11,7173.582438363694,30,52831.0,7,264,21,46,6,105,7,155.0,14,41,6,206,9,129.5,6,473537.2067041138,3,5271.337596749133,25,245637.86704720923,7
571,Ali Hortaçsu,i_organization,North America,Chicago,32,272,42,412,1126.7120306449203,429,5208.0,332,57,557,20,83,30,187,38.5,391,18,84,44,387,32.5,264,32948.11785452459,132,934.6277931486666,400,19228.183656122,130
572,Greg Kaplan,macro,North America,Chicago,23,568,27,733,804.547699021009,611,2799.0,581,36,1023,9,329,17,493,22.5,866,8,320,28,718,19.0,627,8747.523298713491,333,374.9002596336876,979,3669.002596336876,479
573,Anne Karing,development,North America,Chicago,2,3967,0,4385,10.816653826391969,4073,15.0,4081,2,4322,1,1576,1,2917,1.5,4125,0,3203,1,3860,1.0,3730,10.5,3804,10.0,4036,20.0,3814
574,Michael Kremer,development,North America,Chicago,54,55,80,112,2511.653837613774,156,14395.0,90,109,160,29,30,41,91,69.0,108,26,32,83,109,57.5,78,168310.9486157252,29,1426.678789994325,238,41960.363699829744,77
575,Thibaut Lamadon,labor,North America,Chicago,6,2677,5,2603,142.47806848775008,2149,284.0,2311,6,3475,4,749,6,1392,5.0,2983,4,656,5,2654,5.0,2147,887.1135740907429,883,38.20526275297414,3255,176.0263137648707,2158
576,Steve Levitt,multiple-field,North America,Chicago,51,71,79,115,2765.546238991494,137,14552.0,87,92,240,27,41,41,91,59.5,158,26,32,80,117,53.5,92,117572.20341666104,44,2350.32089905807,110,65080.985173625966,45
577,John List,behavior-experiment,North America,Chicago,77,10,218,6,4004.67763996055,82,27589.0,30,297,14,48,4,94,10,172.5,9,41,6,225,5,140.5,3,273058.2433288941,18,3691.7998024040794,64,178595.19031779983,10
578,Magne Mogstad,multiple-field,North America,Chicago,31,296,49,305,833.7493628183472,595,4064.0,429,65,467,24,56,41,91,44.5,290,19,73,54,259,40.5,165,36955.24344493,116,525.8794676015348,714,12571.98669003837,191
579,Casey Mulligan,multiple-field,North America,Chicago,21,669,32,583,982.0371683393658,509,3041.0,551,58,546,10,280,17,493,34.0,490,9,268,33,579,22.5,503,13663.620469370817,255,407.1813187953331,899,4379.994506748664,430
580,Kevin M. Murphy,multiple-field,North America,Chicago,32,272,43,396,3202.678878688901,118,10174.0,145,52,637,27,41,34,148,39.5,366,24,40,46,357,36.5,210,135257.8710125869,36,814.5899948577305,456,22080.519856016454,117
581,Roger B. Myerson,micro_theory,North America,Chicago,30,323,52,269,1878.8728003779288,233,6523.0,250,74,360,8,386,24,285,41.0,333,7,384,53,270,32.5,264,3470.992678708269,515,1876.7043639912652,154,16827.33927592139,148
582,Mikkel Plagborg-Møller,econometrics,North America,Chicago,11,1625,11,1709,475.87498358287337,961,1217.0,1110,17,2079,6,525,11,832,11.5,1753,5,545,12,1632,10.5,1239,3099.876132417372,540,243.05695518166087,1423,1666.3986862716265,736
583,Philip J. Reny,micro_theory,North America,Chicago,22,617,30,633,478.4380837684224,956,1649.0,878,44,790,14,160,26,250,29.0,616,12,173,32,600,24.0,461,9537.718798286573,316,201.57665099899828,1607,2828.6497649849744,556
584,Eric Richert,development,North America,Chicago,2,3967,0,4385,3.605551275463989,4413,5.0,4375,2,4322,1,1576,1,2917,1.5,4125,0,3203,1,3860,1.0,3730,4.0,4203,3.0,4407,6.0,4300
585,Joseph Root,micro_theory,North America,Chicago,1,4388,0,4385,1.4142135623730951,4524,2.0,4502,2,4322,0,3283,0,3965,1.0,4350,0,3203,0,4408,0.0,4504,0.7071067811865476,4528,1.4142135623730951,4502,2.414213562373095,4502
586,Evan Rose,labor,North America,Chicago,7,2425,7,2254,111.67810886650972,2389,264.0,2366,12,2609,6,525,8,1097,9.0,2114,3,816,10,1859,8.5,1487,670.0674714481293,987,66.79473661428266,2741,432.5631562999786,1431
587,Esteban Rossi-Hansberg,multiple-field,North America,Chicago,34,230,44,375,1414.1548712923914,322,5074.0,343,53,615,25,49,32,165,39.0,379,24,40,45,370,35.5,221,75537.88197854641,66,346.9503067245006,1049,8396.707974837016,279
588,Sergio Salas,macro,North America,Chicago,2,3967,0,4385,3.741657386773941,4405,6.0,4335,9,3018,0,3283,1,2917,4.5,3116,0,3203,0,4408,0.5,4086,1.8708286933869709,4410,3.741657386773941,4367,4.741657386773941,4376
589,Azeem Shaikh,econometrics,North America,Chicago,23,568,27,733,385.0337647531707,1161,1633.0,890,41,868,11,246,21,355,26.0,718,8,320,30,649,23.5,479,3896.988209750704,490,351.2851745227817,1032,4095.42209427338,448
590,Robert Shimer,multiple-field,North America,Chicago,28,386,31,605,1521.1295145384563,295,4911.0,355,47,731,18,103,27,228,32.5,531,14,128,35,538,27.5,363,29725.81462203593,143,781.1454645085693,478,14518.763825662816,175
591,Nancy L. Stokey,multiple-field,North America,Chicago,19,797,21,998,1465.519020688575,310,4298.0,408,35,1061,6,525,18,453,20.5,981,4,656,23,925,15.5,820,4538.158451425303,456,1363.1355864466896,256,9506.949105126829,252
592,Alexander Torgovitsky,econometrics,North America,Chicago,8,2197,7,2254,118.5537852622176,2336,287.0,2304,12,2609,5,627,6,1392,8.5,2203,4,656,8,2146,7.0,1731,813.9289639420592,915,58.28226721902888,2876,325.6936033141733,1659
593,Harald Uhlig,multiple-field,North America,Chicago,31,296,42,412,1642.2563746260814,271,5314.0,323,73,372,12,216,32,165,42.5,312,8,320,46,357,31.0,292,6296.568867695017,384,1618.425846405616,193,20896.53600327301,123
594,Vikas Kakkar,i_finance,Asia,CityUHK,7,2425,6,2423,51.07837115648854,3115,145.0,2861,17,2079,0,3283,3,2072,8.5,2203,0,3203,6,2464,3.5,2589,25.53918557824427,3241,51.07837115648854,2983,52.07837115648854,3168
595,Yong Wang,macro,Asia,CityUHK,10,1802,10,1828,422.0142177699704,1079,748.0,1492,30,1275,0,3283,7,1234,15.0,1386,0,3203,10,1859,6.5,1818,211.0071088849852,1544,422.0142177699704,877,423.0142177699704,1451
596,Isabel Kit Ming Yan,multiple-field,Asia,CityUHK,14,1239,18,1155,227.6005272401626,1676,796.0,1439,49,693,0,3283,1,2917,24.5,776,0,3203,18,1177,9.5,1356,113.8002636200813,2033,227.6005272401626,1480,228.6005272401626,1940
597,Xuan Song Tam,finance,Asia,CityUHK,3,3600,3,3094,49.80963762164909,3141,81.0,3257,5,3656,0,3283,3,2072,2.5,3719,0,3203,3,3149,2.0,3174,24.904818810824544,3262,49.80963762164909,3009,50.80963762164909,3189
598,Nilanjan Roy,behavior-experiment,Asia,CityUHK,5,2944,4,2824,61.71709649683789,2968,133.0,2937,10,2874,0,3283,7,1234,5.0,2983,0,3203,4,2882,4.0,2445,30.858548248418945,3113,61.71709649683789,2833,62.71709649683789,3037
599,Audrey Hu,micro_theory,Asia,CityUHK,7,2425,5,2603,65.57438524302,2902,146.0,2856,11,2737,0,3283,7,1234,5.5,2853,0,3203,5,2654,4.5,2297,32.78719262151,3059,65.57438524302,2758,66.57438524302,2981
600,Charles Ka Yui Leung,multiple-field,Asia,CityUHK,20,726,41,427,299.6064084761873,1391,1430.0,989,78,323,0,3283,2,2431,39.0,379,0,3203,41,434,20.5,567,149.80320423809366,1811,299.6064084761873,1195,300.6064084761873,1725
601,Junbo Wang,finance,Asia,CityUHK,17,948,26,777,399.66611064737526,1125,1371.0,1018,49,693,0,3283,4,1786,24.5,776,0,3203,26,797,13.0,1007,199.83305532368763,1583,399.66611064737526,917,400.66611064737526,1489
602,Fred Yum Keung Kwan,multiple-field,Asia,CityUHK,9,1992,9,1961,699.033618647916,690,1026.0,1257,24,1571,0,3283,2,2431,12.0,1681,0,3203,9,2003,5.0,2147,349.516809323958,1261,699.033618647916,536,700.033618647916,1139
603,Xu Han,econometrics,Asia,CityUHK,8,2197,8,2100,102.34256201600584,2486,254.0,2410,16,2168,0,3283,10,906,8.0,2304,0,3203,8,2146,6.0,1923,51.171281008002914,2687,102.34256201600584,2316,103.34256201600584,2611
604,Stephen Teng Sun,multiple-field,Asia,CityUHK,6,2677,5,2603,139.35566009315875,2164,272.0,2347,9,3018,0,3283,7,1234,4.5,3116,0,3203,5,2654,3.5,2589,69.67783004657937,2428,139.35566009315875,1993,140.35566009315875,2331
605,Yunan Li,micro_theory,Asia,CityUHK,3,3600,2,3404,23.68543856465402,3680,37.0,3719,6,3475,0,3283,5,1568,3.0,3545,0,3203,2,3459,2.5,2945,11.84271928232701,3726,23.68543856465402,3579,24.68543856465402,3666
606,Guanliang Hu,multiple-field,Asia,CityUHK,1,4388,1,3809,16.06237840420901,3919,18.0,4028,4,3855,0,3283,2,2431,2.0,3907,0,3203,1,3860,1.5,3437,8.031189202104505,3944,16.06237840420901,3833,17.06237840420901,3894
607,Jin Zhou,labor,Asia,CityUHK,4,3256,0,4385,11.61895003862225,4047,27.0,3874,7,3309,1,1576,3,2072,4.0,3242,0,3203,1,3860,2.0,3174,9.454356057317856,3865,11.908712114635714,3968,23.817424229271428,3692
608,Dongkyu Chang,micro_theory,Asia,CityUHK,3,3600,1,3809,15.811388300841896,3937,22.0,3954,4,3855,0,3283,3,2072,2.0,3907,0,3203,1,3860,2.0,3174,7.905694150420948,3964,15.811388300841896,3853,16.811388300841898,3911
609,Hanwei Huang,multiple-field,Asia,CityUHK,4,3256,4,2824,222.69934889891348,1695,367.0,2096,5,3656,0,3283,0,3965,2.5,3719,0,3203,4,2882,2.0,3174,111.34967444945674,2041,222.69934889891348,1495,223.69934889891348,1951
610,Sheng Cai,macro,Asia,CityUHK,1,4388,0,4385,1.0,4570,1.0,4570,1,4577,0,3283,0,3965,0.5,4588,0,3203,0,4408,0.0,4504,0.5,4572,1.0,4561,2.0,4561
611,Laurence Ales,multiple-field,North America,CMU,8,2197,7,2254,99.55400544428134,2509,241.0,2466,14,2384,3,924,9,991,8.5,2203,2,1039,8,2146,8.0,1567,200.8020160523537,1580,92.7217922246318,2415,362.8871688985272,1558
612,Jay Apt,other,North America,CMU,35,216,74,134,1175.89497830376,407,5847.0,284,117,136,0,3283,0,3965,58.5,168,0,3203,74,138,37.0,203,587.94748915188,1028,1175.89497830376,311,1176.89497830376,877
613,James A. Best,micro_theory,North America,CMU,0,4667,0,4385,0.0,4667,0.0,4667,1,4577,0,3283,0,3965,0.5,4588,0,3203,0,4408,0.0,4504,0.0,4667,0.0,4669,1.0,4669
614,Serra Boranbay Akan,political_econ,North America,CMU,2,3967,2,3404,53.71219600798314,3077,71.0,3344,2,4322,0,3283,0,3965,1.0,4350,0,3203,2,3459,1.0,3730,26.85609800399157,3207,53.71219600798314,2934,54.71219600798314,3132
615,Karen Clay,history,North America,CMU,22,617,27,733,695.5479854043141,696,2387.0,670,47,731,2,1169,12,763,24.5,776,2,1039,27,755,17.5,716,1147.8510829413976,797,501.1612965765675,745,1500.4838897297025,769
616,Dennis Epple,multiple-field,North America,CMU,30,323,48,318,1232.6037481688916,382,4764.0,366,77,332,12,216,36,128,44.5,290,11,201,49,313,34.0,243,14246.488495870904,244,1055.795957072071,346,13582.34744193692,186
617,Selman Erol,multiple-field,North America,CMU,3,3600,1,3809,17.11724276862369,3881,33.0,3785,7,3309,0,3283,4,1786,3.5,3382,0,3203,1,3860,2.0,3174,8.558621384311845,3910,17.11724276862369,3790,18.11724276862369,3857
618,John Gasper,political_econ,North America,CMU,3,3600,3,3094,288.6936092122581,1420,316.0,2233,4,3855,0,3283,1,2917,2.0,3907,0,3203,3,3149,1.5,3437,144.34680460612904,1840,288.6936092122581,1231,289.6936092122581,1752
619,Martin Gaynor,i_organization,North America,CMU,29,352,42,412,647.0919563709627,744,3204.0,525,59,532,6,525,19,415,32.5,531,5,545,43,408,26.0,403,3296.42309188854,525,557.0353890631708,674,3864.2477234421954,464
620,Finn E. Kydland,macro,North America,CMU,17,948,23,906,632.9834121049303,761,1850.0,811,44,790,4,749,13,700,24.0,802,4,656,23,925,14.0,936,1886.3664868705196,663,364.8282139744618,1004,1809.141069872309,700
621,Rebecca Lessem,labor,North America,CMU,4,3256,1,3809,29.631064780058107,3545,46.0,3618,7,3309,1,1576,6,1392,4.0,3242,1,1424,1,3860,3.5,2589,32.84767985741633,3056,10.69535971483266,4011,21.39071942966532,3765
622,Robert A. Miller,multiple-field,North America,CMU,14,1239,17,1215,505.7321425418796,914,1363.0,1021,30,1275,9,329,17,493,19.5,1041,9,268,17,1241,15.0,864,7628.112210343542,355,150.124058898545,1914,1421.24058898545,790
623,Nicholas Z. Muller,p_finance,North America,CMU,29,352,47,332,1388.6846294245502,330,4909.0,356,68,428,4,749,4,1786,36.0,438,3,816,48,326,26.0,403,3594.7245131176105,508,1289.7348093600017,273,6433.674046800008,331
624,Anh Nguyen,micro_theory,North America,CMU,2,3967,1,3809,24.73863375370596,3658,30.0,3824,3,4085,0,3283,2,2431,1.5,4125,0,3203,1,3860,1.0,3730,12.36931687685298,3705,24.73863375370596,3551,25.73863375370596,3647
625,Aniko Oery,micro_theory,North America,CMU,3,3600,3,3094,35.93048844644336,3409,63.0,3415,5,3656,1,1576,2,2431,3.0,3545,0,3203,4,2882,2.5,2945,18.95828499606797,3465,36.91656999213594,3285,73.83313998427188,2891
626,Margarita Portnykh,labor,North America,CMU,3,3600,1,3809,24.166091947189145,3670,36.0,3736,4,3855,0,3283,0,3965,2.0,3907,0,3203,1,3860,0.5,4086,12.083045973594572,3713,24.166091947189145,3564,25.166091947189145,3655
627,Nick Pretnar,p_finance,North America,CMU,0,4667,0,4385,0.0,4667,0.0,4667,1,4577,0,3283,1,2917,0.5,4588,0,3203,0,4408,0.5,4086,0.0,4667,0.0,4669,1.0,4669
628,Maryam Saeedi,i_organization,North America,CMU,4,3256,3,3094,98.99494936611666,2514,140.0,2897,5,3656,0,3283,2,2431,2.5,3719,0,3203,3,3149,1.5,3437,49.49747468305833,2714,98.99494936611666,2352,99.99494936611666,2642
629,Liyan Shi,labor,North America,CMU,2,3967,2,3404,36.71511950137164,3394,50.0,3563,2,4322,1,1576,2,2431,1.5,4125,1,1424,2,3459,1.5,3437,34.0,3024,33.0,3362,66.0,2987
630,Ali Shourideh,multiple-field,North America,CMU,6,2677,5,2603,59.4138031100518,3000,136.0,2924,9,3018,4,749,9,991,6.5,2616,4,656,5,2654,6.5,1818,385.1516337512149,1216,32.86173937932362,3365,149.30869689661813,2284
631,Fallaw Sowell,econometrics,North America,CMU,9,1992,8,2100,728.2904640320371,664,1229.0,1100,18,1994,1,1576,4,1786,9.5,2035,1,1424,8,2146,5.0,2147,421.9483434319545,1175,726.896686863909,514,1453.793373727818,781
632,Stephen E. Spear,multiple-field,North America,CMU,15,1141,16,1280,339.8249549400397,1285,871.0,1383,36,1023,1,1576,14,640,18.5,1111,1,1424,16,1309,9.5,1356,378.91518854607625,1223,174.83037709215267,1756,349.66075418430535,1589
633,Lowell Taylor,labor,North America,CMU,28,386,37,484,853.3000644556404,586,3601.0,474,49,693,7,445,21,355,28.0,646,6,456,38,480,23.0,493,5119.684117255381,428,760.0371836768753,490,6032.2974694150025,347
634,Christopher I. Telmer,multiple-field,North America,CMU,10,1802,10,1828,522.2643009052026,889,1468.0,970,13,2492,4,749,7,1234,8.5,2203,4,656,10,1859,7.0,1731,1926.7532604881587,653,430.541908843668,862,2137.70954421834,643
635,Ariel Zetlin-Jones,finance,North America,CMU,7,2425,6,2423,61.8869937870632,2965,162.0,2789,13,2492,2,1169,6,1392,7.5,2418,2,1039,6,2464,5.5,2026,150.71065659218831,1804,43.43669871020132,3141,127.31009613060397,2423
636,Shengxing Zhang,macro,North America,CMU,6,2677,3,3094,44.48595283907045,3239,95.0,3161,8,3159,4,749,6,1392,6.0,2731,3,816,4,2882,5.0,2147,242.1288531086753,1459,17.601470508735446,3778,73.00735254367721,2905
637,Hassan Afrouzi,macro,North America,Columbia,5,2944,3,3094,118.99579824514814,2331,186.0,2671,7,3309,3,924,5,1568,5.0,2983,2,1039,4,2882,4.5,2297,233.2209726138257,1478,112.1512711790385,2204,440.605084716154,1417
638,Douglas Almond,multiple-field,North America,Columbia,25,490,31,605,1943.3324471124336,217,7147.0,227,39,924,9,329,13,700,24.0,802,9,268,31,620,20.0,589,20886.859388289333,181,1588.4489545407916,198,15804.489545407916,157
639,Irasema Alonso,micro_theory,North America,Columbia,2,3967,1,3809,50.1398045468867,3130,56.0,3480,4,3855,0,3283,1,2917,2.0,3907,0,3203,1,3860,0.5,4086,25.06990227344335,3255,50.1398045468867,3000,51.1398045468867,3183
640,Jushan Bai,econometrics,North America,Columbia,45,105,70,153,6340.3652891611855,34,20756.0,45,80,301,10,280,43,79,45.0,285,10,231,70,160,43.0,148,77995.28612277392,64,3993.6387888461977,54,43831.026677308175,71
641,Michael Best,p_finance,North America,Columbia,6,2677,6,2423,178.58051405458548,1927,357.0,2121,6,3475,5,627,6,1392,5.5,2853,5,545,6,2464,5.5,2026,1573.5863577013067,705,16.0,3840,72.0,2912
642,Jagdish N. Bhagwati,multiple-field,North America,Columbia,40,151,72,143,1136.3150971451537,420,6150.0,268,148,79,10,280,32,165,79.0,78,10,231,72,147,45.5,136,10103.780667200264,303,1009.6949534733084,367,11007.644488206392,221
643,Alessandra Casella,multiple-field,North America,Columbia,18,872,24,859,276.87181149405586,1474,1052.0,1241,38,953,5,627,23,303,21.5,923,4,656,25,834,18.0,684,650.9357070690363,995,276.91542802864274,1285,1637.4925681718564,743
644,Haoge Chang,econometrics,North America,Columbia,2,3967,0,4385,6.082762530298219,4266,11.0,4176,6,3475,1,1576,2,2431,3.5,3382,0,3203,1,3860,1.5,3437,6.29128784747792,4034,5.58257569495584,4240,11.16515138991168,4062
645,Yeon-Koo Che,micro_theory,North America,Columbia,32,272,51,279,966.0978211340712,520,4471.0,392,68,428,25,49,49,49,46.5,267,21,57,55,250,42.0,155,45420.69053894988,102,700.4435579676514,532,17587.532507158936,140
646,Pierre-André Chiappori,micro_theory,North America,Columbia,39,164,65,185,1236.4918115377875,379,6460.0,255,97,212,27,41,51,45,62.0,141,22,51,70,160,50.0,110,69164.63575409935,72,562.7770058522482,664,15029.756163862949,169
647,Graciela Chichilnisky,micro_theory,North America,Columbia,26,451,55,243,700.648271245994,688,3036.0,553,122,120,6,525,17,493,64.0,130,6,456,55,250,32.5,264,2552.7370177326275,578,507.0399185693691,736,3514.279429985584,493
648,Richard Clarida,multiple-field,North America,Columbia,17,948,21,998,3346.7814389350256,110,7242.0,222,37,989,3,924,13,700,20.0,1011,3,816,21,1017,13.5,969,6172.512897404033,387,2574.8055914084957,98,10291.22236563398,235
649,Tri VI Dang,finance,North America,Columbia,6,2677,6,2423,195.2434377898525,1829,346.0,2146,8,3159,1,1576,2,2431,4.5,3116,1,1424,6,2464,3.5,2589,218.2037619641702,1519,83.40752392834042,2517,166.81504785668085,2202
650,Donald Davis,i_trade,North America,Columbia,17,948,19,1100,916.1086180142614,548,2983.0,559,26,1461,11,246,13,700,18.5,1111,10,231,20,1065,15.5,820,15834.833636710771,228,438.45175166327255,849,5141.421019959271,391
651,Mark Dean,multiple-field,North America,Columbia,19,797,22,952,427.44941221155045,1066,1405.0,997,28,1363,9,329,13,700,18.5,1111,8,320,23,925,16.0,788,5450.735935900594,414,230.99099080818573,1463,2229.9099080818573,626
652,Jonathan Dingel,multiple-field,North America,Columbia,7,2425,7,2254,1028.0364779520228,490,1431.0,988,8,3159,3,924,4,1786,5.5,2853,3,816,7,2299,5.0,2147,1205.9281703528882,778,1018.9089526133728,360,4067.635810453491,452
653,Prajit K. Dutta,micro_theory,North America,Columbia,15,1141,22,952,260.15187871702943,1539,981.0,1291,32,1187,1,1576,12,763,16.5,1262,1,1424,22,972,13.0,1007,182.1357542157201,1656,255.27150843144028,1375,510.54301686288056,1320
654,Lena Edlund,labor,North America,Columbia,16,1038,18,1155,549.3587170510722,854,1807.0,823,25,1518,7,445,11,832,16.0,1305,6,456,19,1119,13.0,1007,5296.969164008012,419,330.4656086819741,1101,2595.724869455793,579
655,Susan Elmes,micro_theory,North America,Columbia,1,4388,1,3809,37.0,3390,37.0,3719,1,4577,0,3283,1,2917,0.5,4588,0,3203,1,3860,0.5,4086,18.5,3481,37.0,3280,38.0,3414
656,Seyhan Erden,labor,North America,Columbia,1,4388,0,4385,1.0,4570,1.0,4570,1,4577,0,3283,0,3965,0.5,4588,0,3203,0,4408,0.0,4504,0.5,4572,1.0,4561,2.0,4561
657,Matthieu Gomez,macro,North America,Columbia,4,3256,2,3404,62.52999280345393,2954,88.0,3209,7,3309,4,749,6,1392,5.5,2853,1,1424,5,2654,5.0,2147,118.97297404321186,1999,65.04096984812742,2766,310.20484924063703,1690
658,Émilien Gouin-Bonenfant,macro,North America,Columbia,4,3256,2,3404,30.01666203960727,3533,55.0,3490,5,3656,3,924,3,2072,4.0,3242,1,1424,4,2882,3.5,2589,92.63750942212084,2200,17.42220510185596,3783,61.68882040742383,3051
659,Gautam Gowrisankaran,multiple-field,North America,Columbia,20,726,22,952,475.562824451197,964,1820.0,821,33,1137,9,329,21,355,21.0,953,7,384,24,876,17.5,716,6309.536821921555,383,316.0,1148,3080.0,532
660,Harrison Hong,finance,North America,Columbia,35,216,46,346,3954.686713255552,85,15807.0,75,56,569,3,924,35,139,29.5,601,3,816,46,357,25.5,418,4380.463468001308,460,3884.610361692683,57,15530.441446770732,161
661,R. Glenn Hubbard,multiple-field,North America,Columbia,23,568,31,605,2059.8987839211904,201,5609.0,299,66,453,4,749,16,541,35.0,460,4,656,31,620,18.5,651,3139.3588919007307,536,2012.865600282906,137,10049.32800141453,240
662,Wojciech Kopczuk,p_finance,North America,Columbia,22,617,28,696,484.7091911651769,948,1945.0,779,36,1023,9,329,18,453,22.5,866,8,320,29,684,19.5,610,5173.446691683878,426,346.65663032139616,1050,3386.566303213962,504
663,Jennifer La’O,macro,North America,Columbia,8,2197,8,2100,288.14926687395894,1423,580.0,1708,13,2492,6,525,10,906,9.5,2035,5,545,9,2003,8.5,1487,1915.7937869375653,657,106.5832988124768,2261,711.0830916873376,1130
664,Sokbae (Simon) Lee,econometrics,North America,Columbia,23,568,43,396,388.59876479474303,1151,1903.0,791,66,453,7,445,28,209,36.5,427,6,456,44,387,30.0,313,3318.6248998147685,524,290.8573585447451,1223,2278.858868357961,618
665,Qingmin Liu,micro_theory,North America,Columbia,12,1477,12,1604,160.682917573711,2032,491.0,1848,15,2273,8,386,13,700,11.5,1753,7,384,13,1535,11.0,1189,2305.886007060151,600,85.23988606931007,2496,704.1589746237906,1136
666,Tatiana Mocanu,labor,North America,Columbia,1,4388,0,4385,4.0,4388,4.0,4413,1,4577,0,3283,0,3965,0.5,4588,0,3203,0,4408,0.0,4504,2.0,4394,4.0,4349,5.0,4360
667,Suresh Naidu,multiple-field,North America,Columbia,23,568,28,696,1129.268347205393,427,3297.0,514,52,637,10,280,17,493,31.0,565,6,456,32,600,22.0,518,7950.5150408879645,349,603.6480438778519,626,6541.128482656372,328
668,Serena Ng,econometrics,North America,Columbia,43,122,69,158,4452.192268983899,66,16044.0,73,87,263,7,445,48,55,47.0,257,7,384,69,166,42.5,151,51210.25398872255,89,1634.4157428266449,189,13027.32594261316,190
669,Brendan O’Flaherty,multiple-field,North America,Columbia,15,1141,25,816,149.41887430977386,2098,698.0,1558,56,569,2,1169,3,2072,29.0,616,1,1424,26,797,14.5,901,96.86241129938637,2154,150.75819305167698,1910,449.27457915503095,1402
670,Sebastian Otero,i_organization,North America,Columbia,2,3967,2,3404,49.09175083453431,3156,68.0,3366,2,4322,1,1576,1,2917,1.5,4125,1,1424,2,3459,1.5,3437,54.5,2632,28.0,3476,56.0,3113
671,Jeffrey Sachs,multiple-field,North America,Columbia,68,20,156,20,5071.951103865257,48,30422.0,22,347,6,8,386,18,453,177.5,7,7,384,157,20,83.0,27,9227.185683281785,322,5047.73243337382,30,45366.59190036438,66
672,Evan Sadler,micro_theory,North America,Columbia,4,3256,2,3404,34.48187929913333,3435,67.0,3375,10,2874,6,525,8,1097,8.0,2304,2,1039,6,2464,7.0,1731,246.4007618592607,1450,10.69041575982343,4012,39.83291031876401,3380
673,Xavier Sala-I-Martin,macro,North America,Columbia,25,490,29,665,4530.59609764543,60,11871.0,111,32,1187,8,386,18,453,20.0,1011,8,320,29,684,18.5,651,41865.08554531845,108,1594.976055269896,196,14291.784497429064,176
674,Bernard Salanié,multiple-field,North America,Columbia,21,669,27,733,595.8749868890286,802,1905.0,789,42,840,12,216,17,493,27.0,674,10,231,29,684,21.0,550,6800.503575371402,374,292.33908040086027,1216,3657.408045211184,481
675,José Scheinkman,multiple-field,North America,Columbia,35,216,52,269,3503.8367541881858,100,11494.0,122,68,428,13,186,33,157,40.5,343,11,201,54,259,34.0,243,37009.86704442338,115,2525.157638365873,102,35184.206937122224,87
676,Stephanie Schmitt-Grohé,macro,North America,Columbia,29,352,45,357,1494.6387523411802,305,5857.0,282,54,596,12,216,23,303,33.0,516,12,173,45,370,29.0,327,16654.619155254386,218,1385.1522129756777,252,17863.978768683806,138
677,Joseph E. Stiglitz,multiple-field,North America,Columbia,96,5,261,2,4854.419841752462,52,37078.0,15,403,2,43,7,96,9,223.0,2,42,5,262,2,153.5,2,353950.62487041875,7,3417.177677597906,69,148507.81781430787,12
678,Pietro Tebaldi,multiple-field,North America,Columbia,5,2944,4,2824,140.45995870709916,2159,213.0,2561,6,3475,4,749,4,1786,5.0,2983,3,816,5,2654,4.5,2297,314.8520476752764,1326,138.30189872075525,1999,676.5094936037763,1163
679,Martin Uribe,macro,North America,Columbia,34,230,56,237,1662.0165462473592,268,7465.0,212,66,453,14,160,31,175,40.0,354,14,128,56,241,35.5,221,26437.81338502288,155,1489.947492290969,223,22154.21238436453,116
680,Miguel Urquiola,labor,North America,Columbia,16,1038,16,1280,540.1046194951493,869,1577.0,910,25,1518,6,525,11,832,15.5,1343,5,545,17,1241,12.0,1098,3419.6610873283453,519,456.0644398305647,809,3157.451078813953,527
681,Eric Verhoogen,multiple-field,North America,Columbia,13,1348,14,1430,1042.638480011169,478,2303.0,689,17,2079,8,386,10,906,12.5,1623,8,320,14,1453,11.5,1143,10953.53516930284,292,232.5640220516189,1459,2030.0761984645703,658
682,Ebonya Washington,political_econ,North America,Columbia,16,1038,17,1215,411.2882201084782,1101,1348.0,1035,19,1915,5,627,9,991,12.0,1681,5,545,17,1241,11.0,1189,2526.290050784148,581,278.943424816147,1274,1649.660548896882,740
683,David Weinstein,i_trade,North America,Columbia,22,617,27,733,1696.985562696395,261,5700.0,291,38,953,15,142,19,415,26.5,696,14,128,28,718,22.0,518,42408.791484237925,106,762.0809862391092,489,11969.295779825748,201
684,Jack Willis,development,North America,Columbia,4,3256,2,3404,123.5354200219516,2287,183.0,2686,6,3475,4,749,4,1786,5.0,2983,1,1424,5,2654,4.5,2297,299.7454491742748,1352,65.00819617067857,2768,310.04098085339285,1692
685,Michael Woodford,macro,North America,Columbia,47,95,76,123,3866.953452008441,87,13387.0,99,122,120,16,128,45,71,69.0,108,13,148,79,119,48.0,121,18613.7169483558,201,3845.321741509846,58,65115.469605667386,44
686,Murat Yilmaz,micro_theory,North America,Columbia,4,3256,1,3809,21.42428528562855,3749,45.0,3632,11,2737,0,3283,0,3965,5.5,2853,0,3203,1,3860,0.5,4086,10.712142642814277,3788,21.42428528562855,3652,22.42428528562855,3733
687,Amalie Sofie Jensen,political_econ,Europe,Copenhagen,6,2677,5,2603,58.32666628567074,3010,124.0,2979,8,3159,0,3283,0,3965,4.0,3242,0,3203,5,2654,2.5,2945,29.16333314283537,3154,58.32666628567074,2874,59.32666628567074,3077
688,Anders Milhøj,multiple-field,Europe,Copenhagen,8,2197,5,2603,109.48059188732952,2416,240.0,2469,12,2609,0,3283,1,2917,6.0,2731,0,3203,5,2654,2.5,2945,54.74029594366476,2630,109.48059188732952,2231,110.48059188732952,2550
689,Anders Munk-Nielsen,multiple-field,Europe,Copenhagen,2,3967,1,3809,31.76476034853718,3499,43.0,3658,5,3656,1,1576,1,2917,3.0,3545,0,3203,2,3459,1.5,3437,21.59647396048222,3371,32.19294792096444,3381,64.38589584192889,3009
690,Anders Rahbek,econometrics,Europe,Copenhagen,21,669,31,605,449.040087297337,1021,1629.0,892,50,671,4,749,18,453,27.0,674,3,816,32,600,20.5,567,767.9762568545243,928,434.2743310958719,856,2156.37165547936,639
691,Andreas Bjerre-Nielsen,labor,Europe,Copenhagen,8,2197,8,2100,174.1866814656046,1953,383.0,2060,11,2737,0,3283,1,2917,5.5,2853,0,3203,8,2146,4.5,2297,87.0933407328023,2253,174.1866814656046,1758,175.1866814656046,2161
692,Anne Sofie Beck Knudsen,history,Europe,Copenhagen,1,4388,0,4385,6.0,4274,6.0,4335,1,4577,0,3283,1,2917,0.5,4588,0,3203,0,4408,0.5,4086,3.0,4285,6.0,4225,7.0,4242
693,Antoine Bertheau,labor,Europe,Copenhagen,2,3967,0,4385,5.385164807134504,4298,7.0,4303,2,4322,0,3283,0,3965,1.0,4350,0,3203,0,4408,0.0,4504,2.692582403567252,4307,5.385164807134504,4250,6.385164807134504,4264
694,Asger Lau Andersen,multiple-field,Europe,Copenhagen,8,2197,7,2254,137.57179943578552,2175,290.0,2297,11,2737,0,3283,3,2072,5.5,2853,0,3203,7,2299,3.5,2589,68.78589971789276,2435,137.57179943578552,2002,138.57179943578552,2343
695,Asger Mose Wingender,multiple-field,Europe,Copenhagen,4,3256,2,3404,136.41847382227965,2188,210.0,2573,7,3309,1,1576,4,1786,4.0,3242,1,1424,2,3459,2.5,2945,151.4633153898584,1800,75.92663077971676,2616,151.85326155943352,2272
696,Bertel Schjerning,multiple-field,Europe,Copenhagen,8,2197,8,2100,93.90420650854784,2561,234.0,2488,13,2492,3,924,7,1234,8.0,2304,2,1039,9,2003,7.5,1649,131.34068712681102,1924,95.2875939658197,2391,373.1503758632788,1536
697,Bjørn Bo Sørensen,development,Europe,Copenhagen,1,4388,0,4385,7.0,4221,7.0,4303,1,4577,0,3283,0,3965,0.5,4588,0,3203,0,4408,0.0,4504,3.5,4237,7.0,4171,8.0,4195
698,Camilla Skovbo Christensen,p_finance,Europe,Copenhagen,0,4667,0,4385,0.0,4667,0.0,4667,1,4577,0,3283,0,3965,0.5,4588,0,3203,0,4408,0.0,4504,0.0,4667,0.0,4669,1.0,4669
699,Carl-Johan Lars Dalgaard,multiple-field,Europe,Copenhagen,20,726,29,665,557.634288759219,839,1726.0,844,37,989,1,1576,14,640,19.0,1075,1,1424,29,684,16.5,766,325.7822888522593,1304,556.5645777045186,675,1113.1291554090371,899
700,Casper Worm Hansen,multiple-field,Europe,Copenhagen,13,1348,19,1100,186.14779074702983,1877,581.0,1705,26,1461,2,1169,12,763,14.0,1485,1,1424,20,1065,12.5,1053,234.25931572052883,1475,149.10200542480715,1922,444.3060162744215,1407
701,Christian Schultz,multiple-field,Europe,Copenhagen,13,1348,16,1280,110.3313192162588,2402,417.0,1984,32,1187,1,1576,14,640,16.5,1262,1,1424,16,1309,11.5,1143,99.175705383858,2136,99.351410767716,2348,198.702821535432,2052
702,Christina Gravert,behavior-experiment,Europe,Copenhagen,9,1992,9,1961,171.70614432803504,1973,445.0,1930,15,2273,0,3283,2,2431,7.5,2418,0,3203,9,2003,5.0,2147,85.85307216401752,2269,171.70614432803504,1780,172.70614432803504,2176
703,Claus Thustrup Kreiner,multiple-field,Europe,Copenhagen,17,948,23,906,676.3490223250124,716,1754.0,836,38,953,6,525,20,383,22.0,892,5,545,24,876,18.0,684,3728.644516128381,501,273.2452057568105,1305,1877.716440297674,686
704,Daniel Le Maire,labor,Europe,Copenhagen,4,3256,3,3094,73.3143914930759,2796,121.0,2994,5,3656,0,3283,3,2072,2.5,3719,0,3203,3,3149,2.0,3174,36.65719574653795,2956,73.3143914930759,2651,74.3143914930759,2886
705,Daphné Jocelyne Skandalis,labor,Europe,Copenhagen,4,3256,3,3094,78.44743462982075,2727,128.0,2961,5,3656,1,1576,2,2431,3.0,3545,1,1424,3,3149,2.0,3174,67.81200915893997,2446,72.62401831787993,2661,145.24803663575986,2310
706,Edward Samuel Jones,development,Europe,Copenhagen,16,1038,22,952,364.7793853824528,1207,1064.0,1234,42,840,0,3283,2,2431,21.0,953,0,3203,22,972,11.5,1143,182.3896926912264,1655,364.7793853824528,1005,365.7793853824528,1554
707,Egor Starkov,micro_theory,Europe,Copenhagen,1,4388,0,4385,8.0,4180,8.0,4272,3,4085,0,3283,0,3965,1.5,4125,0,3203,0,4408,0.0,4504,4.0,4196,8.0,4126,9.0,4155
708,Ekaterina Travova,political_econ,Europe,Copenhagen,1,4388,0,4385,2.0,4497,2.0,4502,1,4577,0,3283,0,3965,0.5,4588,0,3203,0,4408,0.0,4504,1.0,4501,2.0,4473,3.0,4474
709,Finn Tarp,development,Europe,Copenhagen,38,176,94,79,1004.2449900298234,500,5608.0,300,176,55,0,3283,8,1097,88.0,64,0,3203,94,82,47.0,127,502.1224950149117,1089,1004.2449900298234,368,1005.2449900298234,939
710,Florian Hans Fred Schneider,behavior-experiment,Europe,Copenhagen,6,2677,5,2603,272.5692572540051,1488,460.0,1906,11,2737,0,3283,4,1786,5.5,2853,0,3203,5,2654,3.5,2589,136.28462862700255,1893,272.5692572540051,1307,273.5692572540051,1806
711,Franziska Valder,labor,Europe,Copenhagen,1,4388,0,4385,9.0,4129,9.0,4234,2,4322,0,3283,0,3965,1.0,4350,0,3203,0,4408,0.0,4504,4.5,4147,9.0,4072,10.0,4105
712,Frikk Nesje,multiple-field,Europe,Copenhagen,5,2944,5,2603,252.1626459252044,1573,430.0,1961,11,2737,0,3283,0,3965,5.5,2853,0,3203,5,2654,2.5,2945,126.0813229626022,1949,252.1626459252044,1385,253.1626459252044,1860
713,Hannes Ullrich,multiple-field,Europe,Copenhagen,3,3600,2,3404,49.03060268852505,3159,74.0,3321,7,3309,0,3283,2,2431,3.5,3382,0,3203,2,3459,1.5,3437,24.515301344262525,3275,49.03060268852505,3032,50.03060268852505,3202
714,Hans Jørgen Whitta-Jacobsen,multiple-field,Europe,Copenhagen,4,3256,1,3809,18.547236990991408,3844,44.0,3644,10,2874,0,3283,5,1568,5.0,2983,0,3203,1,3860,3.0,2752,9.273618495495704,3873,18.547236990991408,3748,19.547236990991408,3825
715,Heino Bohn Nielsen,econometrics,Europe,Copenhagen,9,1992,9,1961,56.84188596448925,3031,201.0,2611,22,1700,1,1576,3,2072,11.5,1753,1,1424,9,2003,5.0,2147,49.7633460559765,2711,52.52669211195301,2951,105.053384223906,2588
716,Henrik Hansen,development,Europe,Copenhagen,13,1348,15,1353,940.3015473772232,535,2485.0,650,28,1363,0,3283,2,2431,14.0,1485,0,3203,15,1379,7.5,1649,470.15077368861154,1120,940.3015473772232,395,941.3015473772232,969
717,Ida Lykke Kristiansen,labor,Europe,Copenhagen,1,4388,1,3809,20.024984394500787,3793,21.0,3971,2,4322,0,3283,1,2917,1.0,4350,0,3203,1,3860,1.0,3730,10.012492197250394,3827,20.024984394500787,3696,21.024984394500787,3774
718,Jakob Egholt Søgaard,multiple-field,Europe,Copenhagen,4,3256,2,3404,469.20144927312407,976,516.0,1798,5,3656,0,3283,3,2072,2.5,3719,0,3203,2,3459,2.5,2945,234.60072463656203,1473,469.20144927312407,790,470.20144927312407,1361
719,Jakob Roland Munch,labor,Europe,Copenhagen,18,872,21,998,395.7372865930124,1131,1256.0,1086,32,1187,3,924,8,1097,17.5,1186,2,1039,22,972,13.5,969,590.7659854667575,1026,245.9156232110236,1405,975.6624928440943,951
720,Jeanet Sinding Bentzen,multiple-field,Europe,Copenhagen,11,1625,11,1709,286.59553381028115,1429,739.0,1508,12,2609,0,3283,6,1392,6.0,2731,0,3203,11,1737,5.5,2026,143.29776690514058,1848,286.59553381028115,1238,287.59553381028115,1762
721,Jeppe Druedahl,macro,Europe,Copenhagen,5,2944,3,3094,26.210684844162312,3622,63.0,3415,10,2874,0,3283,3,2072,5.0,2983,0,3203,3,3149,2.5,2945,13.105342422081156,3677,26.210684844162312,3516,27.210684844162312,3615
722,Jesper Riis-Vestergaard Sørensen,econometrics,Europe,Copenhagen,1,4388,0,4385,6.082762530298219,4266,7.0,4303,3,4085,0,3283,0,3965,1.5,4125,0,3203,0,4408,0.0,4504,3.0413812651491097,4278,6.082762530298219,4217,7.082762530298219,4236
723,Johan Sæverud,labor,Europe,Copenhagen,1,4388,0,4385,7.071067811865476,4214,8.0,4272,2,4322,0,3283,0,3965,1.0,4350,0,3203,0,4408,0.0,4504,3.5355339059327378,4230,7.071067811865476,4163,8.071067811865476,4187
724,Johan Lagerlöf,micro_theory,Europe,Copenhagen,6,2677,6,2423,75.76278769950325,2760,200.0,2615,17,2079,0,3283,6,1392,8.5,2203,0,3203,6,2464,5.0,2147,37.881393849751625,2923,75.76278769950325,2618,76.76278769950325,2858
725,John Rand,development,Europe,Copenhagen,19,797,27,733,517.8078794301995,894,1821.0,820,45,770,0,3283,2,2431,22.5,866,0,3203,27,755,13.5,969,258.90393971509974,1422,517.8078794301995,721,518.8078794301995,1309
726,John Vincent Kramer,macro,Europe,Copenhagen,1,4388,1,3809,14.0,3985,14.0,4102,1,4577,0,3283,0,3965,0.5,4588,0,3203,1,3860,0.5,4086,7.0,4006,14.0,3906,15.0,3954
727,Linea Hasager,labor,Europe,Copenhagen,3,3600,1,3809,21.18962010041709,3755,31.0,3809,5,3656,0,3283,4,1786,2.5,3719,0,3203,1,3860,2.0,3174,10.594810050208546,3793,21.18962010041709,3659,22.18962010041709,3738
728,Magnus Tolum Buus,i_trade,Europe,Copenhagen,1,4388,0,4385,2.0,4497,2.0,4502,1,4577,0,3283,1,2917,0.5,4588,0,3203,0,4408,0.5,4086,1.0,4501,2.0,4473,3.0,4474
729,Marc Patrick Brag Klemp,history,Europe,Copenhagen,11,1625,13,1510,120.06248373242992,2323,375.0,2077,20,1840,1,1576,4,1786,10.5,1890,1,1424,13,1535,7.5,1649,125.31139808220904,1953,89.6227961644181,2448,179.2455923288362,2143
730,Mette Foged,labor,Europe,Copenhagen,5,2944,3,3094,208.0216334903656,1757,263.0,2370,7,3309,0,3283,3,2072,3.5,3382,0,3203,3,3149,2.5,2945,104.0108167451828,2095,208.0216334903656,1563,209.0216334903656,2006
731,Mette Gørtz,labor,Europe,Copenhagen,12,1477,13,1510,191.26421515798503,1849,536.0,1769,20,1840,0,3283,5,1568,10.0,1962,0,3203,13,1535,7.5,1649,95.63210757899252,2166,191.26421515798503,1656,192.26421515798503,2078
732,Mette Ejrnæs,labor,Europe,Copenhagen,13,1348,15,1353,138.1557092558972,2170,495.0,1839,21,1766,2,1169,3,2072,11.5,1753,2,1039,15,1379,8.5,1487,216.600519723074,1525,117.56383517346592,2163,349.6915055203977,1588
733,Michael Bergman,multiple-field,Europe,Copenhagen,8,2197,7,2254,139.43098651304163,2162,319.0,2221,15,2273,0,3283,0,3965,7.5,2418,0,3203,7,2299,3.5,2589,69.71549325652082,2426,139.43098651304163,1990,140.43098651304163,2329
734,Miriam Wüst,multiple-field,Europe,Copenhagen,9,1992,8,2100,76.249590162833,2754,226.0,2513,18,1994,0,3283,7,1234,9.0,2114,0,3203,8,2146,6.0,1923,38.1247950814165,2917,76.249590162833,2611,77.249590162833,2852
735,Mogens Fosgerau,multiple-field,Europe,Copenhagen,31,296,55,243,522.8967393281392,888,2989.0,558,79,311,0,3283,3,2072,39.5,366,0,3203,55,250,27.5,363,261.4483696640696,1421,522.8967393281392,717,523.8967393281392,1302
736,Morten Bennedsen,multiple-field,Europe,Copenhagen,19,797,25,816,1209.5102314573448,395,3383.0,503,33,1137,2,1169,11,832,17.5,1186,2,1039,25,834,14.0,936,1908.043805385432,659,849.2360946040956,436,2544.708283812287,584
737,Morten Graugaard Olsen,macro,Europe,Copenhagen,3,3600,2,3404,107.68008172359454,2429,123.0,2984,4,3855,0,3283,1,2917,2.0,3907,0,3203,2,3459,1.5,3437,53.84004086179727,2642,107.68008172359454,2250,108.68008172359454,2562
738,N. Meltem Daysal,labor,Europe,Copenhagen,7,2425,5,2603,76.19711280619497,2755,178.0,2715,10,2874,0,3283,5,1568,5.0,2983,0,3203,5,2654,3.5,2589,38.09855640309748,2918,76.19711280619497,2612,77.19711280619497,2853
739,Neda Trifkovic,development,Europe,Copenhagen,10,1802,10,1828,120.85114811204733,2317,359.0,2117,20,1840,0,3283,1,2917,10.0,1962,0,3203,10,1859,5.0,2147,60.42557405602366,2551,120.85114811204733,2139,121.85114811204733,2468
740,Nick Vikander,micro_theory,Europe,Copenhagen,6,2677,2,3404,24.535688292770597,3662,60.0,3445,10,2874,0,3283,3,2072,5.0,2983,0,3203,2,3459,2.0,3174,12.267844146385295,3707,24.535688292770597,3555,25.535688292770597,3649
741,Niels Johannesen,p_finance,Europe,Copenhagen,20,726,25,816,412.0934360069328,1098,1455.0,979,31,1232,3,924,14,640,17.0,1221,3,816,25,834,14.0,936,1093.8145244815937,821,315.4595973882064,1150,1253.8383895528254,849
742,Nikolaj Arpe Harmon,political_econ,Europe,Copenhagen,5,2944,5,2603,114.24972647669664,2365,251.0,2425,8,3159,0,3283,3,2072,4.0,3242,0,3203,5,2654,3.5,2589,57.124863238348325,2590,114.24972647669664,2185,115.24972647669664,2511
743,Pablo Selaya,multiple-field,Europe,Copenhagen,8,2197,7,2254,154.22710527011782,2072,364.0,2104,10,2874,1,1576,3,2072,5.5,2853,1,1424,7,2299,4.5,2297,121.28369532167436,1985,147.56739064334877,1930,295.13478128669755,1739
744,Paolo Falco,labor,Europe,Copenhagen,8,2197,8,2100,95.81231653602788,2545,256.0,2402,15,2273,1,1576,6,1392,8.0,2304,1,1424,8,2146,6.0,1923,97.3496987939662,2147,75.6993975879324,2619,151.3987951758648,2275
745,Peter Birch Sørensen,p_finance,Europe,Copenhagen,17,948,24,859,222.4162763828223,1697,947.0,1318,46,750,0,3283,6,1392,23.0,848,0,3203,24,876,13.0,1007,111.20813819141117,2043,222.4162763828223,1497,223.4162763828223,1953
746,Peter Kjær Kruse-Andersen,p_finance,Europe,Copenhagen,6,2677,5,2603,38.22302970723278,3367,93.0,3176,10,2874,0,3283,0,3965,5.0,2983,0,3203,5,2654,2.5,2945,19.11151485361639,3456,38.22302970723278,3254,39.22302970723278,3393
747,Peter Norman Sørensen,micro_theory,Europe,Copenhagen,13,1348,13,1510,492.5819728735513,941,1207.0,1115,19,1915,5,627,11,832,12.0,1681,4,656,14,1453,9.5,1356,1648.2952730636384,697,285.70981457726054,1244,1690.2588874635633,729
748,Rasmus Søndergaard Pedersen,econometrics,Europe,Copenhagen,6,2677,4,2824,55.65069631190611,3043,139.0,2905,14,2384,0,3283,3,2072,7.0,2517,0,3203,4,2882,2.5,2945,27.82534815595305,3182,55.65069631190611,2908,56.65069631190611,3103
749,Robert Mahlstedt,labor,Europe,Copenhagen,4,3256,4,2824,98.05100713404222,2527,166.0,2770,6,3475,0,3283,2,2431,3.0,3545,0,3203,4,2882,2.5,2945,49.02550356702111,2726,98.05100713404222,2366,99.05100713404222,2657
750,Shan Huang,econometrics,Europe,Copenhagen,2,3967,0,4385,8.54400374531753,4151,11.0,4176,2,4322,0,3283,0,3965,1.0,4350,0,3203,0,4408,0.0,4504,4.272001872658765,4167,8.54400374531753,4095,9.54400374531753,4127
751,Stefan Voigt,finance,Europe,Copenhagen,5,2944,4,2824,45.21061822182926,3218,94.0,3169,6,3475,0,3283,3,2072,3.0,3545,0,3203,4,2882,2.0,3174,22.60530911091463,3330,45.21061822182926,3091,46.21061822182926,3263
752,Steffen Altmann,behavior-experiment,Europe,Copenhagen,9,1992,9,1961,146.75149062275312,2115,404.0,2003,14,2384,2,1169,8,1097,8.0,2304,2,1039,9,2003,6.0,1923,134.39931097714552,1906,147.08962747212496,1935,438.2688824163749,1421
753,Søren Leth-Petersen,multiple-field,Europe,Copenhagen,15,1141,18,1155,342.3156438143019,1276,990.0,1278,29,1320,4,749,10,906,16.5,1262,3,816,19,1119,11.5,1143,1436.987150132716,728,172.9023386457393,1771,849.5116932286965,1029
754,Søren Hove Ravn,macro,Europe,Copenhagen,6,2677,5,2603,52.278102490430925,3098,115.0,3034,8,3159,0,3283,3,2072,4.0,3242,0,3203,5,2654,3.5,2589,26.139051245215462,3226,52.278102490430925,2960,53.278102490430925,3151
755,Thomas Jensen,political_econ,Europe,Copenhagen,3,3600,1,3809,30.23243291566195,3528,52.0,3533,8,3159,0,3283,1,2917,4.0,3242,0,3203,1,3860,0.5,4086,15.116216457830976,3592,30.23243291566195,3417,31.23243291566195,3533
756,Thomas Markussen,multiple-field,Europe,Copenhagen,11,1625,13,1510,219.974998579384,1705,637.0,1639,21,1766,1,1576,5,1568,11.0,1825,1,1424,13,1535,7.0,1731,208.76033276391465,1554,188.52066552782924,1671,377.0413310556585,1530
757,Thomas Høgholm Jørgensen,multiple-field,Europe,Copenhagen,6,2677,2,3404,36.98648401781386,3391,92.0,3183,13,2492,0,3283,3,2072,6.5,2616,0,3203,2,3459,2.5,2945,18.49324200890693,3483,36.98648401781386,3282,37.98648401781386,3415
758,Torben Heien Nielsen,labor,Europe,Copenhagen,7,2425,7,2254,319.6607576791371,1332,601.0,1683,11,2737,2,1169,5,1568,6.5,2616,2,1039,7,2299,5.0,2147,802.9435368342644,921,108.51760417883985,2239,322.5528125365195,1668
759,Amanda Agan,labor,North America,Cornell,7,2425,7,2254,332.07228128827614,1303,538.0,1765,12,2609,3,924,5,1568,7.5,2418,3,816,7,2299,5.0,2147,932.4622040795914,871,83.21845174272562,2520,324.8738069709025,1660
760,Sule Alan,multiple-field,North America,Cornell,17,948,25,816,298.0301998120325,1394,1038.0,1247,32,1187,8,386,16,541,20.0,1011,7,384,26,797,17.5,716,2761.158749807685,564,170.32375057273657,1790,1469.9137551546291,777
761,Levon Barseghyan,multiple-field,North America,Cornell,12,1477,13,1510,259.9095996688079,1542,761.0,1481,26,1461,5,627,15,589,15.5,1343,4,656,14,1453,11.5,1143,1414.6569187536484,735,156.7234326002414,1870,916.3405956014484,988
762,Kaushik Basu,multiple-field,North America,Cornell,35,216,74,134,1069.889246604526,462,4941.0,352,152,76,3,924,22,327,77.5,81,3,816,74,138,40.0,169,2198.5816139779627,609,757.9807944577134,493,3023.923177830853,538
763,Marco Battaglini,multiple-field,North America,Cornell,23,568,36,503,442.9988713303906,1034,1854.0,808,48,712,14,160,31,175,31.0,565,11,201,39,464,28.5,340,11740.747912843724,279,196.13456563760764,1629,2747.0184845641147,563
764,Michèle Belot,multiple-field,North America,Cornell,22,617,28,696,549.1192948713422,856,2198.0,718,48,712,1,1576,9,991,24.5,776,1,1424,28,718,15.5,820,346.98667246760454,1267,544.9733449352091,691,1089.946689870418,905
765,Lawrence Blume,micro_theory,North America,Cornell,24,528,32,583,1821.78154563054,241,4898.0,359,50,671,4,749,22,327,27.0,674,3,816,33,579,19.5,610,1987.8118143408176,644,1811.5303593577617,163,9042.65179678881,265
766,Nicolas Bottan,multiple-field,North America,Cornell,8,2197,7,2254,141.23030836190935,2154,312.0,2240,12,2609,0,3283,4,1786,6.0,2731,0,3203,7,2299,4.0,2445,70.61515418095468,2415,141.23030836190935,1977,142.23030836190935,2324
767,George Boyer,history,North America,Cornell,13,1348,16,1280,150.3761949245957,2093,531.0,1774,23,1634,1,1576,1,2917,12.0,1681,1,1424,16,1309,8.5,1487,124.97856814768362,1956,140.95713629536723,1980,281.91427259073447,1779
768,Colleen Carey,p_finance,North America,Cornell,11,1625,11,1709,365.276607518193,1206,789.0,1447,20,1840,0,3283,4,1786,10.0,1962,0,3203,11,1737,7.0,1731,182.6383037590965,1654,365.276607518193,1002,366.276607518193,1552
769,Julieta Caunedo,multiple-field,North America,Cornell,4,3256,2,3404,24.919871588754223,3653,51.0,3547,7,3309,2,1169,5,1568,4.5,3116,1,1424,3,3149,4.0,2445,52.00000000000001,2666,16.0,3840,45.0,3286
770,Ryan Chahrour,macro,North America,Cornell,9,1992,8,2100,75.35250493513803,2772,226.0,2513,18,1994,5,627,9,991,11.5,1753,4,656,9,2003,9.0,1418,521.4864835754759,1070,49.71017781221632,3011,274.26106687329786,1805
771,Stephen Coate,multiple-field,North America,Cornell,26,451,34,548,1462.6305069975808,311,5510.0,307,45,770,13,186,34,148,29.0,616,13,148,34,558,26.0,403,33100.75232341757,131,1002.8914081857666,371,13872.479714600731,181
772,Jacob Dorn,econometrics,North America,Cornell,3,3600,2,3404,23.89560629069704,3678,35.0,3754,3,4085,0,3283,0,3965,1.5,4125,0,3203,2,3459,1.0,3730,11.94780314534852,3724,23.89560629069704,3575,24.89560629069704,3664
773,Sulagna Dasgupta,micro_theory,North America,Cornell,1,4388,0,4385,2.23606797749979,4467,3.0,4453,4,3855,0,3283,0,3965,2.0,3907,0,3203,0,4408,0.0,4504,1.118033988749895,4470,2.23606797749979,4440,3.23606797749979,4442
774,Maria Fitzpatrick,labor,North America,Cornell,14,1239,14,1430,296.69175923843926,1401,942.0,1324,23,1634,0,3283,7,1234,11.5,1753,0,3203,14,1453,8.5,1487,148.34587961921963,1819,296.69175923843926,1204,297.69175923843926,1732
775,Rick Geddes,p_finance,North America,Cornell,17,948,23,906,161.04347239177378,2029,753.0,1488,43,813,1,1576,1,2917,22.0,892,1,1424,23,925,12.0,1098,149.16765636673352,1815,141.33531273346705,1976,282.6706254669341,1776
776,Adam Harris,i_organization,North America,Cornell,1,4388,0,4385,1.0,4570,1.0,4570,1,4577,0,3283,0,3965,0.5,4588,0,3203,0,4408,0.0,4504,0.5,4572,1.0,4561,2.0,4561
777,George Jakubson,labor,North America,Cornell,10,1802,10,1828,173.33205127730994,1961,428.0,1965,15,2273,2,1169,4,1786,8.5,2203,2,1039,10,1859,6.5,1818,292.7321639317551,1372,157.28683137986943,1864,468.86049413960825,1363
778,Ravi Kanbur,multiple-field,North America,Cornell,39,164,110,57,1041.6923730161416,479,6851.0,239,231,27,1,1576,18,453,116.0,28,1,1424,110,57,58.5,74,543.7192141644093,1051,1042.4384283288186,352,2084.8768566576373,652
779,Max Kapustin,p_finance,North America,Cornell,3,3600,3,3094,86.78133439859057,2638,125.0,2973,3,4085,2,1169,2,2431,2.5,3719,2,1039,3,3149,2.5,2945,195.9863625092051,1599,25.0,3545,72.0,2912
780,Andrew Karolyi,finance,North America,Cornell,43,122,55,243,2271.1895561577417,173,11150.0,128,69,414,0,3283,19,415,34.5,474,0,3203,55,250,27.5,363,1135.5947780788708,804,2271.1895561577417,112,2272.1895561577417,619
781,Don Kenkel,multiple-field,North America,Cornell,28,386,46,346,396.4744632381762,1130,2200.0,717,84,277,3,924,18,453,43.5,299,3,816,46,357,26.0,403,1132.1173690624828,807,343.0749917297654,1062,1364.2999669190615,803
782,Philipp Kircher,multiple-field,North America,Cornell,16,1038,19,1100,245.9837392999789,1595,964.0,1306,27,1408,13,186,20,383,20.0,1011,10,231,22,972,18.5,651,7032.751622121463,369,135.4744871391589,2014,1728.6428199482248,725
783,Rohit Lamba,multiple-field,North America,Cornell,4,3256,2,3404,42.5205832509386,3293,74.0,3321,7,3309,0,3283,1,2917,3.5,3382,0,3203,2,3459,1.5,3437,21.2602916254693,3389,42.5205832509386,3173,43.5205832509386,3322
784,Pauline Leung,p_finance,North America,Cornell,4,3256,3,3094,73.98648525237566,2787,122.0,2988,5,3656,1,1576,3,2072,3.0,3545,1,1424,3,3149,3.0,2752,82.39716474127083,2300,39.79432948254165,3224,79.5886589650833,2826
785,Jeremy Lise,labor,North America,Cornell,9,1992,9,1961,194.3630623343849,1839,493.0,1843,9,3018,6,525,6,1392,7.5,2418,6,456,9,2003,7.5,1649,2116.1180366730014,621,79.30757123244501,2564,520.152998627115,1307
786,Michael Lovenheim,labor,North America,Cornell,26,451,32,583,526.0066539503089,886,2249.0,705,40,899,0,3283,15,589,20.0,1011,0,3203,32,600,17.5,716,263.00332697515444,1418,526.0066539503089,713,527.0066539503089,1300
787,Alan Mathios,multiple-field,North America,Cornell,21,669,31,605,355.75412857758937,1223,1587.0,907,76,341,2,1169,6,1392,39.0,379,2,1039,31,620,16.5,766,538.4242275306294,1054,322.8987379221053,1127,965.696213766316,957
788,Douglas Miller,multiple-field,North America,Cornell,16,1038,18,1155,4272.903111468829,73,9305.0,164,20,1840,1,1576,11,832,10.5,1890,1,1424,18,1177,9.5,1356,2304.7599982199404,601,4270.519996439881,44,8541.039992879761,277
789,Francesca Molinari,econometrics,North America,Cornell,19,797,21,998,362.2788980881994,1212,1338.0,1042,32,1187,7,445,19,415,19.5,1041,6,456,22,972,16.5,766,3199.422235559775,531,264.3616132992642,1338,2066.8929063941137,653
790,Jose Luis Montiel Olea,econometrics,North America,Cornell,10,1802,10,1828,628.4457017117708,768,1120.0,1181,16,2168,5,627,11,832,10.5,1890,5,545,10,1859,9.0,1418,1747.4161704319897,681,606.443264157144,624,3614.659584942864,485
791,Sean Nicholson,multiple-field,North America,Cornell,30,323,49,305,883.5841782195967,566,4115.0,418,69,414,0,3283,13,700,34.5,474,0,3203,49,313,25.5,418,441.7920891097983,1154,883.5841782195967,423,884.5841782195967,1005
792,Kristoffer Nimark,macro,North America,Cornell,9,1992,8,2100,107.93053321465618,2426,289.0,2300,12,2609,3,924,7,1234,7.5,2418,2,1039,9,2003,6.0,1923,262.2791271542217,1419,88.871997764114,2457,347.487991056456,1598
793,Elio Nimier-David,labor,North America,Cornell,1,4388,0,4385,9.0,4129,9.0,4234,1,4577,0,3283,0,3965,0.5,4588,0,3203,0,4408,0.0,4504,4.5,4147,9.0,4072,10.0,4105
794,Ezra Oberfield,multiple-field,North America,Cornell,10,1802,10,1828,225.55043781824057,1685,631.0,1646,12,2609,7,445,9,991,9.5,2035,6,456,11,1737,9.5,1356,3059.271198463069,543,102.95311355031686,2307,775.6249084025349,1080
795,Ted O’Donoghue,behavior-experiment,North America,Cornell,24,528,28,696,4613.752052288896,58,10822.0,133,35,1061,11,246,14,640,23.0,848,8,320,31,620,21.0,550,30354.189752125287,141,4079.251590056839,51,48831.01908068207,60
796,George Orlov,labor,North America,Cornell,4,3256,1,3809,103.47946656221224,2472,124.0,2979,9,3018,0,3283,0,3965,4.5,3116,0,3203,1,3860,0.5,4086,51.73973328110612,2675,103.47946656221224,2299,104.47946656221224,2598
797,Eleonora Patacchini,labor,North America,Cornell,29,352,44,375,614.093641067875,778,2809.0,576,72,385,4,749,19,415,38.0,399,3,816,45,370,26.5,389,1263.102899383127,768,440.5317857842657,845,2187.6589289213284,631
798,Zhuan Pei,econometrics,North America,Cornell,8,2197,8,2100,240.9003943541812,1622,493.0,1843,10,2874,4,749,7,1234,7.0,2517,3,816,9,2003,7.0,1731,813.6920362436255,916,155.38692149588087,1879,761.9346074794043,1089
799,Fikri Pitsuwan,i_organization,North America,Cornell,1,4388,0,4385,3.0,4440,3.0,4453,1,4577,0,3283,0,3965,0.5,4588,0,3203,0,4408,0.0,4504,1.5,4444,3.0,4407,4.0,4412
800,Eswar Prasad,multiple-field,North America,Cornell,28,386,51,279,1035.7099014685532,485,4745.0,368,103,179,3,924,15,589,53.0,204,3,816,51,289,28.0,353,1629.4543991400287,698,999.7201211975204,372,3990.880484790082,458
801,Chen Qiu,econometrics,North America,Cornell,1,4388,0,4385,5.0990195135927845,4310,6.0,4335,4,3855,0,3283,0,3965,2.0,3907,0,3203,0,4408,0.0,4504,2.549509756796392,4319,5.0990195135927845,4266,6.0990195135927845,4276
802,Evan Riehl,labor,North America,Cornell,4,3256,1,3809,75.50496672405067,2767,93.0,3176,7,3309,0,3283,4,1786,3.5,3382,0,3203,1,3860,2.5,2945,37.75248336202534,2930,75.50496672405067,2625,76.50496672405067,2864
803,Nicholas Sanders,multiple-field,North America,Cornell,11,1625,11,1709,286.5327206446063,1430,727.0,1531,16,2168,0,3283,6,1392,8.0,2304,0,3203,11,1737,6.0,1923,143.26636032230314,1849,286.5327206446063,1240,287.5327206446063,1763
804,Seth Sanders,labor,North America,Cornell,25,490,30,633,869.7217945987096,578,3408.0,501,38,953,6,525,15,589,22.0,892,6,456,30,649,18.5,651,4907.798534931073,438,793.6223714445902,471,5520.356600112131,379
805,Robert Smith,labor,North America,Cornell,5,2944,5,2603,113.54294341789806,2374,228.0,2507,7,3309,0,3283,0,3965,3.5,3382,0,3203,5,2654,2.5,2945,56.77147170894903,2597,113.54294341789806,2191,114.54294341789806,2517
806,Jason Sockin,labor,North America,Cornell,3,3600,0,4385,14.071247279470288,3979,26.0,3893,4,3855,2,1169,3,2072,3.0,3545,0,3203,2,3459,2.5,2945,34.57640177574222,3009,11.219544457292889,3991,30.65863337187866,3546
807,Jörg Stoye,econometrics,North America,Cornell,13,1348,15,1353,225.72549700908849,1684,740.0,1505,25,1518,4,749,9,991,14.5,1436,3,816,16,1309,10.5,1239,903.3838255965962,878,172.56749390081114,1775,847.8374695040557,1031
808,Mathieu Taschereau-Dumouchel,macro,North America,Cornell,5,2944,4,2824,114.40279716860071,2364,164.0,2777,6,3475,3,924,6,1392,4.5,3116,3,816,4,2882,4.5,2297,355.2525745873474,1253,17.7648230602334,3772,63.0592922409336,3033
809,Sharon Tennyson,multiple-field,North America,Cornell,18,872,24,859,309.127805284481,1359,1162.0,1148,43,813,0,3283,0,3965,21.5,923,0,3203,24,876,12.0,1098,154.5639026422405,1786,309.127805284481,1165,310.127805284481,1691
810,Lars Vilhuber,multiple-field,North America,Cornell,9,1992,9,1961,493.1652866940252,940,794.0,1443,35,1061,1,1576,6,1392,18.0,1148,0,3203,10,1859,7.0,1731,251.56996978545465,1438,494.1399395709092,755,988.2798791418184,945
811,Michael Zheng Song,multiple-field,Asia,CUHK,15,1141,15,1353,1054.5752699546863,470,1939.0,780,21,1766,4,749,7,1234,12.5,1623,4,656,15,1379,10.0,1294,3140.0020758963783,535,264.2383522849774,1340,1306.1917614248869,832
812,Ying Bai,history,Asia,CUHK,10,1802,10,1828,236.55020608741816,1640,554.0,1738,15,2273,2,1169,10,906,8.5,2203,1,1424,11,1737,8.0,1567,341.4564891479416,1277,163.07762104029226,1832,486.2328631208768,1345
813,Terence Tai Leung Chong,multiple-field,Asia,CUHK,24,528,44,375,405.3862355828081,1115,1992.0,766,131,103,0,3283,2,2431,65.5,127,0,3203,44,387,22.0,518,202.6931177914041,1573,405.3862355828081,907,406.3862355828081,1480
814,Kevin Devereux,labor,Asia,CUHK,2,3967,0,4385,3.741657386773941,4405,6.0,4335,6,3475,0,3283,0,3965,3.0,3545,0,3203,0,4408,0.0,4504,1.8708286933869709,4410,3.741657386773941,4367,4.741657386773941,4376
815,Julan Du,multiple-field,Asia,CUHK,18,872,26,777,562.6935222658957,833,1668.0,873,53,615,0,3283,2,2431,26.5,696,0,3203,26,797,13.0,1007,281.34676113294785,1391,562.6935222658957,665,563.6935222658957,1262
816,Qingliang Fan,multiple-field,Asia,CUHK,10,1802,10,1828,195.4405280385826,1826,475.0,1874,27,1408,0,3283,6,1392,13.5,1526,0,3203,10,1859,6.5,1818,97.7202640192913,2142,195.4405280385826,1633,196.4405280385826,2059
817,Wei He,micro_theory,Asia,CUHK,10,1802,11,1709,75.47184905645283,2768,246.0,2447,19,1915,1,1576,8,1097,10.0,1962,1,1424,11,1737,7.5,1649,48.3329613076702,2736,75.66592261534039,2621,151.33184523068078,2276
818,Mark Hup,history,Asia,CUHK,1,4388,0,4385,1.0,4570,1.0,4570,2,4322,0,3283,0,3965,1.0,4350,0,3203,0,4408,0.0,4504,0.5,4572,1.0,4561,2.0,4561
819,Duozhe Li,micro_theory,Asia,CUHK,4,3256,3,3094,146.4923206178399,2120,212.0,2564,11,2737,0,3283,2,2431,5.5,2853,0,3203,3,3149,2.0,3174,73.24616030891995,2388,146.4923206178399,1941,147.4923206178399,2295
820,Zhen Merrick Li,econometrics,Asia,CUHK,3,3600,2,3404,30.675723300355934,3512,45.0,3632,4,3855,1,1576,3,2072,2.5,3719,1,1424,2,3459,2.0,3174,34.26498204307084,3018,13.529964086141668,3917,27.059928172283332,3619
821,Shu Lin,multiple-field,Asia,CUHK,14,1239,17,1215,301.1627467001853,1385,903.0,1355,27,1408,0,3283,8,1097,13.5,1526,0,3203,17,1241,9.0,1418,150.58137335009266,1806,301.1627467001853,1186,302.1627467001853,1718
822,Dan Lyu,i_trade,Asia,CUHK,2,3967,1,3809,16.583123951777,3904,23.0,3937,4,3855,1,1576,1,2917,2.5,3719,0,3203,2,3459,1.5,3437,14.516648189186457,3614,16.03329637837291,3835,32.06659275674582,3515
823,Xun Lu,econometrics,Asia,CUHK,11,1625,12,1604,263.60386947084066,1528,607.0,1677,20,1840,0,3283,12,763,10.0,1962,0,3203,12,1632,8.0,1567,131.80193473542033,1921,263.60386947084066,1341,264.60386947084066,1833
824,Guangyu Pei,multiple-field,Asia,CUHK,2,3967,0,4385,6.48074069840786,4237,12.0,4154,5,3656,1,1576,3,2072,3.0,3545,0,3203,1,3860,2.0,3174,5.0822070014844885,4106,7.164414002968976,4157,14.328828005937952,3969
825,Travis Ka Ho Ng,multiple-field,Asia,CUHK,8,2197,7,2254,75.17978451685,2773,220.0,2532,21,1766,0,3283,1,2917,10.5,1890,0,3203,7,2299,3.5,2589,37.589892258425,2935,75.17978451685,2631,76.17978451685,2868
826,Liugang Sheng,i_trade,Asia,CUHK,7,2425,6,2423,159.1320206620905,2044,317.0,2228,12,2609,1,1576,3,2072,6.5,2616,1,1424,6,2464,4.0,2445,170.93051084497534,1704,108.86102168995065,2237,217.7220433799013,1968
827,Matthew Ce Shi,i_organization,Asia,CUHK,2,3967,0,4385,4.47213595499958,4357,6.0,4335,2,4322,0,3283,1,2917,1.0,4350,0,3203,0,4408,0.5,4086,2.23606797749979,4362,4.47213595499958,4318,5.47213595499958,4330
828,Zhentao Shi,econometrics,Asia,CUHK,8,2197,8,2100,184.72953201911167,1889,369.0,2092,17,2079,1,1576,9,991,9.0,2114,1,1424,8,2146,5.5,2026,205.8565564996062,1565,96.71311299921238,2379,193.4262259984248,2073
829,Xiaohan Yang,development,Asia,CUHK,2,3967,2,3404,17.029386365926403,3886,24.0,3921,2,4322,0,3283,0,3965,1.0,4350,0,3203,2,3459,1.0,3730,8.514693182963201,3916,17.029386365926403,3795,18.029386365926403,3862
830,Ning Zhang,labor,Asia,CUHK,6,2677,4,2824,32.7414110874898,3474,80.0,3267,10,2874,3,924,6,1392,6.5,2616,2,1039,5,2654,5.0,2147,109.10722563383273,2056,25.22611077089287,3539,92.90444308357148,2698
831,Yifan Zhang,i_trade,Asia,CUHK,16,1038,17,1215,1552.8773293470415,285,2876.0,570,18,1994,3,924,6,1392,10.5,1890,3,816,17,1241,10.0,1294,1917.1663386759835,656,1479.872032371119,226,5911.488129484476,356
832,Vinci Yan Chi Chow,other,Asia,CUHK,2,3967,1,3809,19.44222209522358,3816,24.0,3921,3,4085,0,3283,0,3965,1.5,4125,0,3203,1,3860,0.5,4086,9.72111104761179,3847,19.44222209522358,3719,20.44222209522358,3798
833,Cheuk Yin Ho,labor,Asia,CUHK,3,3600,1,3809,33.80828300875393,3453,49.0,3575,8,3159,0,3283,0,3965,4.0,3242,0,3203,1,3860,0.5,4086,16.904141504376966,3537,33.80828300875393,3350,34.80828300875393,3473
834,Hugo Tak Sang Ip,finance,Asia,CUHK,1,4388,1,3809,16.0,3924,16.0,4062,2,4322,0,3283,0,3965,1.0,4350,0,3203,1,3860,0.5,4086,8.0,3952,16.0,3840,17.0,3899
835,Fernando Vega-Redondo,micro_theory,Asia,CUHK,28,386,39,455,1167.8373174376643,410,4442.0,394,79,311,3,924,21,355,41.0,333,3,816,39,464,26.0,403,2207.032690380221,608,1063.1952650337578,344,4244.781060135031,439
836,Wai-Chiu Woo,micro_theory,Asia,CUHK,3,3600,0,4385,10.488088481701515,4082,26.0,3893,10,2874,0,3283,0,3965,5.0,2983,0,3203,0,4408,0.0,4504,5.244044240850758,4098,10.488088481701515,4017,11.488088481701515,4055
837,Linda Chor Wing Yung,labor,Asia,CUHK,6,2677,5,2603,72.32565243397394,2807,141.0,2888,6,3475,0,3283,1,2917,3.0,3545,0,3203,5,2654,2.5,2945,36.16282621698697,2967,72.32565243397394,2664,73.32565243397394,2896
838,Julius Ilciukas,labor,Asia,CUHK,1,4388,0,4385,8.0,4180,8.0,4272,1,4577,0,3283,1,2917,0.5,4588,0,3203,0,4408,0.5,4086,4.0,4196,8.0,4126,9.0,4155
839,Atila Abdulkadiroglu,micro_theory,North America,Duke,20,726,22,952,1258.0011923682744,372,3991.0,435,26,1461,15,142,17,493,20.5,981,14,128,23,925,19.0,627,37440.96029126285,114,337.69645179332235,1086,5179.143228693158,389
840,Attila Ambrus,micro_theory,North America,Duke,15,1141,20,1048,405.2591763304071,1116,1225.0,1102,28,1363,9,329,18,453,18.5,1111,7,384,22,972,17.0,742,4745.927971248503,444,174.08482668010407,1761,1660.8482668010406,738
841,Peter S. Arcidiacono,labor,North America,Duke,26,451,36,503,637.1577512672981,754,2648.0,607,47,731,8,386,25,268,27.5,661,6,456,38,480,24.5,444,4085.866827047875,479,589.3191894303851,640,5240.872704873466,388
842,Bocar A Ba,multiple-field,North America,Duke,4,3256,2,3404,188.52586029507995,1869,226.0,2513,8,3159,1,1576,3,2072,4.5,3116,0,3203,3,3149,3.0,2752,96.25762568620112,2159,189.51525137240225,1665,379.0305027448045,1528
843,Jason Baron,labor,North America,Duke,5,2944,4,2824,224.64416306683776,1688,355.0,2125,9,3018,1,1576,3,2072,5.0,2983,0,3203,5,2654,3.5,2589,121.2319027727856,1986,225.4638055455712,1488,450.9276110911424,1398
844,Patrick Bayer,multiple-field,North America,Duke,22,617,27,733,896.0507798110551,559,3111.0,537,31,1232,10,280,15,589,20.5,981,9,268,28,718,19.0,627,13231.789050365913,258,443.0473415228409,839,4774.52075675125,407
845,Charles Maxwell Becker,multiple-field,North America,Duke,11,1625,18,1155,88.77499647986475,2612,425.0,1969,45,770,0,3283,0,3965,22.5,866,0,3203,18,1177,9.0,1418,44.38749823993238,2803,88.77499647986475,2458,89.77499647986475,2727
846,David Berger,macro,North America,Duke,14,1239,14,1430,253.1955765806346,1572,802.0,1432,18,1994,9,329,14,640,13.5,1526,7,384,16,1309,13.0,1007,3611.186139745516,507,139.23440405668543,1994,1312.3440405668543,830
847,Tim Bollerslev,finance,North America,Duke,66,22,89,92,14714.082744092477,9,43437.0,9,106,170,9,329,60,29,57.5,174,8,320,90,92,54.0,88,26128.50102347218,157,14535.78557011151,8,145277.8557011151,13
848,A. Craig Burnside,i_finance,North America,Duke,25,490,26,777,2118.993629060739,191,4532.0,386,34,1095,9,329,19,415,21.5,923,9,268,26,797,17.5,716,18687.44962907829,200,446.97488512470665,831,4389.748851247066,426
849,Anna Bykhovskaya,econometrics,North America,Duke,4,3256,2,3404,19.1049731745428,3829,41.0,3682,6,3475,0,3283,4,1786,3.0,3545,0,3203,2,3459,2.5,2945,9.5524865872714,3858,19.1049731745428,3729,20.1049731745428,3809
850,Bruce J. Caldwell,history,North America,Duke,13,1348,19,1100,192.681083658983,1844,672.0,1590,50,671,0,3283,1,2917,25.0,750,0,3203,19,1119,10.0,1294,96.3405418294915,2158,192.681083658983,1646,193.681083658983,2071
851,Allan Collard-Wexler,i_organization,North America,Duke,9,1992,9,1961,350.6893211947008,1243,871.0,1383,11,2737,6,525,7,1234,8.5,2203,6,456,9,2003,8.0,1567,4232.775374910632,470,87.33879763065102,2475,576.3715834145571,1253
852,Michelle P. Connolly,multiple-field,North America,Duke,8,2197,8,2100,125.30762147610974,2269,286.0,2307,13,2492,1,1576,4,1786,7.0,2517,1,1424,8,2146,4.5,2297,79.07455195166534,2333,125.1491039033307,2096,250.2982078066614,1871
853,Emily A Cuddy,labor,North America,Duke,2,3967,1,3809,12.16552506059644,4024,14.0,4102,2,4322,0,3283,0,3965,1.0,4350,0,3203,1,3860,0.5,4086,6.082762530298219,4042,12.16552506059644,3949,13.16552506059644,3996
854,Jeffrey Desimone,p_finance,North America,Duke,1,4388,0,4385,5.0,4330,5.0,4375,1,4577,0,3283,0,3965,0.5,4588,0,3203,0,4408,0.0,4504,2.5,4337,5.0,4288,6.0,4300
855,Michael F Dinerstein,i_organization,North America,Duke,4,3256,3,3094,128.79829191413992,2245,207.0,2583,5,3656,5,627,5,1568,5.0,2983,3,816,5,2654,5.0,2147,742.8718869776364,946,5.0,4288,6.0,4300
856,Rafael Dix-Carneiro,i_trade,North America,Duke,10,1802,10,1828,436.1891791413446,1049,1165.0,1143,12,2609,4,749,5,1568,8.0,2304,4,656,10,1859,7.5,1649,1990.7187154255496,643,293.0173005202284,1215,1450.086502601142,782
857,Erica Field,development,North America,Duke,21,669,24,859,679.8992572433066,708,2591.0,631,30,1275,13,186,17,493,21.5,923,12,173,25,834,19.5,610,16380.5038145503,221,358.5792239125495,1013,4852.109134775693,403
858,Connel Fullenkamp,multiple-field,North America,Duke,10,1802,10,1828,458.2499318057778,998,795.0,1441,24,1571,0,3283,1,2917,12.0,1681,0,3203,10,1859,5.0,2147,229.1249659028889,1490,458.2499318057778,805,459.2499318057778,1384
859,Arkadev Ghosh,history,North America,Duke,2,3967,0,4385,9.848857801796104,4106,13.0,4130,2,4322,1,1576,2,2431,1.5,4125,0,3203,1,3860,1.5,3437,11.0,3779,5.0,4288,10.0,4105
860,Alessandra Lucia Gonzalez,other,North America,Duke,5,2944,2,3404,229.59094058782023,1661,296.0,2283,9,3018,1,1576,2,2431,5.0,2983,1,1424,2,3459,2.0,3174,249.17935662402837,1443,51.35871324805669,2978,102.71742649611338,2618
861,Yingni Guo,micro_theory,North America,Duke,5,2944,4,2824,68.22023160324215,2870,146.0,2856,10,2874,6,525,7,1234,8.0,2304,2,1039,8,2146,7.5,1649,362.43612192092513,1243,48.09513035969837,3047,301.6659125178886,1721
862,Kevin Douglas Hoover,multiple-field,North America,Duke,22,617,41,427,316.4048040090416,1339,1628.0,893,86,268,1,1576,5,1568,43.5,299,1,1424,41,434,21.5,536,257.51851736399743,1427,298.0370347279948,1198,596.0740694559896,1231
863,Federico C Huneeus,labor,North America,Duke,3,3600,2,3404,162.5207679036744,2024,179.0,2710,4,3855,1,1576,1,2917,2.5,3719,0,3203,3,3149,2.0,3174,86.2219182240853,2264,163.4438364481706,1828,326.8876728963412,1658
864,Cosmin L. Ilut,macro,North America,Duke,9,1992,9,1961,224.7865654348587,1687,497.0,1833,12,2609,6,525,9,991,9.0,2114,6,456,9,2003,8.5,1487,1515.7619192324105,712,119.36225121265016,2149,800.5357584885511,1067
865,Gregor Jarosch,labor,North America,Duke,6,2677,6,2423,141.03900169811186,2155,246.0,2447,8,3159,5,627,8,1097,6.5,2616,5,545,6,2464,6.5,1818,627.3102987690587,1010,135.0,2016,786.0,1074
866,Kyle Jurado,macro,North America,Duke,4,3256,3,3094,1689.7780919398854,262,1762.0,835,5,3656,3,924,5,1568,4.0,3242,3,816,3,3149,4.0,2445,2750.6414094776637,565,7.47213595499958,4144,21.88854381999832,3754
867,Matthias Kehrig,macro,North America,Duke,4,3256,3,3094,110.774545812655,2398,195.0,2635,5,3656,2,1169,4,1786,3.5,3382,2,1039,3,3149,3.0,2752,262.1367431239998,1420,72.46275611981126,2662,214.38826835943377,1984
868,Grace Kim,finance,North America,Duke,1,4388,0,4385,4.0,4388,4.0,4413,1,4577,0,3283,0,3965,0.5,4588,0,3203,0,4408,0.0,4504,2.0,4394,4.0,4349,5.0,4360
869,Kent P. Kimbrough,multiple-field,North America,Duke,8,2197,5,2603,107.78218776773832,2428,221.0,2527,23,1634,0,3283,5,1568,11.5,1753,0,3203,5,2654,4.0,2445,53.89109388386916,2641,107.78218776773832,2248,108.78218776773832,2561
870,Rachel Kranton,multiple-field,North America,Duke,25,490,29,665,3476.665068711681,102,7812.0,202,38,953,9,329,13,700,23.5,827,9,268,29,684,19.0,627,21373.27594488925,175,1389.5969723275507,250,13815.969723275506,182
871,Lawrence Kreicher,i_finance,North America,Duke,0,4667,0,4385,0.0,4667,0.0,4667,1,4577,0,3283,0,3965,0.5,4588,0,3203,0,4408,0.0,4504,0.0,4667,0.0,4669,1.0,4669
872,Timur Kuran,history,North America,Duke,31,296,45,357,1386.7137411881372,331,5495.0,312,67,442,3,924,7,1234,35.0,460,3,816,45,370,24.0,461,1154.7631088493763,795,1384.5198152759156,253,5530.079261103662,376
873,Andrea Lanteri,macro,North America,Duke,4,3256,1,3809,41.43669871020132,3310,63.0,3415,8,3159,3,924,6,1392,5.5,2853,1,1424,3,3149,4.5,2297,120.11117589628836,1992,11.06225774829855,3994,36.2490309931942,3441
874,Bahar Leventoglu,political_econ,North America,Duke,7,2425,7,2254,136.8429757057336,2183,322.0,2209,13,2492,0,3283,0,3965,6.5,2616,0,3203,7,2299,3.5,2589,68.4214878528668,2440,136.8429757057336,2007,137.8429757057336,2349
875,Matthew A Masten,econometrics,North America,Duke,7,2425,6,2423,63.92182725798755,2927,166.0,2770,12,2609,3,924,5,1568,7.5,2418,3,816,6,2464,4.5,2297,256.83643593764566,1430,45.567593307585526,3086,174.2703732303421,2167
876,Arnaud Maurel,labor,North America,Duke,11,1625,11,1709,224.0178564311336,1689,524.0,1784,17,2079,3,924,8,1097,10.0,1962,1,1424,13,1535,8.5,1487,193.7755811328817,1607,220.86234185833956,1503,875.4493674333581,1010
877,David Mcadams,micro_theory,North America,Duke,15,1141,19,1100,356.98319288168176,1222,1019.0,1263,38,953,5,627,11,832,21.5,923,5,545,19,1119,13.5,969,1212.088439431668,777,339.619186538967,1078,2013.7151192338024,662
878,Marjorie B. Mcelroy,multiple-field,North America,Duke,8,2197,7,2254,210.5065319651625,1747,481.0,1867,10,2874,3,924,6,1392,6.5,2616,1,1424,9,2003,6.5,1818,231.3155628130317,1484,203.44949488586892,1593,805.7979795434758,1061
879,Ellen E Meade,multiple-field,North America,Duke,10,1802,10,1828,293.1023711947756,1411,729.0,1524,15,2273,0,3283,2,2431,7.5,2418,0,3203,10,1859,5.0,2147,146.5511855973878,1829,293.1023711947756,1214,294.1023711947756,1741
880,Steven G. Medema,history,North America,Duke,20,726,28,696,264.5902492534447,1524,1264.0,1080,101,188,0,3283,1,2917,50.5,219,0,3203,28,718,14.0,936,132.29512462672236,1918,264.5902492534447,1336,265.5902492534447,1829
881,Thomas J. Nechyba,p_finance,North America,Duke,13,1348,14,1430,465.0827883291318,985,1214.0,1112,21,1766,3,924,5,1568,12.0,1681,3,816,14,1453,8.5,1487,1005.1000956035516,851,412.8841299684583,890,1643.5365198738332,741
882,Andrew J. Patton,multiple-field,North America,Duke,36,203,45,357,2033.4173206698129,205,7594.0,206,62,497,1,1576,37,116,31.5,555,1,1424,45,370,27.5,363,1051.5580406449994,833,2034.1160812899984,135,4068.232162579997,451
883,Pietro F. Peretto,macro,North America,Duke,24,528,34,548,449.4085001421313,1019,1846.0,815,50,671,0,3283,35,139,25.0,750,0,3203,34,558,20.5,567,224.70425007106564,1502,449.4085001421313,824,450.4085001421313,1400
884,Laura Pilossoph,labor,North America,Duke,4,3256,4,2824,135.55072851150598,2192,194.0,2639,6,3475,2,1169,2,2431,4.0,3242,2,1039,4,2882,3.0,2752,169.2341934877714,1719,132.46838697554284,2035,394.4051609266285,1499
885,Michael Pollmann,econometrics,North America,Duke,3,3600,0,4385,7.071067811865476,4214,12.0,4154,3,4085,0,3283,1,2917,1.5,4125,0,3203,0,4408,0.5,4086,3.5355339059327378,4230,7.071067811865476,4163,8.071067811865476,4187
886,Emma Rasiel,multiple-field,North America,Duke,4,3256,4,2824,59.46427498927402,2998,112.0,3057,5,3656,0,3283,0,3965,2.5,3719,0,3203,4,2882,2.0,3174,29.73213749463701,3143,59.46427498927402,2862,60.46427498927402,3066
887,James W. Roberts,i_organization,North America,Duke,12,1477,14,1430,176.12211672586722,1941,567.0,1722,24,1571,8,386,12,763,16.0,1305,5,545,17,1241,14.0,936,1356.0578514523072,744,156.7783586413024,1869,1348.0052277717216,812
888,Adam M Rosen,econometrics,North America,Duke,11,1625,11,1709,307.5304862936356,1362,715.0,1543,16,2168,3,924,9,991,9.5,2035,3,816,11,1737,8.0,1567,756.2198595899875,939,221.5177338341216,1499,878.0709353364863,1009
889,Philipp Sadowski,micro_theory,North America,Duke,5,2944,3,3094,60.02499479383568,2986,117.0,3021,11,2737,1,1576,3,2072,6.0,2731,1,1424,3,3149,2.5,2945,50.72183255125822,2696,56.44366510251645,2898,112.8873302050329,2526
890,Todd Sarver,micro_theory,North America,Duke,8,2197,6,2423,136.78815738213598,2184,301.0,2265,11,2737,6,525,9,991,8.5,2203,5,545,7,2299,8.0,1567,1427.2469279612894,731,22.278820596099703,3631,120.95174417269794,2477
891,Curtis R. Taylor,micro_theory,North America,Duke,14,1239,19,1100,781.9488474318508,626,1738.0,840,27,1408,7,445,18,453,17.0,1221,6,456,20,1065,15.0,864,1998.2490986451755,642,774.1916318626005,485,6145.533054900804,346
892,Duncan Thomas,development,North America,Duke,42,131,60,211,1504.1572391209638,299,6895.0,236,82,287,5,627,26,250,43.5,299,5,545,60,218,33.5,251,3048.4511083420834,544,1408.7125774174713,243,8428.275464504828,278
893,Felix Tintelnot,i_trade,North America,Duke,9,1992,9,1961,268.4641503068892,1505,619.0,1659,11,2737,6,525,7,1234,8.5,2203,6,456,9,2003,7.5,1649,2911.3481697926327,555,51.83666654546336,2970,327.8566658182435,1653
894,Nelson B. Valente De Sa,multiple-field,North America,Duke,2,3967,0,4385,6.324555320336759,4256,12.0,4154,6,3475,0,3283,0,3965,3.0,3545,0,3203,0,4408,0.0,4504,3.1622776601683795,4269,6.324555320336759,4207,7.324555320336759,4227
895,Pengpeng Xiao,labor,North America,Duke,1,4388,1,3809,20.0,3796,20.0,3989,1,4577,0,3283,0,3965,0.5,4588,0,3203,1,3860,0.5,4086,10.0,3830,20.0,3699,21.0,3778
896,Daniel Yi Xu,multiple-field,North America,Duke,12,1477,15,1353,811.0468543801893,605,2169.0,728,21,1766,12,216,15,589,16.5,1262,10,231,17,1241,15.5,820,15485.121696705854,232,283.99264695943526,1250,3548.9044104726586,489
897,Huseyin Yildirim,micro_theory,North America,Duke,16,1038,20,1048,170.69270634681496,1979,662.0,1606,32,1187,3,924,26,250,17.5,1186,3,816,20,1065,16.0,788,317.8808121511645,1321,166.40440630533806,1807,657.6176252213522,1170
898,Christopher D. Walker,econometrics,North America,Duke,1,4388,0,4385,3.0,4440,3.0,4453,1,4577,0,3283,1,2917,0.5,4588,0,3203,0,4408,0.5,4086,1.5,4444,3.0,4407,4.0,4412
899,John Addison,labor,Europe,Durham,27,420,71,148,366.23762777737625,1203,2632.0,617,142,85,1,1576,4,1786,71.5,97,0,3203,72,147,37.5,199,183.11881388868807,1652,367.23762777737625,997,734.4752555547525,1110
900,Ashar Aftab,p_finance,Europe,Durham,6,2677,4,2824,103.42146779078315,2473,174.0,2732,8,3159,0,3283,0,3965,4.0,3242,0,3203,4,2882,2.0,3174,51.710733895391584,2676,103.42146779078315,2301,104.42146779078315,2600
901,Majid Al Sadoon,econometrics,Europe,Durham,5,2944,1,3809,18.2208671582886,3849,42.0,3670,7,3309,0,3283,2,2431,3.5,3382,0,3203,1,3860,1.0,3730,9.1104335791443,3879,18.2208671582886,3755,19.2208671582886,3830
902,Nejat Anbarci,multiple-field,Europe,Durham,16,1038,29,665,340.95014298281205,1281,1157.0,1152,67,442,1,1576,15,589,34.0,490,1,1424,29,684,18.0,684,208.35613363560236,1557,339.71226727120467,1077,679.4245345424093,1158
903,Eren Arbatli,political_econ,Europe,Durham,4,3256,3,3094,90.160967164289,2600,143.0,2870,10,2874,1,1576,5,1568,5.5,2853,1,1424,3,3149,3.5,2589,100.03329637837292,2130,31.066592756745816,3396,62.13318551349163,3045
904,Mauro Bambi,macro,Europe,Durham,6,2677,3,3094,51.59457335805772,3109,120.0,3002,13,2492,0,3283,1,2917,6.5,2616,0,3203,3,3149,1.5,3437,25.79728667902886,3234,51.59457335805772,2972,52.59457335805772,3161
905,Parantap Basu,macro,Europe,Durham,10,1802,10,1828,312.6739515853535,1351,863.0,1391,61,505,0,3283,1,2917,30.5,577,0,3203,10,1859,5.0,2147,156.33697579267675,1780,312.6739515853535,1159,313.6739515853535,1686
906,Cem Cakmakli,multiple-field,Europe,Durham,4,3256,4,2824,44.04543109109048,3248,102.0,3106,15,2273,0,3283,2,2431,7.5,2418,0,3203,4,2882,3.0,2752,22.02271554554524,3351,44.04543109109048,3119,45.04543109109048,3285
907,Alejandro Caparros,multiple-field,Europe,Durham,20,726,35,527,259.7056025579733,1544,1223.0,1104,57,557,0,3283,2,2431,28.5,630,0,3203,35,538,18.0,684,129.85280127898668,1933,259.7056025579733,1354,260.7056025579733,1842
908,Xiaoshan Chen,macro,Europe,Durham,6,2677,5,2603,38.78143885933064,3354,96.0,3153,10,2874,0,3283,3,2072,5.0,2983,0,3203,5,2654,3.0,2752,19.39071942966532,3445,38.78143885933064,3241,39.78143885933064,3381
909,Aleksei Chernulich,behavior-experiment,Europe,Durham,2,3967,1,3809,15.362291495737216,3951,22.0,3954,4,3855,0,3283,0,3965,2.0,3907,0,3203,1,3860,0.5,4086,7.681145747868608,3976,15.362291495737216,3867,16.362291495737217,3922
910,David Chivers,macro,Europe,Durham,3,3600,1,3809,20.14944167960989,3790,28.0,3857,4,3855,0,3283,0,3965,2.0,3907,0,3203,1,3860,0.5,4086,10.074720839804945,3823,20.14944167960989,3692,21.14944167960989,3771
911,Tatiana Damjanovic,macro,Europe,Durham,5,2944,3,3094,33.075670817082454,3466,94.0,3169,17,2079,0,3283,5,1568,8.5,2203,0,3203,3,3149,3.0,2752,16.537835408541227,3546,33.075670817082454,3360,34.075670817082454,3482
912,Sara Eugeni,i_finance,Europe,Durham,1,4388,1,3809,24.04163056034261,3675,26.0,3893,4,3855,0,3283,0,3965,2.0,3907,0,3203,1,3860,0.5,4086,12.020815280171307,3718,24.04163056034261,3570,25.04163056034261,3661
913,Spyros Galanis,micro_theory,Europe,Durham,6,2677,6,2423,43.56604182158393,3262,118.0,3016,19,1915,1,1576,7,1234,10.0,1962,0,3203,7,2299,5.0,2147,23.760055146988943,3296,44.520110293977886,3108,89.04022058795577,2738
914,Demid Getik,labor,Europe,Durham,2,3967,0,4385,8.717797887081348,4140,14.0,4102,6,3475,0,3283,4,1786,3.0,3545,0,3203,0,4408,2.0,3174,4.358898943540674,4157,8.717797887081348,4084,9.717797887081348,4117
915,Richard Harris,multiple-field,Europe,Durham,30,323,76,123,424.3441999132308,1075,2918.0,563,137,92,0,3283,4,1786,68.5,112,0,3203,76,130,38.5,191,212.1720999566154,1537,424.3441999132308,874,425.3441999132308,1443
916,Matteo Iannizzotto,i_finance,Europe,Durham,3,3600,2,3404,28.178005607210743,3580,46.0,3618,3,4085,0,3283,1,2917,1.5,4125,0,3203,2,3459,1.0,3730,14.089002803605371,3639,28.178005607210743,3469,29.178005607210743,3578
917,Ibrahim Inal,other,Europe,Durham,1,4388,0,4385,1.0,4570,1.0,4570,1,4577,0,3283,0,3965,0.5,4588,0,3203,0,4408,0.0,4504,0.5,4572,1.0,4561,2.0,4561
918,Remzi Kaygusuz,p_finance,Europe,Durham,7,2425,6,2423,153.06534552275377,2075,333.0,2185,7,3309,3,924,4,1786,5.0,2983,2,1039,7,2299,5.0,2147,435.1398273024841,1162,108.0,2245,424.0,1447
919,Hugo Kruiniger,econometrics,Europe,Durham,4,3256,3,3094,52.3450093132096,3096,94.0,3169,8,3159,0,3283,3,2072,4.0,3242,0,3203,3,3149,2.0,3174,26.1725046566048,3224,52.3450093132096,2957,53.3450093132096,3149
920,Morten Lau,behavior-experiment,Europe,Durham,20,726,27,733,1079.854619844727,457,3054.0,548,33,1137,3,924,10,906,18.0,1148,2,1039,28,718,16.0,788,3002.0690779329543,549,545.3163283545867,689,2173.265313418347,634
921,Ehud Lehrer,micro_theory,Europe,Durham,25,490,47,332,320.5386092189208,1329,1805.0,824,101,188,1,1576,32,165,51.0,216,1,1424,47,340,31.5,281,211.0632784678339,1543,317.1265569356678,1147,634.2531138713356,1194
922,Zhiyun (Daniel) Li,micro_theory,Europe,Durham,3,3600,1,3809,18.841443681416774,3836,35.0,3754,11,2737,0,3283,2,2431,5.5,2853,0,3203,1,3860,1.5,3437,9.420721840708389,3866,18.841443681416774,3739,19.841443681416774,3818
923,Diego Marino Fages,multiple-field,Europe,Durham,2,3967,1,3809,12.24744871391589,4021,18.0,4028,3,4085,0,3283,0,3965,1.5,4125,0,3203,1,3860,0.5,4086,6.123724356957945,4039,12.24744871391589,3945,13.24744871391589,3993
924,Laura Marsiliani,multiple-field,Europe,Durham,7,2425,5,2603,70.70360669725413,2831,151.0,2826,13,2492,0,3283,1,2917,6.5,2616,0,3203,5,2654,2.5,2945,35.351803348627065,2986,70.70360669725413,2686,71.70360669725413,2920
925,John Moffat,multiple-field,Europe,Durham,12,1477,15,1353,123.23148948219364,2294,436.0,1948,30,1275,0,3283,0,3965,15.0,1386,0,3203,15,1379,7.5,1649,61.61574474109682,2532,123.23148948219364,2113,124.23148948219364,2448
926,Michael Naef,behavior-experiment,Europe,Durham,10,1802,10,1828,382.39246854508,1165,790.0,1446,13,2492,1,1576,3,2072,7.0,2517,1,1424,10,1859,5.5,2026,338.9992732542786,1283,344.99854650855724,1055,689.9970930171145,1148
927,Anamaria Nicolae,macro,Europe,Durham,2,3967,2,3404,99.5238664843765,2510,111.0,3064,4,3855,0,3283,2,2431,2.0,3907,0,3203,2,3459,1.5,3437,49.76193324218825,2712,99.5238664843765,2346,100.5238664843765,2639
928,Michael Nower,multiple-field,Europe,Durham,0,4667,0,4385,0.0,4667,0.0,4667,3,4085,0,3283,1,2917,1.5,4125,0,3203,0,4408,0.5,4086,0.0,4667,0.0,4669,1.0,4669
929,Vsevolod Ostapenko,macro,Europe,Durham,2,3967,0,4385,4.58257569495584,4352,7.0,4303,3,4085,0,3283,0,3965,1.5,4125,0,3203,0,4408,0.0,4504,2.29128784747792,4357,4.58257569495584,4313,5.58257569495584,4325
930,Jinrui Pan,behavior-experiment,Europe,Durham,2,3967,1,3809,22.38302928559939,3727,29.0,3841,4,3855,0,3283,1,2917,2.0,3907,0,3203,1,3860,0.5,4086,11.191514642799696,3766,22.38302928559939,3625,23.38302928559939,3710
931,Habib Rahman,multiple-field,Europe,Durham,7,2425,6,2423,38.60051813123757,3355,120.0,3002,15,2273,0,3283,2,2431,7.5,2418,0,3203,6,2464,3.5,2589,19.300259065618786,3446,38.60051813123757,3243,39.60051813123757,3382
932,Leslie Reinhorn,p_finance,Europe,Durham,4,3256,1,3809,16.1245154965971,3916,36.0,3736,9,3018,0,3283,0,3965,4.5,3116,0,3203,1,3860,0.5,4086,8.06225774829855,3942,16.1245154965971,3831,17.1245154965971,3891
933,Thomas Renstrom,multiple-field,Europe,Durham,7,2425,5,2603,72.31873892705818,2808,188.0,2663,22,1700,0,3283,3,2072,11.0,1825,0,3203,5,2654,3.5,2589,36.15936946352909,2968,72.31873892705818,2665,73.31873892705818,2897
934,Bibhas Saha,multiple-field,Europe,Durham,12,1477,15,1353,134.21624342828255,2202,508.0,1814,45,770,0,3283,5,1568,22.5,866,0,3203,15,1379,9.0,1418,67.10812171414128,2452,134.21624342828255,2021,135.21624342828255,2363
935,Lucia Sbragia,micro_theory,Europe,Durham,9,1992,9,1961,188.5656384392448,1868,445.0,1930,16,2168,0,3283,0,3965,8.0,2304,0,3203,9,2003,4.5,2297,94.2828192196224,2181,188.5656384392448,1670,189.5656384392448,2094
936,Riccardo Scarpa,multiple-field,Europe,Durham,51,71,105,60,1707.2161550313422,258,9943.0,151,151,78,0,3283,1,2917,75.5,88,0,3203,105,62,53.0,94,853.6080775156711,902,1707.2161550313422,178,1708.2161550313422,727
937,Nourin Shabnam,multiple-field,Europe,Durham,2,3967,1,3809,62.29767250869008,2961,69.0,3358,3,4085,0,3283,0,3965,1.5,4125,0,3203,1,3860,0.5,4086,31.14883625434504,3107,62.29767250869008,2822,63.29767250869008,3029
938,Jason Shachat,behavior-experiment,Europe,Durham,11,1625,12,1604,107.61040841851684,2431,400.0,2013,40,899,0,3283,7,1234,20.0,1011,0,3203,12,1632,8.0,1567,53.80520420925842,2643,107.61040841851684,2251,108.61040841851684,2563
939,Andis Sofianos,behavior-experiment,Europe,Durham,3,3600,3,3094,70.97182539571601,2823,113.0,3048,9,3018,2,1169,3,2072,5.5,2853,2,1039,3,3149,3.0,2752,157.02682592029714,1774,19.08800749063506,3731,54.26402247190518,3139
940,Xing Wang,multiple-field,Europe,Durham,4,3256,3,3094,34.42382895611701,3437,75.0,3312,11,2737,0,3283,0,3965,5.5,2853,0,3203,3,3149,1.5,3437,17.211914478058507,3522,34.42382895611701,3329,35.42382895611701,3456
941,Ayse Yazici,micro_theory,Europe,Durham,1,4388,1,3809,13.038404810405298,4003,14.0,4102,3,4085,0,3283,0,3965,1.5,4125,0,3203,1,3860,0.5,4086,6.519202405202649,4023,13.038404810405298,3927,14.038404810405298,3974
942,Bumin Yenmez,micro_theory,Europe,Durham,13,1348,16,1280,278.4295242965444,1463,807.0,1430,29,1320,5,627,14,640,17.0,1221,4,656,17,1241,12.5,1053,1000.3515261467826,853,258.65527788713564,1360,1527.9316673228138,763
943,Anil Yildizparlak,micro_theory,Europe,Durham,4,3256,1,3809,18.083141320025124,3852,37.0,3719,5,3656,0,3283,0,3965,2.5,3719,0,3203,1,3860,0.5,4086,9.041570660012562,3881,18.083141320025124,3758,19.083141320025124,3832
944,Miguel Costa-Gomes,behavior-experiment,Europe,Edinburgh,9,1992,9,1961,710.0507024149755,678,1536.0,937,15,2273,4,749,8,1097,9.5,2035,3,816,10,1859,7.0,1731,3408.573656589876,520,313.2555577511906,1157,1551.2777887559532,757
945,Jacob Adenbaum,i_organization,Europe,Edinburgh,1,4388,0,4385,5.0,4330,5.0,4375,1,4577,0,3283,0,3965,0.5,4588,0,3203,0,4408,0.0,4504,2.5,4337,5.0,4288,6.0,4300
946,Ahmed Anwar,micro_theory,Europe,Edinburgh,2,3967,1,3809,24.413111231467404,3666,30.0,3824,3,4085,0,3283,1,2917,1.5,4125,0,3203,1,3860,0.5,4086,12.206555615733702,3709,24.413111231467404,3557,25.413111231467404,3651
947,Jesper Bagger,labor,Europe,Edinburgh,5,2944,4,2824,132.6386067478093,2217,213.0,2561,6,3475,2,1169,3,2072,4.0,3242,2,1039,4,2882,3.0,2752,349.271339196461,1263,22.4939015319192,3621,64.48170459575759,3006
948,Diego Battiston,labor,Europe,Edinburgh,4,3256,4,2824,122.02868515230344,2303,207.0,2583,5,3656,1,1576,1,2917,3.0,3545,1,1424,4,2882,2.5,2945,110.21023888528808,2049,109.42047777057616,2233,218.84095554115237,1967
949,Sean Brocklebank,behavior-experiment,Europe,Edinburgh,2,3967,1,3809,43.41658669218482,3266,49.0,3575,2,4322,0,3283,0,3965,1.0,4350,0,3203,1,3860,0.5,4086,21.70829334609241,3367,43.41658669218482,3142,44.41658669218482,3301
950,Luis E. Candelaria,econometrics,Europe,Edinburgh,1,4388,0,4385,1.0,4570,1.0,4570,1,4577,0,3283,1,2917,0.5,4588,0,3203,0,4408,0.5,4086,0.5,4572,1.0,4561,2.0,4561
951,Simon Clark,multiple-field,Europe,Edinburgh,4,3256,2,3404,111.1080555135405,2392,163.0,2783,11,2737,1,1576,3,2072,6.0,2731,0,3203,3,3149,2.5,2945,59.51801509420163,2561,112.03603018840326,2205,224.0720603768065,1950
952,Andrew Clausen,macro,Europe,Edinburgh,1,4388,1,3809,11.0,4067,11.0,4176,2,4322,0,3283,2,2431,1.0,4350,0,3203,1,3860,1.0,3730,5.5,4085,11.0,4001,12.0,4041
953,Natalia D'Agosti,i_organization,Europe,Edinburgh,0,4667,0,4385,0.0,4667,0.0,4667,1,4577,0,3283,0,3965,0.5,4588,0,3203,0,4408,0.0,4504,0.0,4667,0.0,4669,1.0,4669
954,Steven Dieterle,labor,Europe,Edinburgh,5,2944,5,2603,64.93843238021688,2908,139.0,2905,6,3475,0,3283,1,2917,3.0,3545,0,3203,5,2654,2.5,2945,32.46921619010844,3065,64.93843238021688,2770,65.93843238021688,2988
955,Mike Elsby,p_finance,Europe,Edinburgh,1,4388,0,4385,7.0,4221,7.0,4303,1,4577,0,3283,0,3965,0.5,4588,0,3203,0,4408,0.0,4504,3.5,4237,7.0,4171,8.0,4195
956,Soledad Giardili,development,Europe,Edinburgh,4,3256,3,3094,149.9766648515695,2095,193.0,2644,5,3656,0,3283,0,3965,2.5,3719,0,3203,3,3149,1.5,3437,74.98833242578475,2372,149.9766648515695,1916,150.9766648515695,2278
957,Paweł Gola,micro_theory,Europe,Edinburgh,2,3967,0,4385,8.246211251235321,4163,10.0,4201,3,4085,1,1576,3,2072,2.0,3907,0,3203,1,3860,2.0,3174,9.000000000000002,3884,3.0,4407,6.0,4300
958,Axel Gottfries,labor,Europe,Edinburgh,3,3600,1,3809,15.066519173319364,3956,23.0,3937,4,3855,2,1169,2,2431,3.0,3545,1,1424,2,3459,2.0,3174,16.807886552931954,3539,9.615773105863909,4051,25.84731931759173,3644
959,Jan Grobovšek,development,Europe,Edinburgh,4,3256,2,3404,108.66922287382016,2419,171.0,2749,5,3656,1,1576,3,2072,3.0,3545,0,3203,3,3149,2.0,3174,61.22176684690383,2536,109.44353369380768,2232,218.88706738761533,1966
960,Maia Guell,labor,Europe,Edinburgh,9,1992,9,1961,262.2403477728017,1531,668.0,1596,13,2492,2,1169,7,1234,7.5,2418,2,1039,9,2003,5.5,2026,380.8668961932061,1220,245.74166652421167,1407,734.2249995726349,1111
961,Colm Harmon,labor,Europe,Edinburgh,18,872,21,998,653.2319649251712,738,1964.0,772,28,1363,0,3283,5,1568,14.0,1485,0,3203,21,1017,10.5,1239,326.6159824625856,1300,653.2319649251712,570,654.2319649251712,1173
962,Florence Ut Meng Ho,i_trade,Europe,Edinburgh,1,4388,0,4385,2.0,4497,2.0,4502,2,4322,0,3283,0,3965,1.0,4350,0,3203,0,4408,0.0,4504,1.0,4501,2.0,4473,3.0,4474
963,Richard Holt,macro,Europe,Edinburgh,2,3967,1,3809,22.293496809607955,3730,27.0,3874,4,3855,0,3283,0,3965,2.0,3907,0,3203,1,3860,0.5,4086,11.146748404803978,3769,22.293496809607955,3630,23.293496809607955,3713
964,Nida Jamil,i_trade,Europe,Edinburgh,1,4388,0,4385,5.0990195135927845,4310,6.0,4335,4,3855,0,3283,1,2917,2.0,3907,0,3203,0,4408,0.5,4086,2.549509756796392,4319,5.0990195135927845,4266,6.0990195135927845,4276
965,Georgios Manalis,political_econ,Europe,Edinburgh,1,4388,0,4385,4.0,4388,4.0,4413,2,4322,0,3283,1,2917,1.0,4350,0,3203,0,4408,0.5,4086,2.0,4394,4.0,4349,5.0,4360
966,Stephan Maurer,history,Europe,Edinburgh,4,3256,2,3404,25.019992006393608,3649,50.0,3563,7,3309,0,3283,1,2917,3.5,3382,0,3203,2,3459,1.0,3730,12.509996003196804,3698,25.019992006393608,3542,26.019992006393608,3640
967,Esther Mbih,labor,Europe,Edinburgh,1,4388,0,4385,1.0,4570,1.0,4570,1,4577,0,3283,0,3965,0.5,4588,0,3203,0,4408,0.0,4504,0.5,4572,1.0,4561,2.0,4561
968,Dimitri Migrow,micro_theory,Europe,Edinburgh,3,3600,0,4385,7.071067811865476,4214,12.0,4154,4,3855,0,3283,2,2431,2.0,3907,0,3203,0,4408,1.0,3730,3.5355339059327378,4230,7.071067811865476,4163,8.071067811865476,4187
969,John Moore,micro_theory,Europe,Edinburgh,32,272,34,548,4753.557299538947,54,12863.0,103,44,790,24,56,36,128,34.0,490,22,51,36,514,31.0,292,177374.08456299055,28,348.5951324342372,1042,8139.87831085593,284
970,Andrei Potlogea,labor,Europe,Edinburgh,2,3967,2,3404,18.43908891458577,3846,26.0,3893,2,4322,0,3283,0,3965,1.0,4350,0,3203,2,3459,1.0,3730,9.219544457292889,3875,18.43908891458577,3750,19.43908891458577,3827
971,Long Qian,labor,Europe,Edinburgh,0,4667,0,4385,0.0,4667,0.0,4667,1,4577,0,3283,0,3965,0.5,4588,0,3203,0,4408,0.0,4504,0.0,4667,0.0,4669,1.0,4669
972,Colin Roberts,econometrics,Europe,Edinburgh,2,3967,1,3809,26.343879744638983,3620,36.0,3736,9,3018,0,3283,0,3965,4.5,3116,0,3203,1,3860,0.5,4086,13.171939872319491,3675,26.343879744638983,3513,27.343879744638983,3613
973,Albert Rodriguez-Sala,history,Europe,Edinburgh,4,3256,0,4385,13.45362404707371,3998,41.0,3682,19,1915,0,3283,0,3965,9.5,2035,0,3203,0,4408,0.0,4504,6.726812023536855,4018,13.45362404707371,3919,14.45362404707371,3968
974,Aidan Smith,micro_theory,Europe,Edinburgh,0,4667,0,4385,0.0,4667,0.0,4667,1,4577,0,3283,0,3965,0.5,4588,0,3203,0,4408,0.0,4504,0.0,4667,0.0,4669,1.0,4669
975,Andrew Snell,multiple-field,Europe,Edinburgh,11,1625,11,1709,1135.9806336377394,421,1568.0,913,24,1571,0,3283,11,832,12.0,1681,0,3203,11,1737,8.0,1567,567.9903168188697,1038,1135.9806336377394,320,1136.9806336377394,888
976,Andreas Steinhauer,labor,Europe,Edinburgh,4,3256,4,2824,147.34653032901724,2108,285.0,2309,5,3656,1,1576,3,2072,3.0,3545,1,1424,4,2882,2.5,2945,150.14455354624795,1809,115.28910709249593,2175,230.57821418499185,1930
977,Tiancheng Sun,macro,Europe,Edinburgh,1,4388,0,4385,2.0,4497,2.0,4502,1,4577,1,1576,1,2917,1.0,4350,0,3203,1,3860,1.0,3730,2.0000000000000004,4381,1.0,4561,2.0,4561
978,Hedieh Tajali,labor,Europe,Edinburgh,1,4388,0,4385,3.0,4440,3.0,4453,2,4322,0,3283,0,3965,1.0,4350,0,3203,0,4408,0.0,4504,1.5,4444,3.0,4407,4.0,4412
979,Ina Taneva,micro_theory,Europe,Edinburgh,2,3967,2,3404,80.83316151184488,2696,116.0,3028,3,4085,1,1576,2,2431,2.0,3907,1,1424,2,3459,2.0,3174,83.51638903933426,2292,62.032778078668514,2827,124.06555615733704,2450
980,Jonathan Thomas,micro_theory,Europe,Edinburgh,18,872,23,906,494.6534140183407,939,1552.0,920,45,770,7,445,20,383,26.0,718,6,456,24,876,18.5,651,4288.504686711792,463,239.87765028014172,1435,1871.021202241134,690
981,Tim Worrall,micro_theory,Europe,Edinburgh,10,1802,10,1828,476.5385608741437,960,1079.0,1218,18,1994,4,749,8,1097,11.0,1825,3,816,11,1737,8.0,1567,2243.803932643747,605,203.27117202445515,1596,1001.3558601222758,943
982,Akif Yardimci,political_econ,Europe,Edinburgh,1,4388,0,4385,3.0,4440,3.0,4453,1,4577,0,3283,0,3965,0.5,4588,0,3203,0,4408,0.0,4504,1.5,4444,3.0,4407,4.0,4412
983,Yuejun Zhao,labor,Europe,Edinburgh,2,3967,1,3809,19.209372712298546,3824,23.0,3937,5,3656,1,1576,1,2917,3.0,3545,0,3203,2,3459,1.5,3437,11.5524865872714,3742,20.1049731745428,3693,40.2099463490856,3372
984,Gabriel Ziegler,micro_theory,Europe,Edinburgh,2,3967,0,4385,6.48074069840786,4237,10.0,4201,3,4085,0,3283,3,2072,1.5,4125,0,3203,0,4408,1.5,3437,3.24037034920393,4252,6.48074069840786,4190,7.48074069840786,4210
985,Juan Zurita,macro,Europe,Edinburgh,1,4388,0,4385,2.0,4497,2.0,4502,1,4577,0,3283,0,3965,0.5,4588,0,3203,0,4408,0.0,4504,1.0,4501,2.0,4473,3.0,4474
986,Michaël Aklin,multiple-field,Europe,EPFL,21,669,30,633,583.8390189084658,816,2124.0,736,42,840,0,3283,0,3965,21.0,953,0,3203,30,649,15.0,864,291.9195094542329,1373,583.8390189084658,649,584.8390189084658,1247
987,Andrés Cristi,micro_theory,Europe,EPFL,7,2425,7,2254,61.02458520956943,2978,190.0,2654,25,1518,0,3283,0,3965,12.5,1623,0,3203,7,2299,3.5,2589,30.512292604784715,3121,61.02458520956943,2845,62.02458520956943,3046
988,Pierre Collin-Dufresne,finance,Europe,EPFL,24,528,29,665,1252.4464060389969,373,3534.0,487,34,1095,4,749,22,327,19.0,1075,4,656,29,684,18.0,684,1807.3327007897735,671,1245.2542044238965,287,6211.271022119482,341
989,Andrea Dunbar,other,Europe,EPFL,18,872,29,665,266.23485872439767,1518,1129.0,1174,67,442,0,3283,0,3965,33.5,504,0,3203,29,684,14.5,901,133.11742936219883,1914,266.23485872439767,1328,267.23485872439767,1824
990,Rüdiger Fahlenbrach,finance,Europe,EPFL,20,726,20,1048,977.175009913782,513,3263.0,518,24,1571,0,3283,7,1234,12.0,1681,0,3203,20,1065,10.0,1294,488.587504956891,1108,977.175009913782,380,978.175009913782,950
991,Damir Filipovic,finance,Europe,EPFL,28,386,49,305,710.4695630356025,676,2615.0,622,78,323,0,3283,5,1568,39.0,379,0,3203,49,313,24.5,444,355.23478151780125,1254,710.4695630356025,525,711.4695630356025,1129
992,Dominique Foray,multiple-field,Europe,EPFL,26,451,37,484,1110.7587496841968,439,3599.0,475,66,453,0,3283,0,3965,33.0,516,0,3203,37,494,18.5,651,555.3793748420984,1045,1110.7587496841968,328,1111.7587496841968,900
993,Andreas Fuster,finance,Europe,EPFL,19,797,22,952,765.4462750578906,638,2146.0,732,31,1232,6,525,12,763,18.5,1111,6,456,22,972,15.5,820,3071.497209830099,542,726.4470834141811,515,5050.129583899267,394
994,Marc Gruber,other,Europe,EPFL,33,250,47,332,1493.164090112001,307,6883.0,238,72,385,0,3283,0,3965,36.0,438,0,3203,47,340,23.5,479,746.5820450560005,944,1493.164090112001,222,1494.164090112001,773
995,Julien Hugonnier,finance,Europe,EPFL,13,1348,18,1155,205.97087172704784,1772,740.0,1505,26,1461,4,749,10,906,15.0,1386,4,656,18,1177,11.5,1143,871.9658637058642,894,175.30382365843442,1750,861.5191182921722,1021
996,Luisa Lambertini,macro,Europe,EPFL,9,1992,9,1961,300.28819490616013,1389,763.0,1478,21,1766,3,924,5,1568,12.0,1681,2,1039,10,1859,7.0,1731,442.3123787054739,1153,248.7702178865454,1396,987.0808715461816,947
997,Semyon Malamud,finance,Europe,EPFL,15,1141,17,1215,196.05356410940357,1822,743.0,1498,31,1232,3,924,14,640,17.0,1221,3,816,17,1241,11.5,1143,671.9393097246142,986,151.3610461003831,1903,597.4441844015324,1230
998,Erwan Morellec,finance,Europe,EPFL,23,568,28,696,625.8522189782504,770,2525.0,645,32,1187,0,3283,15,589,16.0,1305,0,3203,28,718,14.5,901,312.9261094891252,1329,625.8522189782504,604,626.8522189782504,1202
999,Gaétan De Rassenfosse,i_organization,Europe,EPFL,22,617,34,548,421.6669301711957,1081,1763.0,834,52,637,0,3283,4,1786,26.0,718,0,3203,34,558,17.5,716,210.83346508559785,1545,421.6669301711957,878,422.6669301711957,1452
1000,Ralf Seifert,other,Europe,EPFL,27,420,42,412,607.8322136905874,785,2720.0,591,56,569,0,3283,0,3965,28.0,646,0,3203,42,422,21.0,550,303.9161068452937,1346,607.8322136905874,620,608.8322136905874,1221
1001,Thomas Weber,multiple-field,Europe,EPFL,15,1141,22,952,304.0230254437976,1376,1092.0,1204,95,222,0,3283,0,3965,47.5,249,0,3203,22,972,11.0,1189,152.0115127218988,1795,304.0230254437976,1178,305.0230254437976,1710
1002,Philippe Wieser,other,Europe,EPFL,6,2677,4,2824,63.66317616958802,2931,137.0,2918,13,2492,0,3283,0,3965,6.5,2616,0,3203,4,2882,2.0,3174,31.83158808479401,3081,63.66317616958802,2793,64.66317616958801,3003
1003,Federica Zeni,finance,Europe,EPFL,3,3600,2,3404,23.021728866442675,3700,36.0,3736,3,4085,0,3283,0,3965,1.5,4125,0,3203,2,3459,1.0,3730,11.510864433221338,3743,23.021728866442675,3598,24.021728866442675,3684
1004,Antoine Bommier,micro_theory,Europe,ETH Zurich,18,872,22,952,174.74552927042225,1951,752.0,1490,31,1232,2,1169,12,763,16.5,1262,2,1039,22,972,13.0,1007,167.3519310508525,1727,173.5546560137614,1765,517.6639680412842,1310
1005,Bart Clarysse,multiple-field,Europe,ETH Zurich,39,164,65,185,1744.522857402562,255,9232.0,166,96,216,0,3283,0,3965,48.0,244,0,3203,65,188,32.5,264,872.261428701281,893,1744.522857402562,173,1745.522857402562,721
1006,Barton Lee,micro_theory,Europe,ETH Zurich,6,2677,6,2423,83.86298349093002,2668,199.0,2619,15,2273,1,1576,5,1568,8.0,2304,1,1424,6,2464,5.0,2147,56.255302689472536,2602,83.51060537894507,2516,167.02121075789017,2200
1007,Elgar Fleisch,other,Europe,ETH Zurich,47,95,133,35,1249.0540420654345,375,8300.0,185,226,28,0,3283,0,3965,113.0,34,0,3203,133,36,66.5,53,624.5270210327172,1011,1249.0540420654345,285,1250.0540420654345,850
1008,Florian Von Wangenheim,other,Europe,ETH Zurich,34,230,57,232,871.6518800530405,577,4487.0,389,79,311,0,3283,0,3965,39.5,366,0,3203,57,234,28.5,340,435.8259400265202,1161,871.6518800530405,427,872.6518800530405,1012
1009,Georg Von Krogh,other,Europe,ETH Zurich,53,62,102,66,3132.4389858383515,123,16404.0,71,142,85,0,3283,0,3965,71.0,99,0,3203,102,68,51.0,104,1566.2194929191758,706,3132.4389858383515,79,3133.4389858383515,528
1010,Gudela Grote,other,Europe,ETH Zurich,39,164,89,92,829.0832286326868,597,5189.0,334,164,64,0,3283,0,3965,82.0,72,0,3203,89,96,44.5,143,414.5416143163434,1182,829.0832286326868,448,830.0832286326868,1044
1011,Hans Gersbach,multiple-field,Europe,ETH Zurich,18,872,44,375,185.20529150108,1887,1437.0,985,176,55,1,1576,41,91,88.5,63,1,1424,44,387,35.5,221,116.7551088495894,2014,184.5102176991788,1694,369.0204353983576,1545
1012,Jan-Egbert Sturm,multiple-field,Europe,ETH Zurich,37,189,57,232,1705.6380037979925,259,6447.0,257,138,90,1,1576,15,589,69.5,105,1,1424,57,234,31.0,292,935.78415693179,869,1704.5683138635798,181,3409.1366277271595,503
1013,Lint Barrage,multiple-field,Europe,ETH Zurich,8,2197,8,2100,165.83123951777,2000,388.0,2051,11,2737,0,3283,1,2917,5.5,2853,0,3203,8,2146,4.0,2445,82.915619758885,2295,165.83123951777,1811,166.83123951777,2201
1014,Marko Köthenbürger,p_finance,Europe,ETH Zurich,15,1141,20,1048,175.90338257122858,1942,630.0,1649,25,1518,0,3283,9,991,12.5,1623,0,3203,20,1065,11.0,1189,87.95169128561429,2242,175.90338257122858,1743,176.90338257122858,2151
1015,Massimo Filippini,multiple-field,Europe,ETH Zurich,43,122,104,62,848.0972821557677,589,5971.0,277,127,109,0,3283,3,2072,63.5,134,0,3203,104,64,52.5,96,424.0486410778839,1172,848.0972821557677,437,849.0972821557677,1030
1016,Peter Egger,i_trade,Europe,ETH Zurich,51,71,143,29,1178.706494425139,405,9307.0,163,268,20,1,1576,28,209,134.5,22,1,1424,143,29,75.5,35,644.6877355610528,1000,1178.3754711221056,309,2356.7509422442117,609
1017,Stefano Brusoni,multiple-field,Europe,ETH Zurich,29,352,41,427,1226.554116213386,388,4015.0,434,61,505,0,3283,0,3965,30.5,577,0,3203,41,434,20.5,567,613.277058106693,1015,1226.554116213386,292,1227.554116213386,858
1018,Stephan Wagner,other,Europe,ETH Zurich,59,41,127,44,1911.3908548488976,223,13271.0,100,170,61,0,3283,0,3965,85.0,67,0,3203,127,46,63.5,61,955.6954274244488,864,1911.3908548488976,151,1912.3908548488976,680
1019,Torbjørn Netland,other,Europe,ETH Zurich,27,420,47,332,577.4642846098795,820,2801.0,580,99,200,0,3283,0,3965,49.5,228,0,3203,47,340,23.5,479,288.73214230493977,1379,577.4642846098795,652,578.4642846098795,1251
1020,Ursula Renold,labor,Europe,ETH Zurich,8,2197,8,2100,88.53247991556545,2616,244.0,2455,21,1766,0,3283,1,2917,10.5,1890,0,3203,8,2146,4.0,2445,44.26623995778272,2807,88.53247991556545,2463,89.53247991556545,2734
1021,Volker Hoffmann,multiple-field,Europe,ETH Zurich,39,164,61,204,1352.8373886021927,341,6929.0,235,72,385,0,3283,0,3965,36.0,438,0,3203,61,209,30.5,304,676.4186943010964,983,1352.8373886021927,262,1353.8373886021927,810
1022,Moritz Drupp,p_finance,Europe,ETH Zurich,15,1141,21,998,343.7368179290662,1269,1089.0,1207,33,1137,0,3283,1,2917,16.5,1262,0,3203,21,1017,10.5,1239,171.8684089645331,1699,343.7368179290662,1059,344.7368179290662,1607
1023,Robert Finger,multiple-field,Europe,ETH Zurich,52,66,170,18,1266.0280407637108,368,9631.0,156,248,22,0,3283,0,3965,124.0,26,0,3203,170,18,85.0,24,633.0140203818554,1006,1266.0280407637108,280,1267.0280407637108,847
1024,Daniella Laureiro Martinez,other,Europe,ETH Zurich,13,1348,16,1280,385.2038421407554,1160,1002.0,1271,21,1766,0,3283,0,3965,10.5,1890,0,3203,16,1309,8.0,1567,192.6019210703777,1617,385.2038421407554,952,386.2038421407554,1517
1025,Michael Siegenthaler,labor,Europe,ETH Zurich,10,1802,10,1828,130.26127590347025,2235,378.0,2069,13,2492,2,1169,6,1392,7.5,2418,2,1039,10,1859,6.0,1923,247.2703037367938,1448,104.0196059588548,2286,309.0588178765644,1695
1026,Martin Wörter,i_organization,Europe,ETH Zurich,26,451,39,455,651.9125708252603,741,2606.0,625,55,582,0,3283,0,3965,27.5,661,0,3203,39,464,19.5,610,325.95628541263017,1303,651.9125708252603,575,652.9125708252603,1179
1027,Andreas Asseyer,micro_theory,Europe,FU Berlin,2,3967,0,4385,3.605551275463989,4413,5.0,4375,4,3855,1,1576,2,2431,2.5,3719,0,3203,1,3860,1.5,3437,1.8027756377319943,4417,4.60555127546399,4311,9.21110255092798,4140
1028,Giacomo Corneo,multiple-field,Europe,FU Berlin,23,568,31,605,584.9495704759514,815,2090.0,742,60,517,1,1576,19,415,30.5,577,1,1424,31,620,17.5,716,391.81504477702345,1210,576.6300895540469,653,1153.2601791080938,886
1029,Natalia Danzer,labor,Europe,FU Berlin,4,3256,3,3094,76.79843748410511,2747,130.0,2954,8,3159,0,3283,3,2072,4.0,3242,0,3203,3,3149,2.0,3174,38.39921874205256,2909,76.79843748410511,2602,77.79843748410511,2844
1030,Britta Gehrke,labor,Europe,FU Berlin,5,2944,4,2824,75.35914012248281,2771,135.0,2930,13,2492,0,3283,3,2072,6.5,2616,0,3203,4,2882,2.5,2945,37.67957006124141,2934,75.35914012248281,2628,76.35914012248281,2867
1031,Jan Marcus,labor,Europe,FU Berlin,13,1348,14,1430,275.0272713750402,1483,736.0,1513,23,1634,0,3283,5,1568,11.5,1753,0,3203,14,1453,8.0,1567,137.5136356875201,1887,275.0272713750402,1294,276.0272713750402,1802
1032,Peter Mohr,behavior-experiment,Europe,FU Berlin,15,1141,18,1155,441.2788234212016,1037,1205.0,1117,28,1363,0,3283,0,3965,14.0,1485,0,3203,18,1177,9.0,1418,220.6394117106008,1513,441.2788234212016,843,442.2788234212016,1411
1033,Dieter Nautz,macro,Europe,FU Berlin,17,948,31,605,559.0670800539056,838,1288.0,1063,47,731,0,3283,6,1392,23.5,827,0,3203,31,620,16.0,788,279.5335400269528,1394,559.0670800539056,670,560.0670800539056,1266
1034,Ronnie Schöb,multiple-field,Europe,FU Berlin,15,1141,18,1155,252.0654676864723,1574,845.0,1405,63,491,0,3283,3,2072,31.5,555,0,3203,18,1177,9.0,1418,126.03273384323614,1950,252.0654676864723,1387,253.0654676864723,1861
1035,Lars Winkelmann,econometrics,Europe,FU Berlin,5,2944,5,2603,53.27288240746881,3083,112.0,3057,8,3159,0,3283,3,2072,4.0,3242,0,3203,5,2654,3.0,2752,26.636441203734407,3214,53.27288240746881,2942,54.27288240746881,3138
1036,Barbara Fritz,i_finance,Europe,FU Berlin,9,1992,6,2423,156.46085772486356,2054,412.0,1991,37,989,0,3283,0,3965,18.5,1111,0,3203,6,2464,3.0,2752,78.23042886243178,2345,156.46085772486356,1873,157.46085772486356,2247
1037,Theocharis Grigoriadis,multiple-field,Europe,FU Berlin,6,2677,5,2603,64.64518543557594,2914,171.0,2749,27,1408,0,3283,1,2917,13.5,1526,0,3203,5,2654,3.0,2752,32.32259271778797,3070,64.64518543557594,2776,65.64518543557594,2993
1038,Manuel Santos Silva,multiple-field,Europe,FU Berlin,5,2944,4,2824,110.78808600206072,2397,202.0,2605,7,3309,0,3283,1,2917,3.5,3382,0,3203,4,2882,2.5,2945,55.394043001030354,2615,110.78808600206072,2214,111.78808600206072,2535
1039,Luca Stella,labor,Europe,FU Berlin,9,1992,9,1961,125.02399769644228,2274,331.0,2188,18,1994,0,3283,2,2431,9.0,2114,0,3203,9,2003,5.0,2147,62.51199884822113,2514,125.02399769644228,2098,126.02399769644228,2432
1040,Peter Haan,labor,Europe,FU Berlin,15,1141,18,1155,196.55279189062668,1821,771.0,1473,43,813,0,3283,6,1392,21.5,923,0,3203,18,1177,10.0,1294,98.27639594531334,2139,196.55279189062668,1628,197.55279189062668,2055
1041,Alexander Kriwoluzky,macro,Europe,FU Berlin,7,2425,6,2423,40.98780306383839,3314,114.0,3041,17,2079,0,3283,5,1568,8.5,2203,0,3203,6,2464,4.5,2297,20.4939015319192,3406,40.98780306383839,3198,41.98780306383839,3344
1042,Helmut Lütkepohl,econometrics,Europe,FU Berlin,38,176,87,100,3740.374713848868,93,9471.0,159,124,115,1,1576,27,228,62.5,140,1,1424,87,101,47.0,127,1954.7043883994068,648,3740.4087767988135,62,7480.817553597627,301
1043,Carsten Schröder,multiple-field,Europe,FU Berlin,21,669,39,455,756.46149935076,642,2302.0,690,99,200,0,3283,5,1568,49.5,228,0,3203,39,464,20.5,567,378.23074967538,1224,756.46149935076,494,757.46149935076,1092
1044,Helge Berger,multiple-field,Europe,FU Berlin,18,872,29,665,279.05196648653094,1460,1088.0,1211,47,731,0,3283,6,1392,23.5,827,0,3203,29,684,15.0,864,139.52598324326547,1876,279.05196648653094,1273,280.05196648653094,1790
1045,Christian Kastorp,macro,Europe,FU Berlin,2,3967,0,4385,10.908712114635714,4070,19.0,4007,5,3656,0,3283,0,3965,2.5,3719,0,3203,0,4408,0.0,4504,5.454356057317857,4088,10.908712114635714,4005,11.908712114635714,4045
1046,Kai A. Konrad,multiple-field,Europe,FU Berlin,40,151,154,23,960.158320278484,522,7370.0,218,326,8,4,749,64,23,165.0,10,4,656,154,23,87.0,23,4544.415763739762,455,652.4836158300377,572,3247.4180791501885,515
1047,Klaus F. Zimmermann,labor,Europe,FU Berlin,42,131,119,52,643.4034504103937,748,5264.0,326,199,41,1,1576,7,1234,100.0,46,1,1424,119,54,60.5,68,347.4389522133246,1266,643.8779044266493,584,1287.7558088532985,839
1048,Helmut Herwartz,multiple-field,Europe,FU Berlin,28,386,66,179,331.5584413040935,1304,2391.0,667,157,69,0,3283,15,589,78.5,80,0,3203,66,184,36.0,215,165.77922065204675,1735,331.5584413040935,1097,332.5584413040935,1636
1049,Frank Heinemann,multiple-field,Europe,FU Berlin,12,1477,13,1510,225.51496624392803,1686,633.0,1643,29,1320,2,1169,7,1234,15.5,1343,2,1039,13,1535,8.0,1567,572.5437490042502,1035,139.86587685138045,1986,416.59763055414135,1462
1050,Brenda López Cabrera,finance,Europe,FU Berlin,8,2197,7,2254,213.17129262637596,1736,446.0,1926,13,2492,0,3283,0,3965,6.5,2616,0,3203,7,2299,3.5,2589,106.58564631318797,2074,213.17129262637596,1537,214.17129262637596,1985
1051,Georg Weizsäcker,behavior-experiment,Europe,FU Berlin,13,1348,14,1430,300.81722025176686,1388,943.0,1322,23,1634,4,749,11,832,13.5,1526,4,656,14,1453,10.0,1294,2105.045500744251,624,147.70803735351757,1928,723.5401867675878,1121
1052,Viktor Steiner,multiple-field,Europe,FU Berlin,16,1038,26,777,137.35719857364597,2177,655.0,1615,43,813,0,3283,1,2917,21.5,923,0,3203,26,797,13.0,1007,68.67859928682297,2437,137.35719857364597,2004,138.35719857364597,2345
1053,Dengke Chen,development,Asia,Fudan,4,3256,3,3094,203.9852935875525,1782,328.0,2195,6,3475,0,3283,0,3965,3.0,3545,0,3203,3,3149,1.5,3437,101.99264679377626,2110,203.9852935875525,1585,204.9852935875525,2023
1054,Qiaoyi Chen,labor,Asia,Fudan,1,4388,1,3809,45.0111097397076,3224,46.0,3618,2,4322,1,1576,1,2917,1.5,4125,1,1424,1,3860,1.0,3730,45.50000000000001,2783,2.0,4473,4.0,4412
1055,Shiyi Chen,multiple-field,Asia,Fudan,25,490,38,469,602.7652942895767,791,2372.0,673,68,428,0,3283,2,2431,34.0,490,0,3203,38,480,20.0,589,301.38264714478834,1347,602.7652942895767,628,603.7652942895767,1222
1056,Chen Shuo,multiple-field,Asia,Fudan,11,1625,12,1604,150.5456741324705,2091,480.0,1869,29,1320,1,1576,7,1234,15.0,1386,1,1424,12,1632,8.0,1567,146.46599074696567,1830,125.93198149393132,2087,251.86396298786264,1867
1057,Zhao Chen,multiple-field,Asia,Fudan,16,1038,21,998,1045.2626464195494,476,2188.0,721,44,790,3,924,3,2072,23.5,827,3,816,21,1017,12.0,1098,1521.1561455173687,711,1012.3329480404371,364,4041.331792161749,454
1058,Dazhong Cheng,multiple-field,Asia,Fudan,6,2677,3,3094,25.11971337416094,3646,63.0,3415,11,2737,0,3283,0,3965,5.5,2853,0,3203,3,3149,1.5,3437,12.55985668708047,3696,25.11971337416094,3540,26.11971337416094,3637
1059,Ding Chun,other,Asia,Fudan,1,4388,0,4385,1.0,4570,1.0,4570,1,4577,0,3283,0,3965,0.5,4588,0,3203,0,4408,0.0,4504,0.5,4572,1.0,4561,2.0,4561
1060,Ding Hui,p_finance,Asia,Fudan,1,4388,0,4385,1.0,4570,1.0,4570,1,4577,0,3283,1,2917,0.5,4588,0,3203,0,4408,0.5,4086,0.5,4572,1.0,4561,2.0,4561
1061,Du Li,p_finance,Asia,Fudan,2,3967,0,4385,5.656854249492381,4287,8.0,4272,5,3656,0,3283,0,3965,2.5,3719,0,3203,0,4408,0.0,4504,2.8284271247461903,4297,5.656854249492381,4238,6.656854249492381,4254
1062,Zaichao Du,multiple-field,Asia,Fudan,8,2197,5,2603,228.4184756100084,1666,423.0,1974,22,1700,0,3283,2,2431,11.0,1825,0,3203,5,2654,3.0,2752,114.2092378050042,2027,228.4184756100084,1472,229.4184756100084,1934
1063,Baige Duan,other,Asia,Fudan,3,3600,1,3809,20.663978319771825,3779,31.0,3809,4,3855,0,3283,0,3965,2.0,3907,0,3203,1,3860,0.5,4086,10.331989159885913,3813,20.663978319771825,3681,21.663978319771825,3759
1064,Haichao Fan,multiple-field,Asia,Fudan,17,948,23,906,544.2067621777591,865,1771.0,830,53,615,0,3283,8,1097,26.5,696,0,3203,23,925,13.0,1007,272.1033810888796,1404,544.2067621777591,693,545.2067621777591,1288
1065,Xiaoyan Fan,i_trade,Asia,Fudan,1,4388,1,3809,32.0,3495,32.0,3798,1,4577,1,1576,1,2917,1.0,4350,1,1424,1,3860,1.0,3730,32.00000000000001,3077,1.0,4561,2.0,4561
1066,Jianyong Fan,multiple-field,Asia,Fudan,5,2944,4,2824,107.2846680565308,2436,210.0,2573,10,2874,0,3283,1,2917,5.0,2983,0,3203,4,2882,2.5,2945,53.6423340282654,2647,107.2846680565308,2254,108.2846680565308,2566
1067,Feng Jin,multiple-field,Asia,Fudan,11,1625,12,1604,723.2876329649222,667,1193.0,1123,26,1461,0,3283,0,3965,13.0,1571,0,3203,12,1632,6.0,1923,361.6438164824611,1245,723.2876329649222,517,724.2876329649222,1120
1068,Zhonghao Fu,econometrics,Asia,Fudan,4,3256,1,3809,18.76166303929372,3840,44.0,3644,10,2874,0,3283,6,1392,5.0,2983,0,3203,1,3860,3.0,2752,9.38083151964686,3869,18.76166303929372,3742,19.76166303929372,3821
1069,Gao Fan,other,Asia,Fudan,1,4388,1,3809,43.0,3277,43.0,3658,1,4577,0,3283,0,3965,0.5,4588,0,3203,1,3860,0.5,4086,21.5,3377,43.0,3155,44.0,3309
1070,Gao Hong,multiple-field,Asia,Fudan,2,3967,2,3404,25.57342370508884,3638,36.0,3736,5,3656,0,3283,0,3965,2.5,3719,0,3203,2,3459,1.0,3730,12.78671185254442,3689,25.57342370508884,3530,26.57342370508884,3628
1072,Xiyou He,i_organization,Asia,Fudan,2,3967,2,3404,48.84669896727925,3165,70.0,3350,3,4085,0,3283,0,3965,1.5,4125,0,3203,2,3459,1.0,3730,24.423349483639623,3279,48.84669896727925,3036,49.84669896727925,3207
1073,Hu Bo,i_organization,Asia,Fudan,1,4388,0,4385,7.0,4221,7.0,4303,2,4322,0,3283,1,2917,1.0,4350,0,3203,0,4408,0.5,4086,3.5,4237,7.0,4171,8.0,4195
1074,Huang Ming,multiple-field,Asia,Fudan,2,3967,0,4385,8.54400374531753,4151,11.0,4176,3,4085,0,3283,1,2917,1.5,4125,0,3203,0,4408,0.5,4086,4.272001872658765,4167,8.54400374531753,4095,9.54400374531753,4127
1075,Jiajun Jiang,finance,Asia,Fudan,2,3967,2,3404,44.553338819890925,3236,63.0,3415,5,3656,0,3283,1,2917,2.5,3719,0,3203,2,3459,1.5,3437,22.276669409945463,3341,44.553338819890925,3107,45.553338819890925,3274
1076,Xianglin Jiang,finance,Asia,Fudan,5,2944,4,2824,87.60707733967615,2629,181.0,2699,13,2492,0,3283,0,3965,6.5,2616,0,3203,4,2882,2.0,3174,43.80353866983808,2818,87.60707733967615,2473,88.60707733967615,2743
1077,Jin Fei,econometrics,Asia,Fudan,7,2425,5,2603,69.89992846920518,2846,192.0,2648,19,1915,0,3283,4,1786,9.5,2035,0,3203,5,2654,3.0,2752,34.94996423460259,2998,69.89992846920518,2698,70.89992846920518,2932
1078,Gaosheng Ju,econometrics,Asia,Fudan,3,3600,1,3809,50.23942674832188,3127,68.0,3366,6,3475,0,3283,5,1568,3.0,3545,0,3203,1,3860,2.5,2945,25.11971337416094,3252,50.23942674832188,2997,51.23942674832188,3179
1079,Zonglai Kou,multiple-field,Asia,Fudan,5,2944,3,3094,32.449961479175904,3481,103.0,3101,21,1766,0,3283,1,2917,10.5,1890,0,3203,3,3149,2.0,3174,16.224980739587952,3555,32.449961479175904,3374,33.449961479175904,3491
1080,Xiaohuan Lan,multiple-field,Asia,Fudan,8,2197,8,2100,67.63135367564367,2877,186.0,2671,10,2874,0,3283,2,2431,5.0,2983,0,3203,8,2146,4.0,2445,33.81567683782183,3029,67.63135367564367,2730,68.63135367564367,2957
1081,Li Dan,multiple-field,Asia,Fudan,5,2944,4,2824,35.41186241925155,3418,88.0,3209,17,2079,0,3283,0,3965,8.5,2203,0,3203,4,2882,2.0,3174,17.705931209625774,3507,35.41186241925155,3313,36.41186241925155,3438
1082,Huailu Li,multiple-field,Asia,Fudan,2,3967,1,3809,10.488088481701515,4082,16.0,4062,9,3018,0,3283,4,1786,4.5,3116,0,3203,1,3860,2.0,3174,5.244044240850758,4098,10.488088481701515,4017,11.488088481701515,4055
1083,Li Nan,history,Asia,Fudan,2,3967,0,4385,6.4031242374328485,4247,9.0,4234,4,3855,0,3283,0,3965,2.0,3907,0,3203,0,4408,0.0,4504,3.2015621187164243,4260,6.4031242374328485,4198,7.403124237432848,4218
1084,Tiandong Li,i_finance,Asia,Fudan,0,4667,0,4385,0.0,4667,0.0,4667,1,4577,0,3283,0,3965,0.5,4588,0,3203,0,4408,0.0,4504,0.0,4667,0.0,4669,1.0,4669
1085,Zhiqing Li,macro,Asia,Fudan,0,4667,0,4385,0.0,4667,0.0,4667,2,4322,0,3283,0,3965,1.0,4350,0,3203,0,4408,0.0,4504,0.0,4667,0.0,4669,1.0,4669
1086,Hongzhong Liu,finance,Asia,Fudan,1,4388,0,4385,9.1104335791443,4122,11.0,4176,4,3855,0,3283,0,3965,2.0,3907,0,3203,0,4408,0.0,4504,4.55521678957215,4140,9.1104335791443,4064,10.1104335791443,4096
1087,Qingfu Liu,finance,Asia,Fudan,17,948,27,733,296.5501643904451,1402,1020.0,1261,46,750,0,3283,1,2917,23.0,848,0,3203,27,755,14.0,936,148.27508219522255,1820,296.5501643904451,1205,297.5501643904451,1734
1088,Xueyue Liu,multiple-field,Asia,Fudan,5,2944,4,2824,42.67317658670374,3289,93.0,3176,10,2874,0,3283,0,3965,5.0,2983,0,3203,4,2882,2.0,3174,21.33658829335187,3386,42.67317658670374,3169,43.67317658670374,3319
1089,Zhikuo Liu,multiple-field,Asia,Fudan,9,1992,8,2100,261.8873803756111,1532,487.0,1857,12,2609,3,924,4,1786,7.5,2418,3,816,8,2146,5.5,2026,953.6327010242928,866,63.33241251599343,2799,245.3296500639737,1890
1090,Pingyi Lou,finance,Asia,Fudan,4,3256,3,3094,52.07686626516615,3105,98.0,3139,7,3309,0,3283,0,3965,3.5,3382,0,3203,3,3149,1.5,3437,26.038433132583076,3231,52.07686626516615,2966,53.07686626516615,3157
1091,Qianjin Lu,macro,Asia,Fudan,2,3967,0,4385,7.0,4221,11.0,4176,8,3159,0,3283,0,3965,4.0,3242,0,3203,0,4408,0.0,4504,3.5,4237,7.0,4171,8.0,4195
1092,Changyuan Luo,i_trade,Asia,Fudan,8,2197,6,2423,58.59180830116101,3007,195.0,2635,26,1461,0,3283,0,3965,13.0,1571,0,3203,6,2464,3.0,2752,29.295904150580505,3151,58.59180830116101,2871,59.59180830116101,3074
1094,Xiaojian Niu,finance,Asia,Fudan,4,3256,1,3809,19.6468827043885,3810,36.0,3736,5,3656,0,3283,0,3965,2.5,3719,0,3203,1,3860,0.5,4086,9.82344135219425,3842,19.6468827043885,3712,20.6468827043885,3793
1095,Yongchang Qiang,i_trade,Asia,Fudan,1,4388,0,4385,9.0,4129,9.0,4234,1,4577,0,3283,0,3965,0.5,4588,0,3203,0,4408,0.0,4504,4.5,4147,9.0,4072,10.0,4105
1096,Quan Qi,finance,Asia,Fudan,3,3600,3,3094,30.80584360149873,3510,53.0,3520,3,4085,0,3283,0,3965,1.5,4125,0,3203,3,3149,1.5,3437,15.402921800749365,3578,30.80584360149873,3402,31.80584360149873,3519
1097,Guobing Shen,i_trade,Asia,Fudan,5,2944,3,3094,33.2264954516723,3463,72.0,3336,7,3309,0,3283,1,2917,3.5,3382,0,3203,3,3149,2.0,3174,16.61324772583615,3544,33.2264954516723,3357,34.2264954516723,3480
1098,Hongbo Shen,finance,Asia,Fudan,1,4388,0,4385,5.0,4330,5.0,4375,1,4577,0,3283,0,3965,0.5,4588,0,3203,0,4408,0.0,4504,2.5,4337,5.0,4288,6.0,4300
1099,Shi Lei,macro,Asia,Fudan,0,4667,0,4385,0.0,4667,0.0,4667,1,4577,0,3283,0,3965,0.5,4588,0,3203,0,4408,0.0,4504,0.0,4667,0.0,4669,1.0,4669
1100,Song Hong,multiple-field,Asia,Fudan,13,1348,15,1353,239.57671005337727,1633,801.0,1433,21,1766,0,3283,4,1786,10.5,1890,0,3203,15,1379,8.0,1567,119.78835502668863,1994,239.57671005337727,1436,240.57671005337727,1908
1101,Song Jun,finance,Asia,Fudan,1,4388,0,4385,4.0,4388,4.0,4413,1,4577,0,3283,0,3965,0.5,4588,0,3203,0,4408,0.0,4504,2.0,4394,4.0,4349,5.0,4360
1102,Lijian Sun,finance,Asia,Fudan,3,3600,3,3094,23.79075450674064,3679,40.0,3695,3,4085,0,3283,0,3965,1.5,4125,0,3203,3,3149,1.5,3437,11.895377253370318,3725,23.79075450674064,3578,24.79075450674064,3665
1103,Sun Lin,finance,Asia,Fudan,2,3967,1,3809,69.58448102845921,2851,78.0,3285,2,4322,0,3283,1,2917,1.0,4350,0,3203,1,3860,1.0,3730,34.792240514229604,3004,69.58448102845921,2704,70.58448102845921,2936
1104,Dongbo Tang,i_trade,Asia,Fudan,1,4388,0,4385,8.0,4180,8.0,4272,1,4577,0,3283,0,3965,0.5,4588,0,3203,0,4408,0.0,4504,4.0,4196,8.0,4126,9.0,4155
1105,Suhua Tian,multiple-field,Asia,Fudan,3,3600,2,3404,46.67976006793523,3197,67.0,3375,11,2737,0,3283,0,3965,5.5,2853,0,3203,2,3459,1.0,3730,23.339880033967614,3309,46.67976006793523,3069,47.67976006793523,3241
1106,Lixin Wang,development,Asia,Fudan,1,4388,0,4385,1.0,4570,1.0,4570,1,4577,0,3283,0,3965,0.5,4588,0,3203,0,4408,0.0,4504,0.5,4572,1.0,4561,2.0,4561
1107,Wang Long,other,Asia,Fudan,1,4388,0,4385,1.0,4570,1.0,4570,2,4322,0,3283,0,3965,1.0,4350,0,3203,0,4408,0.0,4504,0.5,4572,1.0,4561,2.0,4561
1108,Xilin Wang,macro,Asia,Fudan,6,2677,5,2603,70.22107945624305,2840,161.0,2794,12,2609,0,3283,1,2917,6.0,2731,0,3203,5,2654,2.5,2945,35.11053972812152,2992,70.22107945624305,2691,71.22107945624305,2926
1109,Xiaohu Wang,econometrics,Asia,Fudan,7,2425,5,2603,65.6505902486794,2900,166.0,2770,15,2273,0,3283,4,1786,7.5,2418,0,3203,5,2654,2.5,2945,32.8252951243397,3057,65.6505902486794,2755,66.6505902486794,2979
1110,Yongqin Wang,multiple-field,Asia,Fudan,6,2677,6,2423,106.55045753069294,2441,219.0,2538,13,2492,0,3283,1,2917,6.5,2616,0,3203,6,2464,3.5,2589,53.27522876534647,2651,106.55045753069294,2262,107.55045753069294,2571
1111,Wang Zhen,multiple-field,Asia,Fudan,3,3600,3,3094,145.95204691952765,2122,218.0,2544,5,3656,0,3283,0,3965,2.5,3719,0,3203,3,3149,1.5,3437,72.97602345976382,2391,145.95204691952765,1944,146.95204691952765,2298
1112,Wang Zhi,multiple-field,Asia,Fudan,8,2197,8,2100,957.3714012858331,525,1346.0,1036,9,3018,0,3283,2,2431,4.5,3116,0,3203,8,2146,4.0,2445,478.68570064291663,1114,957.3714012858331,386,958.3714012858331,963
1113,Wei Xiao,micro_theory,Asia,Fudan,3,3600,1,3809,24.576411454889016,3661,36.0,3736,8,3159,2,1169,4,1786,5.0,2983,1,1424,2,3459,3.0,2752,59.787632327678764,2558,5.3166247903554,4253,12.9498743710662,4011
1114,Jianfeng Wu,development,Asia,Fudan,7,2425,6,2423,233.8888624966995,1653,452.0,1918,11,2737,0,3283,0,3965,5.5,2853,0,3203,6,2464,3.0,2752,116.94443124834974,2012,233.8888624966995,1455,234.8888624966995,1922
1115,Ruochen Wu,i_trade,Asia,Fudan,2,3967,0,4385,7.3484692283495345,4200,10.0,4201,3,4085,0,3283,1,2917,1.5,4125,0,3203,0,4408,0.5,4086,3.6742346141747673,4217,7.3484692283495345,4148,8.348469228349535,4174
1116,Lingwei Wu,history,Asia,Fudan,3,3600,1,3809,57.1314274283428,3025,72.0,3336,4,3855,0,3283,2,2431,2.0,3907,0,3203,1,3860,1.0,3730,28.5657137141714,3167,57.1314274283428,2890,58.1314274283428,3088
1117,Xican Xi,development,Asia,Fudan,4,3256,4,2824,677.7706101624649,713,863.0,1391,6,3475,0,3283,0,3965,3.0,3545,0,3203,4,2882,2.0,3174,338.88530508123245,1284,677.7706101624649,552,678.7706101624649,1161
1118,Shiyu Xie,multiple-field,Asia,Fudan,2,3967,0,4385,6.48074069840786,4237,10.0,4201,7,3309,0,3283,0,3965,3.5,3382,0,3203,0,4408,0.0,4504,3.24037034920393,4252,6.48074069840786,4190,7.48074069840786,4210
1119,Mingdong Xu,finance,Asia,Fudan,1,4388,0,4385,2.0,4497,2.0,4502,1,4577,0,3283,0,3965,0.5,4588,0,3203,0,4408,0.0,4504,1.0,4501,2.0,4473,3.0,4474
1120,Xu Xian,finance,Asia,Fudan,10,1802,10,1828,126.68070097690492,2261,364.0,2104,23,1634,0,3283,0,3965,11.5,1753,0,3203,10,1859,5.0,2147,63.34035048845247,2506,126.68070097690492,2083,127.68070097690492,2420
1121,Youchuan Xu,finance,Asia,Fudan,1,4388,0,4385,1.4142135623730951,4524,2.0,4502,4,3855,0,3283,0,3965,2.0,3907,0,3203,0,4408,0.0,4504,0.7071067811865476,4528,1.4142135623730951,4502,2.414213562373095,4502
1122,Zhiwei Xu,macro,Asia,Fudan,10,1802,11,1709,329.28862719504906,1310,595.0,1692,22,1700,0,3283,5,1568,11.0,1825,0,3203,11,1737,6.5,1818,164.64431359752453,1740,329.28862719504906,1104,330.28862719504906,1644
1123,Changjiang Yang,finance,Asia,Fudan,1,4388,0,4385,1.0,4570,1.0,4570,1,4577,0,3283,0,3965,0.5,4588,0,3203,0,4408,0.0,4504,0.5,4572,1.0,4561,2.0,4561
1124,Yang Qing,multiple-field,Asia,Fudan,4,3256,4,2824,349.7041606844277,1248,413.0,1989,13,2492,0,3283,0,3965,6.5,2616,0,3203,4,2882,2.0,3174,174.85208034221384,1684,349.7041606844277,1039,350.7041606844277,1583
1125,Yao Jing,finance,Asia,Fudan,5,2944,3,3094,56.42694391866354,3036,112.0,3057,9,3018,0,3283,0,3965,4.5,3116,0,3203,3,3149,1.5,3437,28.21347195933177,3175,56.42694391866354,2899,57.42694391866354,3095
1126,Tangjun Yuan,multiple-field,Asia,Fudan,5,2944,2,3404,32.802438933713454,3473,64.0,3405,9,3018,0,3283,0,3965,4.5,3116,0,3203,2,3459,1.0,3730,16.401219466856727,3551,32.802438933713454,3368,33.802438933713454,3487
1127,Zhigang Yuan,multiple-field,Asia,Fudan,1,4388,0,4385,5.0990195135927845,4310,6.0,4335,5,3656,0,3283,0,3965,2.5,3719,0,3203,0,4408,0.0,4504,2.549509756796392,4319,5.0990195135927845,4266,6.0990195135927845,4276
1128,Jinqing Zhang,finance,Asia,Fudan,6,2677,5,2603,42.55584566190642,3291,107.0,3084,14,2384,0,3283,0,3965,7.0,2517,0,3203,5,2654,2.5,2945,21.27792283095321,3388,42.55584566190642,3172,43.55584566190642,3321
1129,Zhang Jun,multiple-field,Asia,Fudan,15,1141,21,998,232.89053222490605,1658,878.0,1373,63,491,0,3283,0,3965,31.5,555,0,3203,21,1017,10.5,1239,116.44526611245304,2016,232.89053222490605,1458,233.89053222490605,1925
1130,Zhang Tao,econometrics,Asia,Fudan,22,617,47,332,426.28980752535006,1071,2009.0,762,105,174,0,3283,2,2431,52.5,206,0,3203,47,340,24.0,461,213.14490376267503,1535,426.28980752535006,870,427.28980752535006,1441
1131,Weiping Zhang,finance,Asia,Fudan,0,4667,0,4385,0.0,4667,0.0,4667,2,4322,0,3283,0,3965,1.0,4350,0,3203,0,4408,0.0,4504,0.0,4667,0.0,4669,1.0,4669
1132,Zongxin Zhang,finance,Asia,Fudan,3,3600,3,3094,28.442925306655784,3570,53.0,3520,8,3159,0,3283,0,3965,4.0,3242,0,3203,3,3149,1.5,3437,14.221462653327892,3631,28.442925306655784,3460,29.442925306655784,3571
1133,Yiran Zhang,i_trade,Asia,Fudan,0,4667,0,4385,0.0,4667,0.0,4667,2,4322,0,3283,2,2431,1.0,4350,0,3203,0,4408,1.0,3730,0.0,4667,0.0,4669,1.0,4669
1134,Zhang Yuan,development,Asia,Fudan,9,1992,9,1961,75.62407024221852,2762,237.0,2480,22,1700,0,3283,0,3965,11.0,1825,0,3203,9,2003,4.5,2297,37.81203512110926,2926,75.62407024221852,2622,76.62407024221852,2861
1135,Siqi Zhao,finance,Asia,Fudan,4,3256,1,3809,16.34013463836819,3910,41.0,3682,15,2273,0,3283,0,3965,7.5,2418,0,3203,1,3860,0.5,4086,8.170067319184096,3936,16.34013463836819,3821,17.34013463836819,3884
1136,Tengyu Zhao,i_finance,Asia,Fudan,0,4667,0,4385,0.0,4667,0.0,4667,1,4577,0,3283,0,3965,0.5,4588,0,3203,0,4408,0.0,4504,0.0,4667,0.0,4669,1.0,4669
1137,Guangyou Zhou,multiple-field,Asia,Fudan,17,948,19,1100,941.1057326358182,534,2634.0,616,29,1320,0,3283,0,3965,14.5,1436,0,3203,19,1119,9.5,1356,470.5528663179091,1119,941.1057326358182,393,942.1057326358182,968
1139,Hongfei Zhu,labor,Asia,Fudan,4,3256,2,3404,31.352830813181765,3503,53.0,3520,6,3475,0,3283,0,3965,3.0,3545,0,3203,2,3459,1.0,3730,15.676415406590882,3571,31.352830813181765,3392,32.35283081318177,3512
1140,Xuejing Zuo,behavior-experiment,Asia,Fudan,3,3600,3,3094,36.64696440361739,3395,63.0,3415,5,3656,0,3283,1,2917,2.5,3719,0,3203,3,3149,1.5,3437,18.32348220180869,3486,36.64696440361739,3287,37.64696440361739,3418
1141,Haizheng Li,labor,North America,GA Tech,15,1141,21,998,628.166379234037,769,1539.0,932,43,813,0,3283,3,2072,21.5,923,0,3203,21,1017,10.5,1239,314.0831896170185,1328,628.166379234037,603,629.166379234037,1200
1142,Willie Belton,multiple-field,North America,GA Tech,5,2944,3,3094,34.19064199455752,3443,81.0,3257,14,2384,1,1576,1,2917,7.5,2418,1,1424,3,3149,2.0,3174,32.53444185374863,3063,30.068883707497267,3421,60.137767414994535,3070
1143,Tibor Besedes,i_trade,North America,GA Tech,13,1348,15,1353,421.57087185905056,1083,1184.0,1128,24,1571,0,3283,4,1786,12.0,1681,0,3203,15,1379,7.5,1649,210.78543592952528,1546,421.57087185905056,879,422.57087185905056,1453
1144,Dylan Brewer,multiple-field,North America,GA Tech,4,3256,1,3809,15.394804318340652,3948,39.0,3705,12,2609,0,3283,0,3965,6.0,2731,0,3203,1,3860,0.5,4086,7.697402159170326,3973,15.394804318340652,3864,16.394804318340654,3919
1145,Justin Burkett,micro_theory,North America,GA Tech,5,2944,5,2603,38.31448812133603,3364,104.0,3096,15,2273,0,3283,7,1234,7.5,2418,0,3203,5,2654,4.5,2297,19.157244060668017,3454,38.31448812133603,3252,39.31448812133603,3391
1146,Whitney Buser,multiple-field,North America,GA Tech,3,3600,3,3094,54.57105459856901,3064,90.0,3198,4,3855,0,3283,1,2917,2.0,3907,0,3203,3,3149,1.5,3437,27.285527299284507,3198,54.57105459856901,2926,55.57105459856901,3120
1147,Daniel Dench,multiple-field,North America,GA Tech,12,1477,14,1430,132.51037695214666,2218,457.0,1911,22,1700,0,3283,2,2431,11.0,1825,0,3203,14,1453,7.0,1731,66.25518847607333,2463,132.51037695214666,2033,133.51037695214666,2375
1148,Shatakshee Dhongde,development,North America,GA Tech,10,1802,12,1604,73.62064927722385,2791,254.0,2410,22,1700,0,3283,1,2917,11.0,1825,0,3203,12,1632,6.5,1818,36.81032463861192,2951,73.62064927722385,2647,74.62064927722385,2883
1149,Gaurav Doshi,i_organization,North America,GA Tech,1,4388,0,4385,1.0,4570,1.0,4570,3,4085,0,3283,1,2917,1.5,4125,0,3203,0,4408,0.5,4086,0.5,4572,1.0,4561,2.0,4561
1150,Robert M. Gonzalez,multiple-field,North America,GA Tech,6,2677,5,2603,119.0084030646576,2330,219.0,2538,10,2874,1,1576,4,1786,5.5,2853,1,1424,5,2654,4.0,2445,130.83992187491484,1926,72.6798437498297,2659,145.3596874996594,2308
1151,Danny R. Hughes,other,North America,GA Tech,33,250,95,77,340.8401384813708,1284,2880.0,569,152,76,0,3283,0,3965,76.0,85,0,3203,95,80,47.5,124,170.4200692406854,1711,340.8401384813708,1074,341.8401384813708,1617
1152,Manho Kang,multiple-field,North America,GA Tech,2,3967,2,3404,110.60741385639572,2401,136.0,2924,5,3656,0,3283,2,2431,2.5,3719,0,3203,2,3459,2.0,3174,55.30370692819786,2618,110.60741385639572,2217,111.60741385639572,2538
1153,Mikhail Klimenko,i_trade,North America,GA Tech,7,2425,5,2603,49.4064773081425,3149,141.0,2888,14,2384,0,3283,2,2431,7.0,2517,0,3203,5,2654,3.0,2752,24.70323865407125,3268,49.4064773081425,3023,50.4064773081425,3195
1154,Jason Lindo,labor,North America,GA Tech,18,872,20,1048,390.2191691857282,1148,1403.0,998,25,1518,1,1576,11,832,13.0,1571,1,1424,20,1065,11.0,1189,395.0579955441728,1206,307.1159910883455,1168,614.231982176691,1213
1155,Dennis Lockhart,macro,North America,GA Tech,0,4667,0,4385,0.0,4667,0.0,4667,1,4577,0,3283,0,3965,0.5,4588,0,3203,0,4408,0.0,4504,0.0,4667,0.0,4669,1.0,4669
1156,Patrick Mccarthy,multiple-field,North America,GA Tech,19,797,31,605,235.5928691620356,1647,1070.0,1226,69,414,0,3283,1,2917,34.5,474,0,3203,31,620,15.5,820,117.79643458101778,2007,235.5928691620356,1448,236.5928691620356,1918
1157,Cici Mcnamara,p_finance,North America,GA Tech,2,3967,1,3809,20.27313493271329,3786,27.0,3874,7,3309,0,3283,1,2917,3.5,3382,0,3203,1,3860,1.0,3730,10.136567466356649,3820,20.27313493271329,3688,21.27313493271329,3768
1158,Usha Nair-Reichert,multiple-field,North America,GA Tech,9,1992,8,2100,358.82168273391727,1218,609.0,1673,32,1187,0,3283,1,2917,16.0,1305,0,3203,8,2146,4.0,2445,179.41084136695864,1663,358.82168273391727,1012,359.82168273391727,1566
1159,Matthew Oliver,i_organization,North America,GA Tech,9,1992,8,2100,85.48684109265004,2650,270.0,2352,22,1700,0,3283,0,3965,11.0,1825,0,3203,8,2146,4.0,2445,42.74342054632502,2831,85.48684109265004,2493,86.48684109265004,2758
1160,Mayra Pineda Torres,labor,North America,GA Tech,4,3256,3,3094,46.57252408878007,3202,85.0,3226,7,3309,0,3283,4,1786,3.5,3382,0,3203,3,3149,2.0,3174,23.286262044390035,3313,46.57252408878007,3074,47.57252408878007,3247
1161,Christine Ries,i_finance,North America,GA Tech,1,4388,0,4385,1.0,4570,1.0,4570,4,3855,0,3283,0,3965,2.0,3907,0,3203,0,4408,0.0,4504,0.5,4572,1.0,4561,2.0,4561
1162,Maxwell Rosenthal,micro_theory,North America,GA Tech,1,4388,0,4385,1.4142135623730951,4524,2.0,4502,4,3855,0,3283,2,2431,2.0,3907,0,3203,0,4408,1.0,3730,0.7071067811865476,4528,1.4142135623730951,4502,2.414213562373095,4502
1163,Olga Shemyakina,development,North America,GA Tech,11,1625,12,1604,299.1003176193566,1392,671.0,1591,14,2384,1,1576,3,2072,7.5,2418,1,1424,12,1632,6.5,1818,188.2067812213733,1632,297.4135624427465,1200,594.827124885493,1234
1164,Laura Taylor,multiple-field,North America,GA Tech,25,490,36,503,1045.8541963390498,475,3129.0,534,46,750,1,1576,1,2917,23.5,827,1,1424,36,514,18.5,651,1167.616511460502,791,518.2330229210041,719,1036.4660458420085,927
1165,Aselia Urmanbetova,labor,North America,GA Tech,1,4388,0,4385,4.242640687119285,4365,6.0,4335,4,3855,0,3283,0,3965,2.0,3907,0,3203,0,4408,0.0,4504,2.1213203435596424,4370,4.242640687119285,4326,5.242640687119285,4338
1166,Casey Wichman,multiple-field,North America,GA Tech,11,1625,12,1604,702.3944760602834,684,1298.0,1059,23,1634,0,3283,2,2431,11.5,1753,0,3203,12,1632,6.5,1818,351.1972380301417,1257,702.3944760602834,529,703.3944760602834,1137
1167,Karen Yan,econometrics,North America,GA Tech,5,2944,2,3404,26.28687885618983,3621,61.0,3436,10,2874,0,3283,2,2431,5.0,2983,0,3203,2,3459,2.0,3174,13.143439428094917,3676,26.28687885618983,3515,27.28687885618983,3614
1168,Nuran Acur,other,Europe,Glasgow,14,1239,18,1155,248.4109498391728,1585,850.0,1402,29,1320,0,3283,0,3965,14.5,1436,0,3203,18,1177,9.0,1418,124.20547491958638,1962,248.4109498391728,1397,249.4109498391728,1875
1169,Josephine Adekola,other,Europe,Glasgow,8,2197,7,2254,113.93419153177857,2370,271.0,2350,16,2168,0,3283,0,3965,8.0,2304,0,3203,7,2299,3.5,2589,56.96709576588928,2595,113.93419153177857,2189,114.93419153177857,2515
1170,Paul Ahn,other,Europe,Glasgow,4,3256,3,3094,46.33573135281238,3207,79.0,3276,6,3475,0,3283,0,3965,3.0,3545,0,3203,3,3149,1.5,3437,23.16786567640619,3319,46.33573135281238,3081,47.33573135281238,3252
1171,Chandana Alawattage,other,Europe,Glasgow,17,948,22,952,227.92323269030737,1671,967.0,1304,33,1137,0,3283,0,3965,16.5,1262,0,3203,22,972,11.0,1189,113.96161634515369,2031,227.92323269030737,1478,228.92323269030737,1938
1172,Khaldoon Albitar,finance,Europe,Glasgow,27,420,41,427,693.4753059770766,700,3064.0,546,73,372,0,3283,0,3965,36.5,427,0,3203,41,434,20.5,567,346.7376529885383,1270,693.4753059770766,546,694.4753059770766,1145
1173,Mark Aleksanyan,finance,Europe,Glasgow,7,2425,7,2254,55.57877292636101,3044,151.0,2826,12,2609,0,3283,0,3965,6.0,2731,0,3203,7,2299,3.5,2589,27.789386463180502,3183,55.57877292636101,2910,56.57877292636101,3104
1174,Rami Alsharif,labor,Europe,Glasgow,1,4388,0,4385,5.0,4330,5.0,4375,4,3855,0,3283,0,3965,2.0,3907,0,3203,0,4408,0.0,4504,2.5,4337,5.0,4288,6.0,4300
1175,Erika Anderson,political_econ,Europe,Glasgow,0,4667,0,4385,0.0,4667,0.0,4667,1,4577,0,3283,0,3965,0.5,4588,0,3203,0,4408,0.0,4504,0.0,4667,0.0,4669,1.0,4669
1176,Stephanie Anderson,other,Europe,Glasgow,6,2677,2,3404,38.87158345115362,3351,75.0,3312,7,3309,0,3283,0,3965,3.5,3382,0,3203,2,3459,1.0,3730,19.43579172557681,3441,38.87158345115362,3238,39.87158345115362,3377
1177,Luis Angeles,multiple-field,Europe,Glasgow,11,1625,13,1510,181.41664752717708,1912,568.0,1720,20,1840,0,3283,3,2072,10.0,1962,0,3203,13,1535,6.5,1818,90.70832376358854,2218,181.41664752717708,1712,182.41664752717708,2128
1178,Georgios Angelis,macro,Europe,Glasgow,0,4667,0,4385,0.0,4667,0.0,4667,1,4577,0,3283,1,2917,0.5,4588,0,3203,0,4408,0.5,4086,0.0,4667,0.0,4669,1.0,4669
1179,Konstantinos Angelopoulos,multiple-field,Europe,Glasgow,12,1477,13,1510,170.09409160814494,1984,532.0,1773,25,1518,0,3283,4,1786,12.5,1623,0,3203,13,1535,7.5,1649,85.04704580407247,2282,170.09409160814494,1792,171.09409160814494,2186
1180,Marco Avarucci,econometrics,Europe,Glasgow,3,3600,2,3404,15.874507866387544,3930,26.0,3893,4,3855,0,3283,1,2917,2.0,3907,0,3203,2,3459,1.0,3730,7.937253933193772,3958,15.874507866387544,3847,16.874507866387546,3905
1181,Esra Aydogdu,development,Europe,Glasgow,0,4667,0,4385,0.0,4667,0.0,4667,1,4577,0,3283,0,3965,0.5,4588,0,3203,0,4408,0.0,4504,0.0,4667,0.0,4669,1.0,4669
1182,Jaylan Azer,other,Europe,Glasgow,9,1992,9,1961,129.61867149450345,2240,345.0,2151,14,2384,0,3283,0,3965,7.0,2517,0,3203,9,2003,4.5,2297,64.80933574725172,2487,129.61867149450345,2061,130.61867149450345,2398
1183,Nilay Balkan,other,Europe,Glasgow,1,4388,0,4385,2.0,4497,2.0,4502,3,4085,0,3283,0,3965,1.5,4125,0,3203,0,4408,0.0,4504,1.0,4501,2.0,4473,3.0,4474
1185,Zvonimir Basic,behavior-experiment,Europe,Glasgow,3,3600,3,3094,26.570660511172846,3615,44.0,3644,3,4085,0,3283,2,2431,1.5,4125,0,3203,3,3149,1.5,3437,13.285330255586423,3670,26.570660511172846,3505,27.570660511172846,3609
1186,Soner Baskaya,i_finance,Europe,Glasgow,5,2944,5,2603,86.97700845625813,2634,161.0,2794,8,3159,1,1576,1,2917,4.5,3116,1,1424,5,2654,3.0,2752,79.35361782153021,2331,77.70723564306043,2593,155.41447128612086,2257
1187,Karen Bilsland,multiple-field,Europe,Glasgow,3,3600,0,4385,9.899494936611664,4103,16.0,4062,3,4085,0,3283,0,3965,1.5,4125,0,3203,0,4408,0.0,4504,4.949747468305833,4122,9.899494936611664,4045,10.899494936611664,4077
1188,David Blanchflower,labor,Europe,Glasgow,41,139,73,139,2795.284958640174,135,10784.0,136,103,179,1,1576,10,906,52.0,208,1,1424,73,142,37.5,199,1687.6774805687828,688,2780.3549611375656,87,5560.709922275131,375
1189,Ramona Blanes,other,Europe,Glasgow,2,3967,1,3809,32.4037034920393,3483,38.0,3711,4,3855,0,3283,0,3965,2.0,3907,0,3203,1,3860,0.5,4086,16.20185174601965,3557,32.4037034920393,3376,33.4037034920393,3493
1190,Anna Bogomolnaia,micro_theory,Europe,Glasgow,16,1038,20,1048,833.5370417683907,596,1876.0,800,27,1408,1,1576,9,991,14.0,1485,1,1424,20,1065,10.5,1239,566.3088687043074,1040,819.6177374086149,455,1639.2354748172295,742
1191,Mehdi Boussebaa,other,Europe,Glasgow,17,948,21,998,299.9249906226555,1390,1097.0,1196,29,1320,0,3283,0,3965,14.5,1436,0,3203,21,1017,10.5,1239,149.96249531132776,1810,299.9249906226555,1194,300.9249906226555,1723
1192,Lynn Bradley,p_finance,Europe,Glasgow,3,3600,0,4385,11.224972160321824,4058,20.0,3989,4,3855,0,3283,0,3965,2.0,3907,0,3203,0,4408,0.0,4504,5.612486080160912,4075,11.224972160321824,3988,12.224972160321824,4029
1193,Jan Breitsohl,other,Europe,Glasgow,8,2197,8,2100,290.14823797500475,1417,584.0,1700,19,1915,0,3283,0,3965,9.5,2035,0,3203,8,2146,4.0,2445,145.07411898750237,1838,290.14823797500475,1226,291.14823797500475,1748
1194,Trevor Buck,multiple-field,Europe,Glasgow,33,250,55,243,912.9233264628524,550,4539.0,385,73,372,0,3283,1,2917,36.5,427,0,3203,55,250,27.5,363,456.4616632314263,1135,912.9233264628524,411,913.9233264628524,989
1195,Craig Burnside,i_finance,Europe,Glasgow,25,490,26,777,2124.201026268465,190,4544.0,383,34,1095,9,329,19,415,21.5,923,9,268,26,797,17.5,716,18755.98219181386,199,447.90659598597966,827,4399.065959859797,425
1196,Mario Cerrato,i_finance,Europe,Glasgow,11,1625,11,1709,75.57115851963631,2765,261.0,2382,26,1461,0,3283,1,2917,13.0,1571,0,3203,11,1737,6.0,1923,37.78557925981816,2928,75.57115851963631,2624,76.57115851963631,2863
1197,Dominic Chalmers,other,Europe,Glasgow,11,1625,12,1604,411.3720943379607,1100,1135.0,1169,22,1700,0,3283,0,3965,11.0,1825,0,3203,12,1632,6.0,1923,205.68604716898037,1566,411.3720943379607,893,412.3720943379607,1468
1198,Lisa Chamberlain,other,Europe,Glasgow,0,4667,0,4385,0.0,4667,0.0,4667,1,4577,0,3283,0,3965,0.5,4588,0,3203,0,4408,0.0,4504,0.0,4667,0.0,4669,1.0,4669
1199,Kalliopi Chatzipanagiotou,other,Europe,Glasgow,13,1348,15,1353,373.7178079781588,1182,1147.0,1155,24,1571,0,3283,0,3965,12.0,1681,0,3203,15,1379,7.5,1649,186.8589039890794,1636,373.7178079781588,983,374.7178079781588,1533
1200,Mengqian Chen,finance,Europe,Glasgow,0,4667,0,4385,0.0,4667,0.0,4667,1,4577,0,3283,0,3965,0.5,4588,0,3203,0,4408,0.0,4504,0.0,4667,0.0,4669,1.0,4669
1201,Wenya Cheng,other,Europe,Glasgow,2,3967,0,4385,5.830951894845301,4282,8.0,4272,3,4085,0,3283,1,2917,1.5,4125,0,3203,0,4408,0.5,4086,2.9154759474226504,4293,5.830951894845301,4234,6.830951894845301,4250
1202,Robert Chia,other,Europe,Glasgow,36,203,49,305,2164.1765177545017,186,7012.0,233,73,372,0,3283,0,3965,36.5,427,0,3203,49,313,24.5,444,1082.0882588772508,826,2164.1765177545017,122,2165.1765177545017,636
1203,Dimitris Christelis,multiple-field,Europe,Glasgow,11,1625,12,1604,527.4694303938381,883,954.0,1314,18,1994,0,3283,10,906,9.0,2114,0,3203,12,1632,7.0,1731,263.73471519691907,1416,527.4694303938381,711,528.4694303938381,1297
1204,Alberto Ciancio,development,Europe,Glasgow,7,2425,7,2254,137.46635952115702,2176,261.0,2382,13,2492,0,3283,3,2072,6.5,2616,0,3203,7,2299,4.5,2297,68.73317976057851,2436,137.46635952115702,2003,138.46635952115702,2344
1205,Genevieve Coderre-Lapalme,labor,Europe,Glasgow,3,3600,1,3809,17.05872210923198,3883,27.0,3874,4,3855,0,3283,0,3965,2.0,3907,0,3203,1,3860,0.5,4086,8.52936105461599,3913,17.05872210923198,3792,18.05872210923198,3859
1206,Andrew Cumbers,multiple-field,Europe,Glasgow,29,352,53,259,960.609702220418,521,4649.0,375,103,179,0,3283,0,3965,51.5,211,0,3203,53,270,26.5,389,480.304851110209,1113,960.609702220418,385,961.609702220418,960
1207,Rob Dekkers,other,Europe,Glasgow,19,797,28,696,199.83242980057065,1808,945.0,1319,67,442,0,3283,0,3965,33.5,504,0,3203,28,718,14.0,936,99.91621490028533,2132,199.83242980057065,1614,200.83242980057065,2043
1208,Mahmoud Delshadi,finance,Europe,Glasgow,1,4388,0,4385,2.0,4497,2.0,4502,2,4322,0,3283,0,3965,1.0,4350,0,3203,0,4408,0.0,4504,1.0,4501,2.0,4473,3.0,4474
1209,Richard Dennis,macro,Europe,Glasgow,11,1625,13,1510,103.99519219656264,2462,357.0,2121,24,1571,0,3283,8,1097,12.0,1681,0,3203,13,1535,8.5,1487,51.99759609828131,2667,103.99519219656264,2288,104.99519219656264,2590
1210,Anthony Devine,other,Europe,Glasgow,3,3600,2,3404,46.62617290749907,3199,66.0,3386,5,3656,0,3283,0,3965,2.5,3719,0,3203,2,3459,1.0,3730,23.31308645374953,3311,46.62617290749907,3071,47.62617290749907,3245
1211,Sai Ding,multiple-field,Europe,Glasgow,10,1802,10,1828,305.1425896200004,1372,698.0,1558,14,2384,0,3283,1,2917,7.0,2517,0,3203,10,1859,5.5,2026,152.5712948100002,1790,305.1425896200004,1174,306.1425896200004,1704
1212,Adina Dudau,other,Europe,Glasgow,13,1348,15,1353,195.82134715091712,1824,546.0,1749,29,1320,0,3283,0,3965,14.5,1436,0,3203,15,1379,7.5,1649,97.91067357545856,2141,195.82134715091712,1631,196.82134715091712,2056
1213,Katherine Duffy,other,Europe,Glasgow,8,2197,8,2100,323.74218137277074,1318,583.0,1702,17,2079,0,3283,0,3965,8.5,2203,0,3203,8,2146,4.0,2445,161.87109068638537,1751,323.74218137277074,1123,324.74218137277074,1662
1214,Christian Ewald,finance,Europe,Glasgow,13,1348,20,1048,123.40988615179904,2290,620.0,1657,75,352,0,3283,0,3965,37.5,409,0,3203,20,1065,10.0,1294,61.70494307589952,2529,123.40988615179904,2110,124.40988615179904,2445
1215,Ahmed Farhod,i_organization,Europe,Glasgow,1,4388,0,4385,1.0,4570,1.0,4570,1,4577,0,3283,0,3965,0.5,4588,0,3203,0,4408,0.0,4504,0.5,4572,1.0,4561,2.0,4561
1216,Federica Farolfi,micro_theory,Europe,Glasgow,2,3967,1,3809,78.33900688673555,2728,87.0,3214,3,4085,0,3283,0,3965,1.5,4125,0,3203,1,3860,0.5,4086,39.16950344336777,2894,78.33900688673555,2583,79.33900688673555,2828
1217,Lara Faverzani,finance,Europe,Glasgow,1,4388,0,4385,1.0,4570,1.0,4570,2,4322,0,3283,0,3965,1.0,4350,0,3203,0,4408,0.0,4504,0.5,4572,1.0,4561,2.0,4561
1218,Alvise Favotto,other,Europe,Glasgow,7,2425,5,2603,43.77213725647858,3256,122.0,2988,17,2079,0,3283,0,3965,8.5,2203,0,3203,5,2654,2.5,2945,21.88606862823929,3358,43.77213725647858,3129,44.77213725647858,3293
1219,Mengyuan Feng,other,Europe,Glasgow,0,4667,0,4385,0.0,4667,0.0,4667,1,4577,0,3283,0,3965,0.5,4588,0,3203,0,4408,0.0,4504,0.0,4667,0.0,4669,1.0,4669
1220,John Finch,other,Europe,Glasgow,19,797,30,633,203.49447166937972,1786,1034.0,1251,48,712,0,3283,0,3965,24.0,802,0,3203,30,649,15.0,864,101.74723583468987,2114,203.49447166937972,1592,204.49447166937972,2028
1221,William Finlay,finance,Europe,Glasgow,1,4388,1,3809,12.0,4037,12.0,4154,1,4577,0,3283,0,3965,0.5,4588,0,3203,1,3860,0.5,4086,6.0,4056,12.0,3963,13.0,4008
1222,Denis Fischbacher-Smith,other,Europe,Glasgow,12,1477,21,998,174.37889780589853,1952,550.0,1743,40,899,0,3283,0,3965,20.0,1011,0,3203,21,1017,10.5,1239,87.18944890294927,2252,174.37889780589853,1757,175.37889780589853,2160
1223,Francesca Flamini,micro_theory,Europe,Glasgow,1,4388,1,3809,14.0356688476182,3982,15.0,4081,5,3656,0,3283,0,3965,2.5,3719,0,3203,1,3860,0.5,4086,7.0178344238091,4002,14.0356688476182,3902,15.0356688476182,3950
1224,Christopher Flanagan,labor,Europe,Glasgow,1,4388,0,4385,5.0990195135927845,4310,6.0,4335,2,4322,0,3283,0,3965,1.0,4350,0,3203,0,4408,0.0,4504,2.549509756796392,4319,5.0990195135927845,4266,6.0990195135927845,4276
1225,Margaret Fletcher,multiple-field,Europe,Glasgow,14,1239,18,1155,315.1174384257399,1345,995.0,1276,31,1232,0,3283,0,3965,15.5,1343,0,3203,18,1177,9.0,1418,157.55871921286996,1771,315.1174384257399,1152,316.1174384257399,1682
1226,Dimitris Georgarakos,multiple-field,Europe,Glasgow,16,1038,20,1048,279.19706302180185,1459,985.0,1285,27,1408,2,1169,15,589,14.5,1436,1,1424,21,1017,13.0,1007,226.6919102530577,1496,276.7981077081864,1286,827.3943231245592,1048
1227,Georgios Gerasimou,micro_theory,Europe,Glasgow,7,2425,4,2824,44.41846462902562,3240,119.0,3011,14,2384,0,3283,4,1786,7.0,2517,0,3203,4,2882,3.5,2589,22.20923231451281,3344,44.41846462902562,3112,45.41846462902562,3277
1228,Sayantan Ghosal,micro_theory,Europe,Glasgow,13,1348,16,1280,279.5639461733219,1454,756.0,1486,53,615,0,3283,14,640,26.5,696,0,3203,16,1309,11.0,1189,139.78197308666094,1872,279.5639461733219,1269,280.5639461733219,1785
1229,Alison Gibb,history,Europe,Glasgow,1,4388,0,4385,1.0,4570,1.0,4570,1,4577,0,3283,0,3965,0.5,4588,0,3203,0,4408,0.0,4504,0.5,4572,1.0,4561,2.0,4561
1231,Amy Goode,other,Europe,Glasgow,3,3600,2,3404,43.46262762420146,3264,65.0,3397,4,3855,0,3283,0,3965,2.0,3907,0,3203,2,3459,1.0,3730,21.73131381210073,3366,43.46262762420146,3140,44.46262762420146,3299
1232,Jillian Gordon,other,Europe,Glasgow,9,1992,9,1961,268.5795971402147,1504,665.0,1601,18,1994,0,3283,0,3965,9.0,2114,0,3203,9,2003,4.5,2297,134.28979857010734,1907,268.5795971402147,1323,269.5795971402147,1817
1233,Ufuk Gucbilmez,finance,Europe,Glasgow,6,2677,5,2603,46.65833258915282,3198,113.0,3048,7,3309,0,3283,1,2917,3.5,3382,0,3203,5,2654,2.5,2945,23.32916629457641,3310,46.65833258915282,3070,47.65833258915282,3242
1234,Marco Guidi,multiple-field,Europe,Glasgow,4,3256,3,3094,42.50882261366456,3294,83.0,3240,11,2737,0,3283,0,3965,5.5,2853,0,3203,3,3149,1.5,3437,21.25441130683228,3390,42.50882261366456,3174,43.50882261366456,3323
1235,Cris Hasan,other,Europe,Glasgow,4,3256,2,3404,28.792360097775937,3561,51.0,3547,5,3656,0,3283,0,3965,2.5,3719,0,3203,2,3459,1.0,3730,14.396180048887969,3623,28.792360097775937,3450,29.792360097775937,3563
1236,Takashi Hayashi,micro_theory,Europe,Glasgow,10,1802,12,1604,199.64468437702016,1809,566.0,1724,42,840,1,1576,12,763,21.5,923,1,1424,12,1632,9.5,1356,113.57660367777162,2034,200.15320735554323,1612,400.30641471108646,1490
1237,Pia Helbing,finance,Europe,Glasgow,3,3600,3,3094,64.2339474110069,2921,116.0,3028,9,3018,0,3283,0,3965,4.5,3116,0,3203,3,3149,1.5,3437,32.11697370550345,3074,64.2339474110069,2782,65.2339474110069,2997
1238,Felix Honecker,finance,Europe,Glasgow,1,4388,0,4385,3.0,4440,3.0,4453,2,4322,0,3283,0,3965,1.0,4350,0,3203,0,4408,0.0,4504,1.5,4444,3.0,4407,4.0,4412
1239,Sizhe Hong,finance,Europe,Glasgow,1,4388,0,4385,3.0,4440,3.0,4453,1,4577,0,3283,0,3965,0.5,4588,0,3203,0,4408,0.0,4504,1.5,4444,3.0,4407,4.0,4412
1240,Yu-Lin Hsu,finance,Europe,Glasgow,4,3256,4,2824,93.3702308018996,2568,172.0,2744,14,2384,0,3283,0,3965,7.0,2517,0,3203,4,2882,2.0,3174,46.6851154009498,2762,93.3702308018996,2411,94.3702308018996,2691
1241,Scott Hurrell,labor,Europe,Glasgow,10,1802,10,1828,211.76874179160623,1742,588.0,1695,17,2079,0,3283,0,3965,8.5,2203,0,3203,10,1859,5.0,2147,105.88437089580312,2081,211.76874179160623,1546,212.76874179160623,1990
1242,Reika Igarashi,other,Europe,Glasgow,3,3600,1,3809,21.18962010041709,3755,31.0,3809,5,3656,0,3283,0,3965,2.5,3719,0,3203,1,3860,0.5,4086,10.594810050208546,3793,21.18962010041709,3659,22.18962010041709,3738
1243,Junzhe Ji,multiple-field,Europe,Glasgow,7,2425,6,2423,66.82065548915246,2887,175.0,2728,18,1994,0,3283,0,3965,9.0,2114,0,3203,6,2464,3.0,2752,33.41032774457623,3043,66.82065548915246,2740,67.82065548915246,2968
1244,Marjana Johansson,other,Europe,Glasgow,14,1239,15,1353,209.75700226690884,1749,674.0,1587,23,1634,0,3283,0,3965,11.5,1753,0,3203,15,1379,7.5,1649,104.87850113345442,2088,209.75700226690884,1556,210.75700226690884,1998
1245,Yvonne Joyce,other,Europe,Glasgow,5,2944,4,2824,64.74565622495459,2912,132.0,2945,6,3475,0,3283,0,3965,3.0,3545,0,3203,4,2882,2.0,3174,32.37282811247729,3067,64.74565622495459,2774,65.74565622495459,2991
1246,Gabriel Kaifala,multiple-field,Europe,Glasgow,2,3967,2,3404,17.69180601295413,3867,25.0,3909,3,4085,0,3283,0,3965,1.5,4125,0,3203,2,3459,1.0,3730,8.845903006477066,3897,17.69180601295413,3775,18.69180601295413,3846
1247,Panagiotis Karavitis,finance,Europe,Glasgow,4,3256,1,3809,55.054518434003214,3055,73.0,3328,7,3309,0,3283,0,3965,3.5,3382,0,3203,1,3860,0.5,4086,27.527259217001607,3191,55.054518434003214,2917,56.054518434003214,3111
1248,Paula Karlsson-Brown,other,Europe,Glasgow,2,3967,0,4385,6.48074069840786,4237,10.0,4201,5,3656,0,3283,0,3965,2.5,3719,0,3203,0,4408,0.0,4504,3.24037034920393,4252,6.48074069840786,4190,7.48074069840786,4210
1249,Pantelis Kazakis,finance,Europe,Glasgow,5,2944,4,2824,109.83168941612436,2408,177.0,2720,10,2874,0,3283,0,3965,5.0,2983,0,3203,4,2882,2.0,3174,54.915844708062174,2624,109.83168941612436,2224,110.83168941612436,2544
1250,Sabina Keston-Siebert,other,Europe,Glasgow,15,1141,19,1100,201.89105973271825,1798,732.0,1518,41,868,0,3283,0,3965,20.5,981,0,3203,19,1119,9.5,1356,100.94552986635912,2123,201.89105973271825,1605,202.89105973271825,2036
1251,Dong-Hyu Kim,i_organization,Europe,Glasgow,4,3256,3,3094,106.90182411914212,2439,172.0,2744,11,2737,0,3283,0,3965,5.5,2853,0,3203,3,3149,1.5,3437,53.45091205957107,2649,106.90182411914212,2259,107.90182411914212,2569
1252,Kirsten Kininmonth,history,Europe,Glasgow,5,2944,2,3404,22.60530911091463,3719,47.0,3604,6,3475,0,3283,0,3965,3.0,3545,0,3203,2,3459,1.0,3730,11.302654555457314,3759,22.60530911091463,3615,23.60530911091463,3703
1253,Eleanor Kirk,labor,Europe,Glasgow,6,2677,5,2603,44.328320518603,3243,115.0,3034,17,2079,0,3283,0,3965,8.5,2203,0,3203,5,2654,2.5,2945,22.1641602593015,3347,44.328320518603,3114,45.328320518603,3279
1254,Oleg Kirsanov,macro,Europe,Glasgow,0,4667,0,4385,0.0,4667,0.0,4667,3,4085,0,3283,1,2917,1.5,4125,0,3203,0,4408,0.5,4086,0.0,4667,0.0,4669,1.0,4669
1255,Tatiana Kirsanova,macro,Europe,Glasgow,10,1802,10,1828,106.47534925981694,2442,345.0,2151,25,1518,1,1576,12,763,13.0,1571,1,1424,10,1859,7.5,1649,70.47142079265626,2418,105.94284158531252,2266,211.88568317062504,1995
1256,Georgios Kominis,other,Europe,Glasgow,8,2197,8,2100,108.44814429025514,2422,287.0,2304,15,2273,0,3283,0,3965,7.5,2418,0,3203,8,2146,4.0,2445,54.22407214512757,2635,108.44814429025514,2240,109.44814429025514,2556
1257,Dimitris Korobilis,econometrics,Europe,Glasgow,20,726,27,733,731.6795746773311,658,2263.0,699,33,1137,0,3283,13,700,16.5,1262,0,3203,27,755,14.5,901,365.83978733866553,1238,731.6795746773311,508,732.6795746773311,1114
1258,Marianna Koukou,other,Europe,Glasgow,1,4388,1,3809,14.071247279470288,3979,16.0,4062,3,4085,0,3283,0,3965,1.5,4125,0,3203,1,3860,0.5,4086,7.035623639735144,4001,14.071247279470288,3898,15.071247279470288,3949
1259,Theodore Koutmeridis,behavior-experiment,Europe,Glasgow,1,4388,1,3809,35.0,3424,35.0,3754,1,4577,1,1576,1,2917,1.0,4350,1,1424,1,3860,1.0,3730,35.0,2996,1.0,4561,2.0,4561
1260,Alexander Kovalenkov,micro_theory,Europe,Glasgow,5,2944,4,2824,39.20459156782532,3346,91.0,3190,8,3159,0,3283,4,1786,4.0,3242,0,3203,4,2882,2.0,3174,19.60229578391266,3436,39.20459156782532,3233,40.20459156782532,3373
1261,Lovleen Kushwah,other,Europe,Glasgow,1,4388,1,3809,18.027756377319943,3853,19.0,4007,3,4085,0,3283,0,3965,1.5,4125,0,3203,1,3860,0.5,4086,9.013878188659971,3883,18.027756377319943,3760,19.027756377319943,3833
1262,Saurabh Lall,multiple-field,Europe,Glasgow,8,2197,7,2254,125.12393855693642,2273,342.0,2161,14,2384,0,3283,0,3965,7.0,2517,0,3203,7,2299,3.5,2589,62.56196927846821,2513,125.12393855693642,2097,126.12393855693642,2431
1263,Paul Lavery,finance,Europe,Glasgow,2,3967,0,4385,8.774964387392123,4138,13.0,4130,5,3656,0,3283,0,3965,2.5,3719,0,3203,0,4408,0.0,4504,4.387482193696061,4156,8.774964387392123,4083,9.774964387392124,4116
1264,Jonathan Lee,p_finance,Europe,Glasgow,1,4388,0,4385,4.0,4388,4.0,4413,1,4577,0,3283,0,3965,0.5,4588,0,3203,0,4408,0.0,4504,2.0,4394,4.0,4349,5.0,4360
1265,Campbell Leith,macro,Europe,Glasgow,15,1141,22,952,185.9569842732453,1878,708.0,1548,38,953,0,3283,16,541,19.0,1075,0,3203,22,972,12.5,1053,92.97849213662263,2191,185.9569842732453,1680,186.9569842732453,2104
1266,John Levy,micro_theory,Europe,Glasgow,6,2677,2,3404,49.3051721424842,3150,111.0,3064,21,1766,3,924,8,1097,12.0,1681,2,1039,3,3149,5.5,2026,198.87437399591047,1588,18.556349186104043,3747,66.22539674441617,2984
1267,Dehua Li,finance,Europe,Glasgow,0,4667,0,4385,0.0,4667,0.0,4667,1,4577,0,3283,0,3965,0.5,4588,0,3203,0,4408,0.0,4504,0.0,4667,0.0,4669,1.0,4669
1268,Xinyu Li,finance,Europe,Glasgow,2,3967,2,3404,93.47192091746057,2566,125.0,2973,2,4322,0,3283,0,3965,1.0,4350,0,3203,2,3459,1.0,3730,46.73596045873028,2760,93.47192091746057,2409,94.47192091746057,2689
1269,Yingru Li,other,Europe,Glasgow,3,3600,1,3809,41.641325627314025,3308,58.0,3462,4,3855,0,3283,0,3965,2.0,3907,0,3203,1,3860,0.5,4086,20.82066281365701,3402,41.641325627314025,3188,42.641325627314025,3337
1270,Gillian Maciver,finance,Europe,Glasgow,1,4388,1,3809,63.0,2945,63.0,3415,1,4577,0,3283,0,3965,0.5,4588,0,3203,1,3860,0.5,4086,31.5,3094,63.0,2808,64.0,3018
1271,Donald Maclean,other,Europe,Glasgow,11,1625,12,1604,342.6441302576188,1273,981.0,1291,24,1571,0,3283,0,3965,12.0,1681,0,3203,12,1632,6.0,1923,171.32206512880938,1702,342.6441302576188,1065,343.6441302576188,1610
1272,Farsan Madjdi,other,Europe,Glasgow,4,3256,3,3094,23.021728866442675,3700,46.0,3618,8,3159,0,3283,0,3965,4.0,3242,0,3203,3,3149,1.5,3437,11.510864433221338,3743,23.021728866442675,3598,24.021728866442675,3684
1273,Arpine Maghakyan,multiple-field,Europe,Glasgow,2,3967,1,3809,11.704699910719626,4044,15.0,4081,3,4085,0,3283,0,3965,1.5,4125,0,3203,1,3860,0.5,4086,5.852349955359813,4062,11.704699910719626,3972,12.704699910719626,4015
1274,Jim Malley,macro,Europe,Glasgow,12,1477,18,1155,101.49384217774002,2493,471.0,1885,47,731,0,3283,8,1097,23.5,827,0,3203,18,1177,10.5,1239,50.74692108887001,2694,101.49384217774002,2323,102.49384217774002,2620
1275,Vladimir Maltsev,history,Europe,Glasgow,3,3600,0,4385,11.0,4067,29.0,3841,18,1994,0,3283,4,1786,9.0,2114,0,3203,0,4408,2.0,3174,5.5,4085,11.0,4001,12.0,4041
1276,Suzanne Mccallum,other,Europe,Glasgow,2,3967,2,3404,85.15280382935138,2654,119.0,3011,3,4085,0,3283,0,3965,1.5,4125,0,3203,2,3459,1.0,3730,42.57640191467569,2834,85.15280382935138,2499,86.15280382935138,2761
1277,John Mckernan,other,Europe,Glasgow,11,1625,11,1709,156.30738946063937,2056,464.0,1896,17,2079,0,3283,0,3965,8.5,2203,0,3203,11,1737,5.5,2026,78.15369473031969,2346,156.30738946063937,1874,157.30738946063937,2248
1278,Stephen Mclaughlin,other,Europe,Glasgow,2,3967,0,4385,5.385164807134504,4298,7.0,4303,4,3855,0,3283,0,3965,2.0,3907,0,3203,0,4408,0.0,4504,2.692582403567252,4307,5.385164807134504,4250,6.385164807134504,4264
1279,Robert Mcmaster,multiple-field,Europe,Glasgow,20,726,34,548,596.9472338490228,800,2132.0,735,89,252,0,3283,0,3965,44.5,290,0,3203,34,558,17.0,742,298.4736169245114,1358,596.9472338490228,632,597.9472338490228,1229
1280,Gemma Milne,political_econ,Europe,Glasgow,0,4667,0,4385,0.0,4667,0.0,4667,1,4577,0,3283,0,3965,0.5,4588,0,3203,0,4408,0.0,4504,0.0,4667,0.0,4669,1.0,4669
1281,Elem Miranda,other,Europe,Glasgow,1,4388,1,3809,11.0,4067,11.0,4176,2,4322,0,3283,0,3965,1.0,4350,0,3203,1,3860,0.5,4086,5.5,4085,11.0,4001,12.0,4041
1282,Ioana Moldovan,macro,Europe,Glasgow,3,3600,2,3404,28.687976575562104,3562,43.0,3658,4,3855,0,3283,1,2917,2.0,3907,0,3203,2,3459,1.5,3437,14.343988287781052,3624,28.687976575562104,3451,29.687976575562104,3564
1283,Santiago Montoya-Blandon,econometrics,Europe,Glasgow,2,3967,1,3809,21.93171219946131,3740,29.0,3841,4,3855,0,3283,0,3965,2.0,3907,0,3203,1,3860,0.5,4086,10.965856099730654,3781,21.93171219946131,3643,22.93171219946131,3724
1284,Anna Morgan-Thomas,other,Europe,Glasgow,16,1038,17,1215,1098.5795374027316,447,2637.0,615,30,1275,0,3283,0,3965,15.0,1386,0,3203,17,1241,8.5,1487,549.2897687013658,1048,1098.5795374027316,332,1099.5795374027316,903
1285,Herve Moulin,micro_theory,Europe,Glasgow,40,151,85,104,1132.8671590261588,424,6366.0,262,114,144,7,445,48,55,60.5,151,7,384,85,105,50.0,110,4124.904892990635,477,1111.5057718273815,327,8844.046174619052,269
1286,Hadi Movaghari,finance,Europe,Glasgow,4,3256,1,3809,23.345235059857504,3692,45.0,3632,7,3309,0,3283,0,3965,3.5,3382,0,3203,1,3860,0.5,4086,11.672617529928752,3734,23.345235059857504,3590,24.345235059857504,3676
1287,Muhammad Muttaqin,other,Europe,Glasgow,0,4667,0,4385,0.0,4667,0.0,4667,1,4577,0,3283,0,3965,0.5,4588,0,3203,0,4408,0.0,4504,0.0,4667,0.0,4669,1.0,4669
1288,Shammyla Naeem,finance,Europe,Glasgow,1,4388,0,4385,2.0,4497,2.0,4502,1,4577,0,3283,0,3965,0.5,4588,0,3203,0,4408,0.0,4504,1.0,4501,2.0,4473,3.0,4474
1289,Durga Nagarajan,other,Europe,Glasgow,3,3600,1,3809,13.228756555322953,3999,23.0,3937,6,3475,0,3283,0,3965,3.0,3545,0,3203,1,3860,0.5,4086,6.614378277661476,4019,13.228756555322953,3920,14.228756555322953,3970
1290,Maria Nareklishvili,multiple-field,Europe,Glasgow,1,4388,0,4385,2.23606797749979,4467,3.0,4453,3,4085,0,3283,0,3965,1.5,4125,0,3203,0,4408,0.0,4504,1.118033988749895,4470,2.23606797749979,4440,3.23606797749979,4442
1291,Rose Narooz,i_trade,Europe,Glasgow,4,3256,3,3094,211.0758157629623,1745,377.0,2072,6,3475,0,3283,0,3965,3.0,3545,0,3203,3,3149,1.5,3437,105.53790788148116,2086,211.0758157629623,1551,212.0758157629623,1994
1292,Paulina Navrouzoglou,other,Europe,Glasgow,1,4388,0,4385,1.4142135623730951,4524,2.0,4502,3,4085,0,3283,1,2917,1.5,4125,0,3203,0,4408,0.5,4086,0.7071067811865476,4528,1.4142135623730951,4502,2.414213562373095,4502
1293,David Nicol,other,Europe,Glasgow,4,3256,4,2824,236.37681781426875,1642,316.0,2233,5,3656,0,3283,0,3965,2.5,3719,0,3203,4,2882,2.0,3174,118.18840890713436,2005,236.37681781426875,1446,237.37681781426875,1915
1294,Charles Nolan,macro,Europe,Glasgow,10,1802,11,1709,103.89417693018218,2464,350.0,2137,37,989,1,1576,7,1234,19.0,1075,0,3203,12,1632,7.0,1731,54.92542729723078,2623,104.85085459446157,2279,209.70170918892316,2001
1295,Matt Offord,other,Europe,Glasgow,2,3967,1,3809,13.92838827718412,3989,20.0,3989,3,4085,0,3283,0,3965,1.5,4125,0,3203,1,3860,0.5,4086,6.96419413859206,4010,13.92838827718412,3910,14.92838827718412,3958
1296,Belgin Okay-Somerville,labor,Europe,Glasgow,6,2677,6,2423,138.67948658687772,2167,282.0,2317,15,2273,0,3283,0,3965,7.5,2418,0,3203,6,2464,3.0,2752,69.33974329343886,2430,138.67948658687772,1997,139.67948658687772,2336
1297,Chuks Otioma,development,Europe,Glasgow,4,3256,4,2824,115.69788243524596,2356,186.0,2671,6,3475,0,3283,0,3965,3.0,3545,0,3203,4,2882,2.0,3174,57.848941217622986,2581,115.69788243524596,2172,116.69788243524596,2501
1299,Lee Parker,other,Europe,Glasgow,52,66,126,45,1509.618163642714,297,9369.0,161,211,36,0,3283,0,3965,105.5,40,0,3203,126,48,63.0,63,754.809081821357,941,1509.618163642714,219,1510.618163642714,767
1300,Robert Paton,other,Europe,Glasgow,16,1038,20,1048,239.5161789942383,1634,844.0,1406,45,770,0,3283,0,3965,22.5,866,0,3203,20,1065,10.0,1294,119.75808949711914,1995,239.5161789942383,1437,240.5161789942383,1909
1301,Franziska Paul,political_econ,Europe,Glasgow,4,3256,3,3094,61.806148561449774,2966,114.0,3041,6,3475,0,3283,0,3965,3.0,3545,0,3203,3,3149,1.5,3437,30.903074280724887,3111,61.806148561449774,2831,62.806148561449774,3035
1302,Anthoulla Phella,other,Europe,Glasgow,1,4388,0,4385,1.0,4570,1.0,4570,1,4577,0,3283,0,3965,0.5,4588,0,3203,0,4408,0.0,4504,0.5,4572,1.0,4561,2.0,4561
1303,Melea Press,other,Europe,Glasgow,9,1992,9,1961,171.63041688465364,1975,461.0,1904,17,2079,0,3283,0,3965,8.5,2203,0,3203,9,2003,4.5,2297,85.81520844232682,2271,171.63041688465364,1782,172.63041688465364,2178
1304,Eugenio Proto,multiple-field,Europe,Glasgow,15,1141,18,1155,660.2189030919972,729,1373.0,1015,32,1187,2,1169,10,906,17.0,1221,2,1039,18,1177,11.0,1189,472.2987487845851,1118,658.740435788752,567,1973.221307366256,670
1305,Ana Ramos De Oliveira Dos Santos,micro_theory,Europe,Glasgow,2,3967,0,4385,7.615773105863909,4193,10.0,4201,2,4322,0,3283,0,3965,1.0,4350,0,3203,0,4408,0.0,4504,3.8078865529319534,4210,7.615773105863909,4139,8.615773105863909,4167
1306,Kathleen Riach,other,Europe,Glasgow,25,490,34,548,389.83329770557054,1150,1954.0,775,65,467,0,3283,0,3965,32.5,531,0,3203,34,558,17.0,742,194.91664885278527,1604,389.83329770557054,936,390.83329770557054,1506
1307,Marcelo Rodrigues Dos Santos,multiple-field,Europe,Glasgow,5,2944,4,2824,33.04542328371661,3467,80.0,3267,16,2168,0,3283,7,1234,8.0,2304,0,3203,4,2882,4.5,2297,16.522711641858304,3547,33.04542328371661,3361,34.04542328371661,3483
1308,Graeme Roy,multiple-field,Europe,Glasgow,8,2197,8,2100,47.62352359916263,3181,168.0,2758,32,1187,0,3283,0,3965,16.0,1305,0,3203,8,2146,4.0,2445,23.81176179958132,3293,47.62352359916263,3053,48.62352359916263,3224
1309,Sreevas Sahasranamam,other,Europe,Glasgow,16,1038,20,1048,459.42028688337217,997,1237.0,1093,33,1137,0,3283,0,3965,16.5,1262,0,3203,20,1065,10.0,1294,229.71014344168609,1489,459.42028688337217,804,460.42028688337217,1379
1310,Abrar Ali Saiyed,multiple-field,Europe,Glasgow,7,2425,5,2603,74.65252842335616,2778,181.0,2699,12,2609,0,3283,0,3965,6.0,2731,0,3203,5,2654,2.5,2945,37.32626421167808,2939,74.65252842335616,2635,75.65252842335616,2872
1311,Ozlem Sandikci Turkdogan,other,Europe,Glasgow,18,872,23,906,614.0675858568013,779,1857.0,806,50,671,0,3283,0,3965,25.0,750,0,3203,23,925,11.5,1143,307.03379292840066,1336,614.0675858568013,610,615.0675858568013,1212
1312,Rosalind Searle,other,Europe,Glasgow,19,797,30,633,345.9161748169634,1259,1488.0,954,72,385,0,3283,0,3965,36.0,438,0,3203,30,649,15.0,864,172.9580874084817,1693,345.9161748169634,1052,346.9161748169634,1599
1313,Geethanjali Selvaretnam,multiple-field,Europe,Glasgow,4,3256,2,3404,27.0,3608,55.0,3490,9,3018,0,3283,0,3965,4.5,3116,0,3203,2,3459,1.0,3730,13.5,3662,27.0,3497,28.0,3602
1314,Georgios Sermpinis,finance,Europe,Glasgow,19,797,33,565,609.2651311210908,784,1638.0,884,64,480,0,3283,0,3965,32.0,545,0,3203,33,579,16.5,766,304.6325655605454,1345,609.2651311210908,619,610.2651311210908,1219
1315,Farhad Shafti,other,Europe,Glasgow,6,2677,5,2603,118.05507189443408,2341,213.0,2561,8,3159,0,3283,0,3965,4.0,3242,0,3203,5,2654,2.5,2945,59.02753594721704,2571,118.05507189443408,2159,119.05507189443408,2489
1316,Deirdre Shaw,other,Europe,Glasgow,31,296,40,441,926.1101446372348,544,4184.0,415,56,569,0,3283,0,3965,28.0,646,0,3203,40,448,20.0,589,463.0550723186174,1128,926.1101446372348,404,927.1101446372348,981
1317,Yukun Shi,finance,Europe,Glasgow,17,948,25,816,367.8736196032545,1197,1295.0,1062,42,840,0,3283,0,3965,21.0,953,0,3203,25,834,12.5,1053,183.93680980162725,1645,367.8736196032545,995,368.8736196032545,1546
1318,Noreen Siddiqui,other,Europe,Glasgow,6,2677,4,2824,120.13742131409349,2322,229.0,2502,11,2737,0,3283,0,3965,5.5,2853,0,3203,4,2882,2.0,3174,60.068710657046736,2556,120.13742131409349,2145,121.13742131409349,2476
1319,Melanie Simms,labor,Europe,Glasgow,15,1141,19,1100,253.68090192208007,1569,1000.0,1273,57,557,0,3283,0,3965,28.5,630,0,3203,19,1119,9.5,1356,126.84045096104003,1947,253.68090192208007,1381,254.68090192208007,1857
1320,Anupam Singh,multiple-field,Europe,Glasgow,6,2677,6,2423,418.6406573661952,1090,664.0,1604,9,3018,0,3283,0,3965,4.5,3116,0,3203,6,2464,3.0,2752,209.3203286830976,1551,418.6406573661952,883,419.6406573661952,1457
1321,Alison Smart,other,Europe,Glasgow,10,1802,10,1828,137.95651488784426,2172,404.0,2003,18,1994,0,3283,0,3965,9.0,2114,0,3203,10,1859,5.0,2147,68.97825744392213,2433,137.95651488784426,2001,138.95651488784426,2341
1322,Vladimir Sobota,other,Europe,Glasgow,3,3600,3,3094,42.320207938997655,3300,77.0,3292,11,2737,0,3283,0,3965,5.5,2853,0,3203,3,3149,1.5,3437,21.160103969498827,3396,42.320207938997655,3180,43.320207938997655,3330
1323,Constantine Sorokin,micro_theory,Europe,Glasgow,2,3967,0,4385,3.605551275463989,4413,5.0,4375,4,3855,0,3283,1,2917,2.0,3907,0,3203,0,4408,0.5,4086,1.8027756377319943,4417,3.605551275463989,4374,4.60555127546399,4383
1324,Marina Eliza Spaliara,finance,Europe,Glasgow,10,1802,10,1828,80.78366171448283,2697,248.0,2438,17,2079,0,3283,0,3965,8.5,2203,0,3203,10,1859,5.0,2147,40.391830857241416,2872,80.78366171448283,2549,81.78366171448283,2806
1325,Carsten Sprenger,finance,Europe,Glasgow,3,3600,2,3404,27.184554438136374,3603,45.0,3632,5,3656,0,3283,0,3965,2.5,3719,0,3203,2,3459,1.0,3730,13.592277219068189,3658,27.184554438136374,3493,28.184554438136374,3598
1326,Charalampos Stasinakis,finance,Europe,Glasgow,13,1348,16,1280,190.95549219648015,1852,630.0,1649,32,1187,0,3283,0,3965,16.0,1305,0,3203,16,1309,8.0,1567,95.47774609824008,2169,190.95549219648015,1658,191.95549219648015,2080
1327,Greg Stoner,other,Europe,Glasgow,11,1625,13,1510,257.2508503387307,1554,654.0,1616,28,1363,0,3283,0,3965,14.0,1485,0,3203,13,1535,6.5,1818,128.62542516936534,1940,257.2508503387307,1369,258.2508503387307,1851
1328,Martin Strieborny,multiple-field,Europe,Glasgow,3,3600,3,3094,28.08914381037628,3581,47.0,3604,5,3656,0,3283,0,3965,2.5,3719,0,3203,3,3149,1.5,3437,14.04457190518814,3640,28.08914381037628,3470,29.08914381037628,3579
1329,Arjunan Subramanian,development,Europe,Glasgow,9,1992,9,1961,199.3188400528159,1810,464.0,1896,17,2079,0,3283,1,2917,8.5,2203,0,3203,9,2003,5.0,2147,99.65942002640794,2133,199.3188400528159,1617,200.3188400528159,2045
1330,Yee Kwan Tang,multiple-field,Europe,Glasgow,8,2197,6,2423,1034.6936744756874,487,1265.0,1079,12,2609,0,3283,0,3965,6.0,2731,0,3203,6,2464,3.0,2752,517.3468372378437,1075,1034.6936744756874,356,1035.6936744756874,928
1331,Bart Taub,multiple-field,Europe,Glasgow,12,1477,18,1155,78.50477692471968,2726,419.0,1980,66,453,0,3283,14,640,33.0,516,0,3203,18,1177,12.0,1098,39.25238846235984,2893,78.50477692471968,2580,79.50477692471968,2827
1332,Dania Thomas,multiple-field,Europe,Glasgow,5,2944,5,2603,281.9804957794067,1440,355.0,2125,16,2168,0,3283,0,3965,8.0,2304,0,3203,5,2654,2.5,2945,140.99024788970334,1860,281.9804957794067,1254,282.9804957794067,1773
1333,Helen Traill,other,Europe,Glasgow,3,3600,1,3809,16.673332000533065,3899,32.0,3798,7,3309,0,3283,0,3965,3.5,3382,0,3203,1,3860,0.5,4086,8.336666000266533,3929,16.673332000533065,3811,17.673332000533065,3877
1334,Alex Trew,history,Europe,Glasgow,9,1992,9,1961,91.6624241442479,2581,224.0,2519,12,2609,1,1576,3,2072,6.5,2616,1,1424,9,2003,5.0,2147,100.36370920736566,2128,57.72741841473134,2884,115.45483682946268,2510
1335,Yannis Tsalavoutas,finance,Europe,Glasgow,18,872,20,1048,249.134501825821,1583,1036.0,1249,32,1187,0,3283,0,3965,16.0,1305,0,3203,20,1065,10.0,1294,124.5672509129105,1960,249.134501825821,1394,250.134501825821,1873
1336,John Tsoukalas,macro,Europe,Glasgow,8,2197,6,2423,130.64455595240085,2232,302.0,2262,16,2168,0,3283,4,1786,8.0,2304,0,3203,6,2464,4.0,2445,65.32227797620043,2478,130.64455595240085,2052,131.64455595240085,2390
1337,Serafeim Tsoukas,finance,Europe,Glasgow,13,1348,15,1353,139.04315876734103,2166,523.0,1786,28,1363,0,3283,0,3965,14.0,1485,0,3203,15,1379,7.5,1649,69.52157938367051,2429,139.04315876734103,1995,140.04315876734103,2332
1338,Lauren Tuckerman,other,Europe,Glasgow,4,3256,3,3094,116.98717878468564,2348,164.0,2777,16,2168,0,3283,0,3965,8.0,2304,0,3203,3,3149,1.5,3437,58.49358939234281,2573,116.98717878468564,2165,117.98717878468564,2491
1339,Evangelos Vagenas-Nanos,finance,Europe,Glasgow,8,2197,8,2100,201.63581031156147,1800,457.0,1911,15,2273,0,3283,0,3965,7.5,2418,0,3203,8,2146,4.0,2445,100.81790515578074,2124,201.63581031156147,1606,202.63581031156147,2037
1340,Yiannis Vailakis,micro_theory,Europe,Glasgow,8,2197,7,2254,49.58830507286975,3146,169.0,2753,22,1700,2,1169,6,1392,12.0,1681,1,1424,8,2146,6.0,1923,71.41392761135484,2408,44.03569911396741,3120,129.1070973419022,2408
1341,Cleopatra Veloutsou,other,Europe,Glasgow,36,203,49,305,1400.7969160445778,325,5936.0,279,102,184,0,3283,0,3965,51.0,216,0,3203,49,313,24.5,444,700.3984580222889,963,1400.7969160445778,246,1401.7969160445778,795
1342,Patrick Verwijmeren,finance,Europe,Glasgow,20,726,31,605,355.0887213077881,1225,1506.0,946,50,671,0,3283,6,1392,25.0,750,0,3203,31,620,15.5,820,177.54436065389405,1667,355.0887213077881,1019,356.0887213077881,1569
1343,Dmitri Vinogradov,multiple-field,Europe,Glasgow,9,1992,9,1961,172.45289211839852,1966,420.0,1979,26,1461,0,3283,1,2917,13.0,1571,0,3203,9,2003,4.5,2297,86.22644605919926,2263,172.45289211839852,1776,173.45289211839852,2171
1344,Yadong Wang,finance,Europe,Glasgow,1,4388,1,3809,22.0454076850486,3736,24.0,3921,4,3855,0,3283,0,3965,2.0,3907,0,3203,1,3860,0.5,4086,11.0227038425243,3776,22.0454076850486,3638,23.0454076850486,3720
1345,Karl Warner,i_trade,Europe,Glasgow,2,3967,1,3809,1911.0023547866183,224,1914.0,786,2,4322,0,3283,0,3965,1.0,4350,0,3203,1,3860,0.5,4086,955.5011773933091,865,1911.0023547866183,152,1912.0023547866183,681
1346,Danture Wickramasinghe,other,Europe,Glasgow,20,726,31,605,351.34029088620053,1237,1482.0,960,54,596,0,3283,0,3965,27.0,674,0,3203,31,620,15.5,820,175.67014544310027,1678,351.34029088620053,1030,352.34029088620053,1578
1347,Tanya Wilson,labor,Europe,Glasgow,2,3967,2,3404,180.11662888251047,1921,200.0,2615,3,4085,0,3283,2,2431,1.5,4125,0,3203,2,3459,1.0,3730,90.05831444125523,2225,180.11662888251047,1722,181.11662888251047,2134
1348,Betty Wu,finance,Europe,Glasgow,4,3256,4,2824,30.43024810940588,3520,72.0,3336,10,2874,0,3283,0,3965,5.0,2983,0,3203,4,2882,2.0,3174,15.215124054702938,3585,30.43024810940588,3408,31.43024810940588,3525
1349,Bernd Wurth,other,Europe,Glasgow,6,2677,3,3094,442.9785547856691,1035,540.0,1762,12,2609,0,3283,0,3965,6.0,2731,0,3203,3,3149,1.5,3437,221.4892773928345,1511,442.9785547856691,840,443.9785547856691,1409
1350,Wei Yang,i_organization,Europe,Glasgow,3,3600,3,3094,40.311288741492746,3329,69.0,3358,4,3855,0,3283,0,3965,2.0,3907,0,3203,3,3149,1.5,3437,20.155644370746373,3420,40.311288741492746,3213,41.311288741492746,3358
1351,Wee Meng Yeo,other,Europe,Glasgow,8,2197,7,2254,81.51686941977103,2685,211.0,2568,16,2168,0,3283,0,3965,8.0,2304,0,3203,7,2299,3.5,2589,40.75843470988551,2864,81.51686941977103,2536,82.51686941977103,2793
1352,Hisayuki Yoshimoto,i_organization,Europe,Glasgow,1,4388,0,4385,5.0990195135927845,4310,6.0,4335,5,3656,0,3283,0,3965,2.5,3719,0,3203,0,4408,0.0,4504,2.549509756796392,4319,5.0990195135927845,4266,6.0990195135927845,4276
1353,Roman Zakharenko,multiple-field,Europe,Glasgow,5,2944,3,3094,166.43316977093238,1997,242.0,2463,17,2079,0,3283,0,3965,8.5,2203,0,3203,3,3149,1.5,3437,83.21658488546619,2294,166.43316977093238,1806,167.43316977093238,2197
1354,Abraham Zhang,other,Europe,Glasgow,31,296,48,318,1054.879139996616,469,4666.0,372,59,532,0,3283,0,3965,29.5,601,0,3203,48,326,24.0,461,527.439569998308,1062,1054.879139996616,347,1055.879139996616,921
1355,Anwen Zhang,multiple-field,Europe,Glasgow,10,1802,10,1828,186.22029964533945,1876,498.0,1831,13,2492,1,1576,1,2917,7.0,2517,1,1424,10,1859,5.5,2026,157.07700041242146,1773,173.15400082484288,1767,346.30800164968576,1603
1357,Qijun Zhou,other,Europe,Glasgow,5,2944,4,2824,59.270566050949775,3002,117.0,3021,10,2874,0,3283,0,3965,5.0,2983,0,3203,4,2882,2.0,3174,29.635283025474887,3145,59.270566050949775,2865,60.270566050949775,3068
1358,Sisi Zou,other,Europe,Glasgow,1,4388,0,4385,3.0,4440,3.0,4453,2,4322,0,3283,0,3965,1.0,4350,0,3203,0,4408,0.0,4504,1.5,4444,3.0,4407,4.0,4412
1359,Yanru Zou,other,Europe,Glasgow,2,3967,2,3404,17.233687939614086,3876,25.0,3909,3,4085,0,3283,0,3965,1.5,4125,0,3203,2,3459,1.0,3730,8.616843969807043,3905,17.233687939614086,3786,18.23368793961409,3853
1360,Yihan Zou,finance,Europe,Glasgow,3,3600,1,3809,17.029386365926403,3886,24.0,3921,4,3855,0,3283,0,3965,2.0,3907,0,3203,1,3860,0.5,4086,8.514693182963201,3916,17.029386365926403,3795,18.029386365926403,3862
1361,Andrei Shleifer,multiple-field,North America,Harvard,104,2,151,25,20726.36516613562,1,118123.0,1,166,62,47,5,99,8,106.5,38,45,3,153,24,101.0,18,934743.5972157792,2,16549.085171274568,6,792148.0882211793,1
1362,Ariel Pakes,i_organization,North America,Harvard,26,451,33,565,4462.982410899689,65,9954.0,150,51,654,17,114,28,209,34.0,490,14,128,36,514,28.0,353,55604.54766922815,83,824.2186816470492,452,14547.936269646883,173
1363,Amanda Pallais,labor,North America,Harvard,11,1625,12,1604,521.4652433288339,891,1326.0,1047,14,2384,7,445,10,906,10.5,1890,7,384,12,1632,9.5,1356,5667.359083877192,404,174.1496335622666,1759,1345.1970684981327,815
1364,Amartya Sen,multiple-field,North America,Harvard,65,24,130,41,3138.49565875118,122,20887.0,43,218,32,12,216,23,303,115.0,30,11,201,131,40,72.5,40,27196.27526468643,152,2977.2274786262183,82,38560.95722214084,82
1365,Augustin Bergeron,labor,North America,Harvard,1,4388,1,3809,1874.0,234,1874.0,801,1,4577,0,3283,0,3965,0.5,4588,0,3203,1,3860,0.5,4086,937.0,867,1874.0,155,1875.0,688
1366,Benjamin Enke,multiple-field,North America,Harvard,14,1239,17,1215,1011.173081129042,498,1873.0,802,24,1571,10,280,15,589,17.0,1221,10,231,17,1241,15.0,864,10004.287630806042,306,130.5321533865549,2053,1336.853687252104,822
1367,Benjamin Friedman,macro,North America,Harvard,15,1141,24,859,1063.3484847405389,466,2464.0,654,65,467,5,627,13,700,35.0,460,3,816,26,797,17.0,742,1219.2279795744776,775,1051.9393487685902,348,6287.636092611541,338
1368,Claudia Goldin,history,North America,Harvard,43,122,59,219,2553.392840907956,153,10965.0,129,76,341,21,73,23,303,48.5,239,20,64,60,218,40.5,165,91074.6008272857,56,1160.19489114023,313,25084.287605085057,107
1369,Daniel Graves,finance,North America,Harvard,7,2425,6,2423,155.46703830716015,2063,330.0,2190,13,2492,9,329,13,700,11.0,1825,3,816,12,1632,11.0,1189,1156.9894394546502,794,62.40411969127476,2818,544.0411969127476,1289
1370,David Deming,labor,North America,Harvard,21,669,24,859,1179.9860168663015,404,3821.0,450,29,1320,9,329,12,763,19.0,1075,9,268,24,876,16.5,766,14802.713409402824,238,711.1459962144625,524,7031.459962144625,313
1371,David Cutler,multiple-field,North America,Harvard,77,10,189,13,3828.199838043986,89,26060.0,32,278,17,21,73,43,79,149.5,17,19,73,191,13,110.0,14,55401.63914964976,85,3636.326956168695,66,79559.19303571129,35
1372,David Laibson,multiple-field,North America,Harvard,63,29,97,72,5760.848635400865,40,27589.0,30,118,132,19,95,38,108,68.5,112,18,84,98,74,60.0,69,89585.23023596694,57,4301.266105696843,43,85665.32211393685,30
1373,Edward Glaeser,multiple-field,North America,Harvard,90,7,150,27,5547.289968984856,42,41966.0,10,200,39,28,35,48,55,114.0,32,28,25,150,27,89.0,20,242059.95765428545,20,4519.801976935315,37,130291.25733112411,18
1374,Elhanan Helpman,i_trade,North America,Harvard,45,105,67,173,4519.28423536294,62,19218.0,52,88,257,34,16,54,40,61.0,147,31,16,70,160,54.0,88,236341.6503881228,21,3250.032960030105,75,112596.15360105368,23
1375,Emily Breza,multiple-field,North America,Harvard,13,1348,13,1510,254.161366064947,1566,728.0,1527,16,2168,8,386,9,991,12.0,1681,7,384,14,1453,11.0,1189,2655.0836308829766,570,150.05280708243677,1915,1287.475263741931,840
1376,Eric S. Maskin,micro_theory,North America,Harvard,40,151,63,191,2004.537103672566,212,9137.0,168,99,200,19,95,45,71,59.0,163,18,84,64,192,45.5,136,68863.79002290597,73,1527.110075558147,216,30182.201511162937,96
1377,Gabriel Chodorow-Reich,multiple-field,North America,Harvard,14,1239,15,1353,701.0862999659885,686,1606.0,900,20,1840,8,386,12,763,14.0,1485,7,384,16,1309,12.5,1053,4989.787566300941,432,281.1629550286788,1258,2467.466595258109,595
1378,Gabriel Kreindler,multiple-field,North America,Harvard,7,2425,7,2254,206.3807161534236,1770,411.0,1993,7,3309,1,1576,3,2072,4.0,3242,1,1424,7,2299,4.0,2445,114.04368005850722,2029,207.08736011701444,1568,414.1747202340289,1464
1379,N. Gregory Mankiw,macro,North America,Harvard,47,95,59,219,7985.850987840932,23,17692.0,62,83,282,17,114,42,84,50.0,222,16,105,60,218,41.0,161,82615.20140200444,61,1351.2196221012491,263,24033.953197822484,111
1380,Gita Gopinath,multiple-field,North America,Harvard,20,726,23,906,997.1524457173036,504,3439.0,497,40,899,15,142,17,493,27.5,661,14,128,24,876,20.0,589,31575.964778945563,137,431.1934646291313,860,6675.095434066101,321
1381,Jason Furman,multiple-field,North America,Harvard,4,3256,4,2824,339.08995856557004,1288,428.0,1965,15,2273,0,3283,0,3965,7.5,2418,0,3203,4,2882,2.0,3174,169.54497928278502,1715,339.08995856557004,1082,340.08995856557004,1620
1382,Jeffrey Miron,multiple-field,North America,Harvard,17,948,23,906,463.08854444911503,988,1537.0,934,42,840,2,1169,11,832,22.0,892,2,1039,23,925,14.5,901,695.1928533527804,967,392.3857067055606,931,1174.157120116682,879
1383,Jerry Green,micro_theory,North America,Harvard,13,1348,14,1430,472.7219055639373,968,1104.0,1191,32,1187,3,924,16,541,17.5,1186,2,1039,15,1379,12.0,1098,702.17477312271,962,435.6742423579199,852,1734.6969694316797,722
1384,John Campbell,finance,North America,Harvard,62,32,81,110,5869.737217286648,39,29967.0,24,104,176,20,83,50,47,62.0,141,19,73,82,112,52.5,96,143919.00810770597,33,5116.359779293452,29,107044.55536516248,25
1385,Karen Dynan,multiple-field,North America,Harvard,13,1348,13,1510,676.2765706425146,717,1880.0,798,25,1518,5,627,7,1234,15.0,1386,5,545,13,1535,9.0,1418,4094.7139024567737,478,340.36845409191363,1075,2018.2107245514817,661
1386,Kenneth Rogoff,multiple-field,North America,Harvard,49,85,76,123,6125.659964444648,36,25924.0,33,136,93,18,103,30,187,77.0,83,17,95,77,125,48.5,117,134234.79631184603,37,5203.36517518294,26,98540.93832847588,27
1387,Matthew Rabin,behavior-experiment,North America,Harvard,40,151,50,291,4278.948235255949,72,17134.0,65,60,517,22,67,32,165,41.0,333,22,51,50,299,36.5,210,156958.939972914,31,2259.029503605172,114,51474.67858291895,54
1388,Marc Melitz,i_trade,North America,Harvard,20,726,24,859,7803.296098444554,25,14950.0,85,31,1232,11,246,17,493,21.0,953,11,201,24,876,17.5,716,86581.99801814799,59,474.1220141604154,779,5569.464169924985,374
1389,Myrto Kalouptsidi,i_organization,North America,Harvard,7,2425,5,2603,152.34828518890524,2078,320.0,2217,12,2609,5,627,6,1392,8.5,2203,4,656,6,2464,6.0,1923,1086.1772875822176,825,26.30727575266252,3514,133.8436545159751,2373
1390,Melissa Dell,multiple-field,North America,Harvard,11,1625,11,1709,2140.859173322711,188,4760.0,367,29,1320,7,445,7,1234,18.0,1148,6,456,12,1632,9.5,1356,10186.820459169932,301,1945.9677666222303,145,15519.742132977844,162
1391,Oliver Hart,micro_theory,North America,Harvard,33,250,42,412,2060.008980562949,199,8731.0,175,54,596,21,73,31,175,37.5,409,18,84,45,370,33.0,258,79711.53878696515,63,1184.6060329853915,305,25621.33272567861,105
1392,Oleg Itskhoki,multiple-field,North America,Harvard,17,948,18,1155,809.3880404354885,609,2545.0,642,26,1461,14,160,16,541,20.0,1011,13,148,19,1119,17.0,742,26070.72338734864,158,139.3674598929084,1992,1895.5118983936263,683
1393,Pol Antràs,i_trade,North America,Harvard,27,420,30,633,1460.548184758038,312,5623.0,298,32,1187,20,83,22,327,26.0,718,20,64,30,649,25.5,418,72744.42218077938,69,472.1913311862579,783,9517.017954911416,251
1394,Raj Chetty,labor,North America,Harvard,43,122,51,279,3970.157049790348,83,17857.0,58,64,480,33,18,38,108,48.5,239,32,12,52,280,42.5,151,336273.6068175175,8,2085.076265639267,125,69804.59303173509,40
1395,Richard Freeman,labor,North America,Harvard,50,78,103,63,1282.030420855917,360,8674.0,177,160,68,7,445,16,541,83.5,69,5,545,105,62,56.5,80,6437.729998775181,378,1100.0228725877607,331,8752.182980702086,272
1396,Robert Barro,macro,North America,Harvard,56,49,85,104,9374.978186641289,16,38000.0,13,126,111,23,62,56,36,74.5,90,23,45,85,105,58.0,76,301928.656391598,13,4135.978361236538,49,98735.48066967692,26
1397,Roland Fryer,labor,North America,Harvard,33,250,50,291,1119.7084441942911,433,5317.0,322,56,569,16,128,27,228,36.0,438,16,105,50,299,33.0,258,23168.45673289457,167,940.7572654486148,394,15737.873512626456,158
1398,Rebecca Diamond,econometrics,North America,Harvard,1,4388,1,3809,70.0,2845,70.0,3350,1,4577,0,3283,0,3965,0.5,4588,0,3203,1,3860,0.5,4086,35.0,2996,70.0,2696,71.0,2931
1399,Robin Lee,i_organization,North America,Harvard,9,1992,8,2100,225.935831598266,1683,541.0,1760,10,2874,5,627,8,1097,7.5,2418,4,656,9,2003,7.5,1649,1895.4810951158468,661,82.91662210337407,2523,473.4997326202444,1357
1400,Stefanie Stantcheva,p_finance,North America,Harvard,20,726,24,859,958.8435743123068,523,3185.0,530,26,1461,12,216,15,589,19.0,1075,12,173,24,876,18.5,651,19319.686893460173,195,498.523380733136,750,6337.803949530768,335
1401,Stephen Marglin,multiple-field,North America,Harvard,9,1992,7,2254,1306.4604854338304,349,2439.0,660,22,1700,2,1169,2,2431,12.0,1681,2,1039,7,2299,4.5,2297,1473.7894746504203,721,1256.533379388528,284,3766.600138165584,472
1402,Xavier Gabaix,multiple-field,North America,Harvard,41,139,51,279,2502.6264203831943,157,11629.0,117,60,517,20,83,27,228,40.0,354,20,64,51,289,36.0,215,111744.02948497856,46,1338.6944301088104,266,27713.583032285016,102
1403,Yannai A. Gonczarowski,micro_theory,North America,Harvard,10,1802,10,1828,98.4377976185977,2521,322.0,2209,23,1634,0,3283,3,2072,11.5,1753,0,3203,10,1859,5.5,2026,49.21889880929885,2720,98.4377976185977,2359,99.4377976185977,2650
1404,Lawrence Katz,labor,North America,Harvard,53,62,69,158,4812.50599999626,53,23926.0,36,87,263,30,25,37,116,58.5,168,29,22,70,160,50.5,107,285272.5979559337,17,2739.0961592383537,90,84012.98093638897,32
1405,Shengwu Li,micro_theory,North America,Harvard,6,2677,6,2423,284.52943608702424,1436,489.0,1852,11,2737,5,627,8,1097,8.0,2304,3,816,8,2146,7.5,1649,1336.4760877606263,748,51.292547996410825,2980,283.75528797846493,1771
1406,Neil Shephard,econometrics,North America,Harvard,42,131,68,166,3373.2382068273805,107,14072.0,95,80,301,5,627,24,285,42.5,312,5,545,68,173,38.5,191,13983.051553420835,246,2951.56800362727,83,17685.408021763622,139
1407,Jeremy Stein,finance,North America,Harvard,54,55,66,179,5368.308020223877,43,28879.0,25,76,341,18,103,46,66,47.0,257,18,84,66,184,42.5,151,99364.73907385096,53,4581.195042949622,35,86719.70581604281,29
1408,James Stock,multiple-field,North America,Harvard,59,41,107,59,9352.809470955772,17,38641.0,12,135,95,8,386,44,75,71.5,97,8,320,107,60,59.0,72,52176.13385513207,88,6252.207395658796,22,56206.86656092917,51
1409,Ludwig Straub,macro,North America,Harvard,7,2425,7,2254,275.7571395267945,1475,542.0,1757,14,2384,9,329,11,832,11.5,1753,6,456,10,1859,10.5,1239,3116.5761348794604,539,22.30413469565007,3629,143.04134695650072,2322
1410,Tomasz Strzalecki,micro_theory,North America,Harvard,13,1348,13,1510,248.33445189904683,1586,770.0,1474,16,2168,10,280,13,700,13.0,1571,10,231,13,1535,12.5,1053,5876.162583988579,397,77.14164132637808,2599,749.5580545901589,1101
1411,Lawrence Summers,multiple-field,North America,Harvard,44,113,70,153,2821.649517569466,133,12746.0,105,111,151,12,216,27,228,61.5,143,12,173,70,160,42.5,151,19169.93616230176,196,2747.06818927792,89,35568.88646061296,85
1412,Elie Tamer,econometrics,North America,Harvard,20,726,26,777,697.5077060506213,695,2567.0,637,47,731,13,186,31,175,30.0,588,12,173,27,755,25.5,418,19932.012156382505,190,249.30488780387088,1392,3322.2684292541926,510
1413,Davide Viviano,econometrics,North America,Harvard,2,3967,0,4385,4.69041575982343,4349,8.0,4272,3,4085,1,1576,2,2431,2.0,3907,0,3203,1,3860,1.5,3437,4.121320343559643,4181,5.242640687119285,4255,10.48528137423857,4084
1414,David Yang,political_econ,North America,Harvard,8,2197,8,2100,633.3269297921888,759,1073.0,1222,10,2874,5,627,7,1234,7.5,2418,5,545,8,2146,7.0,1731,2155.273154421168,617,607.4383785915369,621,3620.630271549221,484
1415,Anca Balietti,multiple-field,Europe,Heidelberg,2,3967,2,3404,59.54829972383762,2995,82.0,3250,4,3855,0,3283,0,3965,2.0,3907,0,3203,2,3459,1.0,3730,29.77414986191881,3140,59.54829972383762,2859,60.54829972383762,3063
1416,Christian Conrad,multiple-field,Europe,Heidelberg,15,1141,19,1100,320.6321880285883,1328,1093.0,1201,24,1571,0,3283,5,1568,12.0,1681,0,3203,19,1119,10.0,1294,160.31609401429415,1756,320.6321880285883,1136,321.6321880285883,1670
1417,Axel Dreher,multiple-field,Europe,Heidelberg,58,45,101,69,2495.8076848988185,158,11750.0,115,114,144,0,3283,27,228,57.0,177,0,3203,101,70,51.0,104,1247.9038424494092,771,2495.8076848988185,104,2496.8076848988185,589
1418,Sebastian Ebert,multiple-field,Europe,Heidelberg,11,1625,11,1709,163.74064858794227,2012,453.0,1916,16,2168,2,1169,4,1786,9.0,2114,2,1039,11,1737,7.0,1731,230.2556771193947,1488,154.1873844968761,1890,459.56215349062825,1382
1419,Zeno Enders,macro,Europe,Heidelberg,10,1802,11,1709,181.620483426292,1908,440.0,1940,17,2079,0,3283,11,832,8.5,2203,0,3203,11,1737,8.0,1567,90.81024171314598,2217,181.620483426292,1711,182.620483426292,2127
1420,Switgard Feuerstein,multiple-field,Europe,Heidelberg,6,2677,3,3094,55.10898293381942,3052,113.0,3048,13,2492,0,3283,0,3965,6.5,2616,0,3203,3,3149,1.5,3437,27.55449146690971,3189,55.10898293381942,2915,56.10898293381942,3109
1421,Timo Goeschl,multiple-field,Europe,Heidelberg,20,726,31,605,226.9911892563233,1678,969.0,1302,56,569,0,3283,5,1568,28.0,646,0,3203,31,620,16.5,766,113.49559462816168,2035,226.9911892563233,1483,227.9911892563233,1941
1422,Jörg Oechssler,multiple-field,Europe,Heidelberg,25,490,39,455,599.3020941061361,796,2595.0,629,59,532,1,1576,23,303,30.0,588,1,1424,39,464,24.0,461,430.4798449292849,1166,583.9596898585698,648,1167.9193797171397,881
1423,Christiane Schwieren,behavior-experiment,Europe,Heidelberg,18,872,20,1048,265.5861442169,1521,936.0,1328,38,953,0,3283,1,2917,19.0,1075,0,3203,20,1065,10.0,1294,132.79307210845,1916,265.5861442169,1330,266.5861442169,1826
1424,Stefan Trautmann,behavior-experiment,Europe,Heidelberg,24,528,44,375,576.2308565149908,823,2542.0,643,64,480,2,1169,10,906,33.0,516,2,1039,44,387,23.5,479,1329.5033962742034,752,403.8171225819029,911,1208.451367745709,866
1425,Christoph Vanberg,multiple-field,Europe,Heidelberg,9,1992,6,2423,307.4394249279035,1363,463.0,1898,20,1840,1,1576,10,906,10.5,1890,1,1424,6,2464,7.0,1731,329.0288301696408,1297,53.05766033928148,2947,106.11532067856297,2581
1426,Friedrich Heinemann,multiple-field,Europe,Heidelberg,20,726,39,455,259.62087743477025,1545,1297.0,1061,91,245,0,3283,3,2072,45.5,281,0,3203,39,464,19.5,610,129.81043871738513,1934,259.62087743477025,1355,260.62087743477025,1843
1427,Sebastian Rausch,p_finance,Europe,Heidelberg,24,528,34,548,430.69827025424655,1059,1849.0,812,48,712,1,1576,7,1234,24.5,776,1,1424,34,558,18.0,684,233.1609862405357,1479,431.3219724810714,859,862.6439449621429,1019
1428,Stefan Klonner,development,Europe,Heidelberg,5,2944,4,2824,42.79018579066933,3285,95.0,3161,10,2874,0,3283,5,1568,5.0,2983,0,3203,4,2882,3.5,2589,21.395092895334667,3384,42.79018579066933,3167,43.79018579066933,3317
1429,Rahul Mukherji,political_econ,Europe,Heidelberg,8,2197,8,2100,94.31330765061736,2555,279.0,2327,28,1363,0,3283,0,3965,14.0,1485,0,3203,8,2146,4.0,2445,47.15665382530868,2749,94.31330765061736,2397,95.31330765061736,2680
1431,Enno Mammen,econometrics,Europe,Heidelberg,34,230,66,179,655.7225022827873,734,3902.0,446,131,103,2,1169,12,763,66.5,122,2,1039,66,184,37.0,203,611.6494942970212,1017,649.7437765042595,578,1946.2313295127783,674
1432,Thomas Mayrhofer,other,Europe,Heidelberg,30,323,54,251,922.0103036300624,546,4039.0,430,95,222,0,3283,1,2917,47.5,249,0,3203,54,259,27.0,375,461.0051518150312,1132,922.0103036300624,407,923.0103036300624,983
1433,Xinpeng Xu,multiple-field,Asia,HK PolyU,14,1239,16,1280,181.28154897837783,1913,627.0,1652,36,1023,0,3283,0,3965,18.0,1148,0,3203,16,1309,8.0,1567,90.64077448918891,2219,181.28154897837783,1714,182.28154897837783,2129
1434,Sugata Marjit,multiple-field,Asia,HK PolyU,26,451,68,166,321.87885920016555,1324,2474.0,651,225,30,1,1576,11,832,113.0,34,1,1424,68,173,35.0,228,196.8726055332808,1596,320.7452110665616,1135,641.4904221331232,1188
1435,Mike Fung,other,Asia,HK PolyU,1,4388,0,4385,1.0,4570,1.0,4570,14,2384,0,3283,0,3965,7.0,2517,0,3203,0,4408,0.0,4504,0.5,4572,1.0,4561,2.0,4561
1436,Lei Yang,i_trade,Asia,HK PolyU,7,2425,5,2603,136.71137480107498,2186,256.0,2402,19,1915,0,3283,2,2431,9.5,2035,0,3203,5,2654,2.5,2945,68.35568740053749,2442,136.71137480107498,2009,137.71137480107498,2351
1437,Chi Man Yip,labor,Asia,HK PolyU,0,4667,0,4385,0.0,4667,0.0,4667,1,4577,0,3283,0,3965,0.5,4588,0,3203,0,4408,0.0,4504,0.0,4667,0.0,4669,1.0,4669
1438,Philipp Barteska,labor,Asia,HKU,1,4388,0,4385,7.0,4221,7.0,4303,2,4322,0,3283,1,2917,1.0,4350,0,3203,0,4408,0.5,4086,3.5,4237,7.0,4171,8.0,4195
1439,Hongbin Cai,multiple-field,Asia,HKU,22,617,26,777,1044.6157188172117,477,3596.0,477,31,1232,2,1169,16,541,16.5,1262,2,1039,26,797,14.5,901,1407.8732953163849,736,994.178411375696,373,2979.535234127088,543
1440,Yiming Cao,finance,Asia,HKU,2,3967,2,3404,79.55501241279521,2706,97.0,3145,2,4322,1,1576,1,2917,1.5,4125,1,1424,2,3459,1.5,3437,87.00000000000001,2254,21.0,3670,42.0,3343
1441,Heng Chen,behavior-experiment,Asia,HKU,0,4667,0,4385,0.0,4667,0.0,4667,1,4577,0,3283,1,2917,0.5,4588,0,3203,0,4408,0.5,4086,0.0,4667,0.0,4669,1.0,4669
1442,Stephen Y Chiu,micro_theory,Asia,HKU,6,2677,5,2603,90.34378783292186,2598,196.0,2630,19,1915,1,1576,4,1786,10.0,1962,1,1424,5,2654,4.0,2445,100.98809186181538,2122,42.97618372363071,3159,85.95236744726142,2765
1443,Jie Gong,labor,Asia,HKU,8,2197,7,2254,230.33019775965116,1659,496.0,1836,11,2737,0,3283,4,1786,5.5,2853,0,3203,7,2299,4.0,2445,115.16509887982556,2023,230.33019775965116,1464,231.33019775965116,1929
1444,Naijia Guo,labor,Asia,HKU,5,2944,1,3809,20.71231517720798,3776,53.0,3520,11,2737,1,1576,7,1234,6.0,2731,0,3203,2,3459,4.5,2297,13.246950765959598,3671,21.4939015319192,3651,42.98780306383839,3334
1445,Timothy Doe-Kwong Hau,p_finance,Asia,HKU,9,1992,9,1961,68.15423684555495,2871,181.0,2699,16,2168,0,3283,0,3965,8.0,2304,0,3203,9,2003,4.5,2297,34.077118422777474,3022,68.15423684555495,2724,69.15423684555495,2950
1446,Guojun He,multiple-field,Asia,HKU,22,617,25,816,1238.6298882232738,378,4418.0,395,30,1275,5,627,9,991,17.5,1186,5,545,25,834,15.5,820,5272.3552446425465,421,1029.0893515704574,358,6150.536109422745,345
1447,Carl Heese,micro_theory,Asia,HKU,0,4667,0,4385,0.0,4667,0.0,4667,1,4577,1,1576,1,2917,1.0,4350,0,3203,1,3860,1.0,3730,0.0,4667,1.0,4561,2.0,4561
1448,Chi Pui Ho,macro,Asia,HKU,2,3967,0,4385,8.660254037844387,4142,13.0,4130,5,3656,0,3283,0,3965,2.5,3719,0,3203,0,4408,0.0,4504,4.330127018922194,4158,8.660254037844387,4085,9.660254037844387,4118
1449,Victor Hung,macro,Asia,HKU,2,3967,2,3404,203.84552975231023,1783,253.0,2416,3,4085,0,3283,0,3965,1.5,4125,0,3203,2,3459,1.0,3730,101.92276487615511,2111,203.84552975231023,1586,204.84552975231023,2025
1450,Paul S.H. Lau,multiple-field,Asia,HKU,11,1625,11,1709,92.72000862812727,2572,371.0,2087,34,1095,0,3283,4,1786,17.0,1221,0,3203,11,1737,6.5,1818,46.36000431406365,2767,92.72000862812727,2416,93.72000862812727,2693
1451,Bingjing Li,multiple-field,Asia,HKU,8,2197,8,2100,159.33298465791697,2040,367.0,2096,10,2874,2,1169,4,1786,6.0,2731,0,3203,10,1859,6.0,1923,97.08113553763076,2151,161.1917083267844,1842,480.5751249803532,1352
1452,Haishi Li,i_trade,Asia,HKU,2,3967,1,3809,14.866068747318506,3964,19.0,4007,3,4085,0,3283,3,2072,1.5,4125,0,3203,1,3860,1.5,3437,7.433034373659253,3988,14.866068747318506,3882,15.866068747318506,3936
1453,Jin Li,micro_theory,Asia,HKU,9,1992,9,1961,92.89241088485107,2571,253.0,2416,18,1994,3,924,9,991,10.5,1890,2,1039,10,1859,7.5,1649,207.41108084207636,1561,79.0723339986358,2570,308.2893359945432,1699
1454,Jing Li,finance,Asia,HKU,6,2677,5,2603,245.55651080759395,1598,396.0,2030,11,2737,0,3283,0,3965,5.5,2853,0,3203,5,2654,2.5,2945,122.77825540379698,1968,245.55651080759395,1408,246.55651080759395,1881
1455,Qiyuan Li,econometrics,Asia,HKU,0,4667,0,4385,0.0,4667,0.0,4667,1,4577,0,3283,1,2917,0.5,4588,0,3203,0,4408,0.5,4086,0.0,4667,0.0,4669,1.0,4669
1456,Shuo Li,finance,Asia,HKU,1,4388,1,3809,10.0,4097,10.0,4201,1,4577,0,3283,0,3965,0.5,4588,0,3203,1,3860,0.5,4086,5.0,4116,10.0,4036,11.0,4071
1457,Y. F. Luk,i_finance,Asia,HKU,0,4667,0,4385,0.0,4667,0.0,4667,1,4577,0,3283,0,3965,0.5,4588,0,3203,0,4408,0.0,4504,0.0,4667,0.0,4669,1.0,4669
1458,Ye Luo,econometrics,Asia,HKU,4,3256,2,3404,48.2078831727758,3174,94.0,3169,12,2609,4,749,5,1568,8.0,2304,1,1424,5,2654,5.0,2147,175.92459500115712,1676,27.280893453645632,3492,121.40446726822816,2475
1459,Yulei Luo,macro,Asia,HKU,10,1802,11,1709,104.68524251297316,2458,339.0,2169,31,1232,0,3283,10,906,15.5,1343,0,3203,11,1737,9.0,1418,52.342621256486574,2660,104.68524251297316,2280,105.68524251297316,2585
1460,Chicheng Ma,history,Asia,HKU,8,2197,7,2254,302.4929751250432,1380,634.0,1641,12,2609,0,3283,5,1568,6.0,2731,0,3203,7,2299,4.0,2445,151.2464875625216,1801,302.4929751250432,1181,303.4929751250432,1715
1461,Wataru Miyamoto,macro,Asia,HKU,5,2944,5,2603,103.75933692926144,2467,186.0,2671,8,3159,0,3283,3,2072,4.0,3242,0,3203,5,2654,3.0,2752,51.879668464630726,2671,103.75933692926144,2294,104.75933692926144,2595
1462,Masaki Miyashita,micro_theory,Asia,HKU,1,4388,0,4385,3.1622776601683795,4423,4.0,4413,2,4322,0,3283,1,2917,1.0,4350,0,3203,0,4408,0.5,4086,1.5811388300841898,4427,3.1622776601683795,4383,4.16227766016838,4392
1463,Juan Pantano,labor,Asia,HKU,0,4667,0,4385,0.0,4667,0.0,4667,1,4577,1,1576,1,2917,1.0,4350,0,3203,1,3860,1.0,3730,0.0,4667,1.0,4561,2.0,4561
1464,Wing Suen,micro_theory,Asia,HKU,19,797,32,583,190.77473627291428,1856,1017.0,1264,63,491,7,445,24,285,35.0,460,6,456,33,579,23.0,493,1867.87343024846,664,151.43337564427412,1902,1163.467005154193,882
1465,Chang Sun,i_trade,Asia,HKU,4,3256,2,3404,17.60681686165901,3869,36.0,3736,5,3656,0,3283,2,2431,2.5,3719,0,3203,2,3459,2.0,3174,8.803408430829505,3899,17.60681686165901,3777,18.60681686165901,3848
1466,Balazs Szentes,micro_theory,Asia,HKU,15,1141,17,1215,250.31380305528495,1579,787.0,1449,33,1137,14,160,25,268,23.5,827,11,201,20,1065,20.5,567,4940.147822858764,437,134.19983361053374,2022,1817.9975041580064,696
1467,Heiwai Tang,i_trade,Asia,HKU,13,1348,15,1353,457.2789083261987,1000,1120.0,1181,20,1840,1,1576,2,2431,10.5,1890,1,1424,15,1379,8.0,1567,510.1944009055996,1081,231.3888018111992,1461,462.7776036223983,1377
1468,Clement Yuk Pang Wong,i_finance,Asia,HKU,6,2677,4,2824,108.34666584625482,2423,161.0,2794,6,3475,0,3283,0,3965,3.0,3545,0,3203,4,2882,2.0,3174,54.17333292312741,2636,108.34666584625482,2241,109.34666584625482,2557
1469,Y.C. Richard Wong,multiple-field,Asia,HKU,8,2197,7,2254,73.53910524340094,2792,198.0,2623,16,2168,0,3283,1,2917,8.0,2304,0,3203,7,2299,4.0,2445,36.76955262170047,2952,73.53910524340094,2649,74.53910524340094,2884
1470,Yanhui Wu,multiple-field,Asia,HKU,6,2677,6,2423,306.6838763287043,1368,565.0,1725,10,2874,2,1169,4,1786,6.0,2731,1,1424,7,2299,5.0,2147,349.7151823840509,1260,269.4303647681018,1320,805.2910943043055,1064
1471,Steven Pai Xu,multiple-field,Asia,HKU,3,3600,2,3404,44.654227123532216,3233,66.0,3386,5,3656,0,3283,2,2431,2.5,3719,0,3203,2,3459,1.5,3437,22.327113561766108,3339,44.654227123532216,3104,45.654227123532216,3272
1472,Ping Yu,econometrics,Asia,HKU,10,1802,10,1828,98.01020355044672,2529,294.0,2288,18,1994,0,3283,5,1568,9.0,2114,0,3203,10,1859,5.0,2147,49.005101775223366,2728,98.01020355044672,2368,99.01020355044672,2659
1473,Chi-Wa Yuen,multiple-field,Asia,HKU,7,2425,6,2423,104.95237014951115,2456,243.0,2458,16,2168,0,3283,3,2072,8.0,2304,0,3203,6,2464,3.0,2752,52.47618507475558,2658,104.95237014951115,2276,105.95237014951115,2582
1474,Hongsong Zhang,multiple-field,Asia,HKU,7,2425,5,2603,70.22819946431775,2839,154.0,2816,8,3159,0,3283,7,1234,4.0,3242,0,3203,5,2654,3.5,2589,35.11409973215888,2991,70.22819946431775,2690,71.22819946431775,2925
1475,Lichen Zhang,labor,Asia,HKU,1,4388,0,4385,9.0,4129,9.0,4234,1,4577,0,3283,0,3965,0.5,4588,0,3203,0,4408,0.0,4504,4.5,4147,9.0,4072,10.0,4105
1476,Yifei Zhang,finance,Asia,HKU,9,1992,7,2254,467.520053045856,978,715.0,1543,22,1700,0,3283,0,3965,11.0,1825,0,3203,7,2299,3.5,2589,233.760026522928,1477,467.520053045856,792,468.520053045856,1365
1477,Chen Zhao,micro_theory,Asia,HKU,2,3967,0,4385,8.54400374531753,4151,13.0,4130,6,3475,0,3283,3,2072,3.0,3545,0,3203,0,4408,1.5,3437,4.272001872658765,4167,8.54400374531753,4095,9.54400374531753,4127
1478,Anson Linshuo Zhou,labor,Asia,HKU,1,4388,0,4385,2.0,4497,2.0,4502,2,4322,0,3283,1,2917,1.0,4350,0,3203,0,4408,0.5,4086,1.0,4501,2.0,4473,3.0,4474
1479,Xiaodong Zhu,multiple-field,Asia,HKU,13,1348,14,1430,723.9633968647862,666,2003.0,765,26,1461,3,924,13,700,14.5,1436,2,1039,15,1379,10.0,1294,1334.1118586764553,750,640.229158152701,587,2552.916632610804,581
1480,Wooyoung Lim,behavior-experiment,Asia,HKUST,10,1802,10,1828,97.58585963140357,2530,335.0,2180,26,1461,0,3283,13,700,13.0,1571,0,3203,10,1859,9.0,1418,48.79292981570178,2729,97.58585963140357,2372,98.58585963140357,2662
1481,Albert Park,multiple-field,Asia,HKUST,30,323,48,318,750.9427408264894,645,3727.0,460,65,467,0,3283,10,906,32.5,531,0,3203,48,326,24.0,461,375.4713704132447,1229,750.9427408264894,497,751.9427408264894,1097
1482,David E Cook,macro,Asia,HKUST,11,1625,11,1709,134.6476884316994,2199,440.0,1940,30,1275,0,3283,10,906,15.0,1386,0,3203,11,1737,8.5,1487,67.3238442158497,2450,134.6476884316994,2018,135.6476884316994,2360
1483,Yuk Fai Fong,micro_theory,Asia,HKUST,8,2197,8,2100,91.40021881811882,2585,258.0,2392,20,1840,2,1169,11,832,11.0,1825,2,1039,8,2146,7.5,1649,134.44954484938003,1905,85.90470785361212,2490,254.7141235608364,1856
1484,Jinwoo Kim,micro_theory,Asia,HKUST,13,1348,13,1510,137.00364958642524,2182,450.0,1920,23,1634,6,525,15,589,14.5,1436,5,545,14,1453,11.0,1189,1164.709800077791,792,99.89888178247918,2340,664.2921724773543,1167
1485,Myung Hwan Matt Seo,econometrics,Asia,HKUST,16,1038,20,1048,602.9253685158719,790,1485.0,958,34,1095,1,1576,15,589,17.5,1186,0,3203,21,1017,13.5,969,305.45604986465275,1340,603.9120997293055,625,1207.824199458611,867
1486,Songfa Zhong,behavior-experiment,Asia,HKUST,21,669,25,816,349.72560672618755,1247,1258.0,1084,41,868,4,749,11,832,22.5,866,2,1039,27,755,18.0,684,450.0097852266538,1146,349.2375993428294,1041,1731.1879967141472,724
1487,Pak Hung Au,micro_theory,Asia,HKUST,7,2425,7,2254,92.94622100978609,2570,219.0,2538,15,2273,1,1576,7,1234,8.0,2304,0,3203,8,2146,6.0,1923,50.43005492135456,2699,93.86010984270912,2403,187.7202196854182,2103
1488,Xinyu Hua,micro_theory,Asia,HKUST,7,2425,5,2603,46.46504062195577,3204,121.0,2994,11,2737,0,3283,4,1786,5.5,2853,0,3203,5,2654,3.5,2589,23.23252031097789,3315,46.46504062195577,3076,47.46504062195577,3249
1489,Hyuncheol Bryant Kim,multiple-field,Asia,HKUST,7,2425,6,2423,100.75713374248,2497,224.0,2519,14,2384,0,3283,7,1234,7.0,2517,0,3203,6,2464,4.5,2297,50.37856687124,2700,100.75713374248,2330,101.75713374248,2626
1490,Yao Amber Li,i_trade,Asia,HKUST,11,1625,12,1604,374.5303726001404,1181,893.0,1362,19,1915,0,3283,4,1786,9.5,2035,0,3203,12,1632,6.0,1923,187.2651863000702,1635,374.5303726001404,981,375.5303726001404,1532
1491,Yatang Lin,multiple-field,Asia,HKUST,7,2425,7,2254,380.85036431648587,1169,679.0,1580,15,2273,0,3283,1,2917,7.5,2418,0,3203,7,2299,4.0,2445,190.42518215824293,1624,380.85036431648587,964,381.85036431648587,1523
1492,Yangk. Lu,multiple-field,Asia,HKUST,5,2944,3,3094,44.395945760846224,3241,93.0,3176,7,3309,0,3283,6,1392,3.5,3382,0,3203,3,3149,3.0,2752,22.197972880423112,3345,44.395945760846224,3113,45.395945760846224,3278
1493,Martin Szydlowski,micro_theory,Asia,HKUST,7,2425,6,2423,65.81793068761733,2897,148.0,2842,11,2737,1,1576,8,1097,6.0,2731,1,1424,6,2464,5.5,2026,66.13426869074397,2465,53.26853738148792,2943,106.53707476297583,2577
1494,Peng Wang,econometrics,Asia,HKUST,6,2677,6,2423,138.01811475310043,2171,297.0,2277,8,3159,0,3283,3,2072,4.0,3242,0,3203,6,2464,3.5,2589,69.00905737655022,2432,138.01811475310043,2000,139.01811475310043,2340
1495,Jenny Xu,i_finance,Asia,HKUST,9,1992,8,2100,222.3803048833237,1698,489.0,1852,25,1518,0,3283,6,1392,12.5,1623,0,3203,8,2146,6.0,1923,111.19015244166184,2044,222.3803048833237,1498,223.3803048833237,1955
1496,Tao Zhu,multiple-field,Asia,HKUST,8,2197,7,2254,73.34166619323561,2795,195.0,2635,11,2737,1,1576,9,991,6.0,2731,1,1424,7,2299,5.0,2147,65.74904578762563,2471,66.49809157525127,2747,132.99618315050253,2379
1497,Marc Dordal Carreras,macro,Asia,HKUST,1,4388,1,3809,23.0,3702,23.0,3937,1,4577,0,3283,0,3965,0.5,4588,0,3203,1,3860,0.5,4086,11.5,3745,23.0,3600,24.0,3688
1498,Junlong Feng,econometrics,Asia,HKUST,0,4667,0,4385,0.0,4667,0.0,4667,3,4085,0,3283,2,2431,1.5,4125,0,3203,0,4408,1.0,3730,0.0,4667,0.0,4669,1.0,4669
1499,Robin Kaiji Gong,i_trade,Asia,HKUST,3,3600,3,3094,42.9767378938886,3280,73.0,3328,5,3656,0,3283,1,2917,2.5,3719,0,3203,3,3149,2.0,3174,21.4883689469443,3380,42.9767378938886,3158,43.9767378938886,3312
1500,Kohei Kawaguchi (Sunada),multiple-field,Asia,HKUST,5,2944,3,3094,91.40568910084318,2584,143.0,2870,8,3159,0,3283,1,2917,4.0,3242,0,3203,3,3149,2.0,3174,45.70284455042159,2775,91.40568910084318,2426,92.40568910084318,2702
1501,Byoungchan Lee,macro,Asia,HKUST,3,3600,1,3809,32.83291031876401,3472,46.0,3618,5,3656,0,3283,3,2072,2.5,3719,0,3203,1,3860,1.5,3437,16.416455159382004,3550,32.83291031876401,3366,33.83291031876401,3486
1502,Rui Tang,micro_theory,Asia,HKUST,3,3600,0,4385,7.874007874011811,4188,14.0,4102,5,3656,1,1576,5,1568,3.0,3545,0,3203,1,3860,3.0,2752,8.549509756796391,3912,6.0990195135927845,4215,12.198039027185567,4032
1503,Qinggong Wu,micro_theory,Asia,HKUST,3,3600,1,3809,16.15549442140351,3914,29.0,3841,5,3656,0,3283,2,2431,2.5,3719,0,3203,1,3860,1.0,3730,8.077747210701755,3940,16.15549442140351,3829,17.15549442140351,3889
1504,Xiaoxuan Meng,micro_theory,Asia,HKUST,2,3967,1,3809,20.0,3796,32.0,3798,6,3475,0,3283,1,2917,3.0,3545,0,3203,1,3860,1.0,3730,10.0,3830,20.0,3699,21.0,3778
1505,Wolfgang Keller,multiple-field,Asia,HKUST,21,669,27,733,1802.630300422136,245,5566.0,304,33,1137,5,627,13,700,19.0,1075,5,545,27,755,17.0,742,6914.676616867138,371,1586.297568454464,199,9493.785410726785,253
1506,Carol H. Shiue,history,Asia,HKUST,13,1348,14,1430,217.40055197722012,1714,609.0,1673,21,1766,2,1169,4,1786,11.5,1753,2,1039,14,1453,8.0,1567,504.2688382901132,1086,110.32820500682176,2219,327.98461502046524,1652
1507,Sam Asher,development,Europe,ICL,10,1802,10,1828,323.92283031611095,1316,728.0,1527,12,2609,1,1576,3,2072,6.5,2616,1,1424,10,1859,5.5,2026,359.4790478268516,1250,179.95809565370325,1726,359.9161913074065,1565
1508,James Barlow,other,Europe,ICL,38,176,68,166,901.474347943412,555,5322.0,321,93,233,0,3283,0,3965,46.5,267,0,3203,68,173,34.0,243,450.73717397170606,1145,901.474347943412,416,902.474347943412,998
1509,Esther Bøler,i_trade,Europe,ICL,3,3600,3,3094,162.42536747688152,2026,246.0,2447,4,3855,2,1169,2,2431,3.0,3545,2,1039,3,3149,2.5,2945,351.44657661178906,1256,69.00746227100382,2712,204.02238681301145,2031
1510,Samantha Burn,other,Europe,ICL,1,4388,1,3809,34.0,3449,34.0,3769,1,4577,0,3283,0,3965,0.5,4588,0,3203,1,3860,0.5,4086,17.0,3534,34.0,3345,35.0,3469
1511,Benita Cox,multiple-field,Europe,ICL,16,1038,23,906,247.691340179668,1589,875.0,1375,39,924,0,3283,0,3965,19.5,1041,0,3203,23,925,11.5,1143,123.845670089834,1964,247.691340179668,1399,248.691340179668,1877
1512,William Cox,multiple-field,Europe,ICL,3,3600,0,4385,8.831760866327848,4137,16.0,4062,5,3656,0,3283,0,3965,2.5,3719,0,3203,0,4408,0.0,4504,4.415880433163924,4155,8.831760866327848,4082,9.831760866327848,4115
1513,Laure De Preux,multiple-field,Europe,ICL,9,1992,9,1961,304.1348385173918,1375,744.0,1496,20,1840,0,3283,2,2431,10.0,1962,0,3203,9,2003,4.5,2297,152.0674192586959,1794,304.1348385173918,1177,305.1348385173918,1708
1514,Arianna Gentilini,other,Europe,ICL,5,2944,1,3809,20.37154878746336,3784,51.0,3547,9,3018,0,3283,0,3965,4.5,3116,0,3203,1,3860,0.5,4086,10.18577439373168,3818,20.37154878746336,3686,21.37154878746336,3766
1515,Christoph Goessmann,behavior-experiment,Europe,ICL,1,4388,1,3809,26.019223662515376,3629,27.0,3874,2,4322,0,3283,0,3965,1.0,4350,0,3203,1,3860,0.5,4086,13.009611831257688,3682,26.019223662515376,3522,27.019223662515376,3621
1516,Richard Green,multiple-field,Europe,ICL,28,386,47,332,1041.198828274408,480,3747.0,459,71,395,1,1576,4,1786,36.0,438,1,1424,47,340,24.5,444,1137.8646191288644,802,652.7292382577292,571,1305.4584765154584,833
1517,Mathilde Gressier,multiple-field,Europe,ICL,7,2425,7,2254,91.35097153287424,2588,217.0,2547,9,3018,0,3283,0,3965,4.5,3116,0,3203,7,2299,3.5,2589,45.67548576643712,2778,91.35097153287424,2429,92.35097153287424,2705
1518,Jonathan Haskel,multiple-field,Europe,ICL,29,352,47,332,842.2790511463526,592,3586.0,480,79,311,1,1576,9,991,40.0,354,1,1424,47,340,24.0,461,483.9220165697436,1111,840.8440331394871,441,1681.6880662789742,733
1519,Cloda Jenkins,multiple-field,Europe,ICL,0,4667,0,4385,0.0,4667,0.0,4667,5,3656,0,3283,0,3965,2.5,3719,0,3203,0,4408,0.0,4504,0.0,4667,0.0,4669,1.0,4669
1520,Renáta Kosová,i_organization,Europe,ICL,11,1625,11,1709,237.20244518132608,1639,649.0,1621,14,2384,0,3283,4,1786,7.0,2517,0,3203,11,1737,5.5,2026,118.60122259066304,2002,237.20244518132608,1442,238.20244518132608,1913
1521,Krystal Lau,other,Europe,ICL,4,3256,2,3404,22.22611077089287,3731,42.0,3670,4,3855,0,3283,0,3965,2.0,3907,0,3203,2,3459,1.0,3730,11.113055385446437,3770,22.22611077089287,3632,23.22611077089287,3715
1522,Daniel Laydon,multiple-field,Europe,ICL,28,386,37,484,3839.1931443989633,88,10906.0,131,49,693,0,3283,0,3965,24.5,776,0,3203,37,494,18.5,651,1919.5965721994817,654,3839.1931443989633,59,3840.1931443989633,466
1523,Ralf Martin,multiple-field,Europe,ICL,19,797,22,952,1745.049569496523,254,4204.0,412,29,1320,4,749,8,1097,16.5,1262,4,656,22,972,13.0,1007,4699.341575760783,448,1545.6170082092374,208,7713.085041046187,291
1524,Mario Martínez-Jiménez,multiple-field,Europe,ICL,4,3256,1,3809,28.319604517012596,3574,48.0,3588,7,3309,0,3283,0,3965,3.5,3382,0,3203,1,3860,0.5,4086,14.159802258506296,3635,28.319604517012596,3465,29.319604517012596,3574
1525,Marisa Miraldo,multiple-field,Europe,ICL,23,568,48,318,454.6163217483508,1006,1952.0,776,73,372,0,3283,7,1234,36.5,427,0,3203,48,326,24.5,444,227.3081608741754,1495,454.6163217483508,814,455.6163217483508,1390
1526,Jasmin Moshfegh,i_trade,Europe,ICL,4,3256,4,2824,114.06138698087096,2367,188.0,2663,4,3855,0,3283,0,3965,2.0,3907,0,3203,4,2882,2.0,3174,57.03069349043548,2591,114.06138698087096,2186,115.06138698087096,2512
1527,Mirabelle Muûls,multiple-field,Europe,ICL,12,1477,13,1510,483.609346477092,950,1466.0,973,21,1766,2,1169,3,2072,11.5,1753,2,1039,13,1535,7.5,1649,591.534594092049,1024,447.3324600789841,830,1338.9973802369525,820
1528,Jack Olney,multiple-field,Europe,ICL,5,2944,4,2824,78.7337284776988,2723,163.0,2783,14,2384,0,3283,0,3965,7.0,2517,0,3203,4,2882,2.0,3174,39.3668642388494,2890,78.7337284776988,2578,79.7337284776988,2824
1529,Anita Patel,other,Europe,ICL,37,189,74,134,1181.7588586509517,403,5718.0,289,99,200,0,3283,0,3965,49.5,228,0,3203,74,138,37.0,203,590.8794293254758,1025,1181.7588586509517,308,1182.7588586509517,873
1530,Carol Propper,multiple-field,Europe,ICL,49,85,101,69,1017.9607065108162,493,7138.0,228,124,115,3,924,47,61,63.5,134,3,816,101,70,54.0,88,1773.0019716264624,676,972.632404574022,381,3882.529618296088,462
1531,Dheeya Rizmie,other,Europe,ICL,5,2944,3,3094,156.1633759880978,2057,219.0,2538,8,3159,0,3283,0,3965,4.0,3242,0,3203,3,3149,1.5,3437,78.0816879940489,2347,156.1633759880978,1875,157.1633759880978,2249
1532,Pedro Rosa Dias,multiple-field,Europe,ICL,9,1992,9,1961,128.15615474880636,2250,322.0,2209,16,2168,0,3283,6,1392,8.0,2304,0,3203,9,2003,5.0,2147,64.07807737440318,2498,128.15615474880636,2072,129.15615474880636,2407
1533,Franco Sassi,multiple-field,Europe,ICL,34,230,64,188,2658.7645627245747,144,8437.0,180,108,163,0,3283,0,3965,54.0,198,0,3203,64,192,32.0,272,1329.3822813622874,753,2658.7645627245747,93,2659.7645627245747,572
1534,Alexa Segal,multiple-field,Europe,ICL,6,2677,3,3094,75.43871685016919,2770,145.0,2861,9,3018,0,3283,0,3965,4.5,3116,0,3203,3,3149,1.5,3437,37.71935842508459,2933,75.43871685016919,2627,76.43871685016919,2866
1535,Reza Skandari,multiple-field,Europe,ICL,12,1477,13,1510,272.549078149239,1489,633.0,1643,17,2079,0,3283,0,3965,8.5,2203,0,3203,13,1535,6.5,1818,136.2745390746195,1894,272.549078149239,1308,273.549078149239,1807
1536,Tommaso Valletti,multiple-field,Europe,ICL,32,272,65,185,472.9291701724477,966,2978.0,560,98,208,2,1169,17,493,50.0,222,2,1039,65,188,33.5,251,758.9842742565957,935,410.59393044929095,895,1228.781791347873,856
1537,Andre Veiga,political_econ,Europe,ICL,5,2944,4,2824,121.44134386608212,2309,196.0,2630,10,2874,2,1169,6,1392,6.0,2731,2,1039,4,2882,5.0,2147,170.58790418373133,1707,112.9684639886486,2196,335.9053919659458,1627
1538,Zoey Verdun,development,Europe,ICL,0,4667,0,4385,0.0,4667,0.0,4667,2,4322,0,3283,0,3965,1.0,4350,0,3203,0,4408,0.0,4504,0.0,4667,0.0,4669,1.0,4669
1539,Marie-Laure Allain,i_organization,Europe,IP Paris,7,2425,6,2423,68.46897107449476,2864,172.0,2744,15,2273,1,1576,3,2072,8.0,2304,1,1424,6,2464,4.0,2445,62.26549190084312,2522,61.53098380168623,2836,123.06196760337244,2455
1540,Geoffrey Barrows,i_trade,Europe,IP Paris,6,2677,6,2423,216.00694433281535,1722,473.0,1879,6,3475,0,3283,2,2431,3.0,3545,0,3203,6,2464,3.0,2752,108.00347216640768,2063,216.00694433281535,1527,217.00694433281535,1973
1541,Suzanne Bellue,development,Europe,IP Paris,2,3967,1,3809,88.02272433866155,2623,90.0,3198,3,4085,0,3283,1,2917,1.5,4125,0,3203,1,3860,1.0,3730,44.01136216933077,2813,88.02272433866155,2469,89.02272433866155,2739
1542,Christian Belzil,labor,Europe,IP Paris,12,1477,12,1604,135.5470398053753,2193,445.0,1930,23,1634,1,1576,7,1234,12.0,1681,1,1424,12,1632,7.5,1649,134.71060226318116,1904,110.42120452636226,2218,220.8424090527245,1960
1543,David Bounie,multiple-field,Europe,IP Paris,11,1625,14,1430,127.74584141959376,2253,423.0,1974,35,1061,0,3283,3,2072,17.5,1186,0,3203,14,1453,7.5,1649,63.87292070979689,2500,127.74584141959376,2074,128.74584141959377,2412
1544,Marc Bourreau,i_organization,Europe,IP Paris,19,797,29,665,202.72888299401248,1793,1035.0,1250,70,404,2,1169,5,1568,36.0,438,2,1039,29,684,15.5,820,220.4753859738145,1514,197.81368695778136,1623,590.4410608733442,1240
1545,Pierre Boyer,political_econ,Europe,IP Paris,9,1992,8,2100,87.18371407550839,2632,257.0,2396,21,1766,3,924,5,1568,12.0,1681,2,1039,9,2003,6.0,1923,233.90300295996815,1476,77.95998932764064,2591,303.83995731056257,1714
1546,Béatrice Cherrier,history,Europe,IP Paris,12,1477,14,1430,152.17095649301808,2080,472.0,1881,29,1320,0,3283,3,2072,14.5,1436,0,3203,14,1453,8.0,1567,76.08547824650904,2360,152.17095649301808,1897,153.17095649301808,2263
1547,Philippe Chone,multiple-field,Europe,IP Paris,13,1348,15,1353,353.09063992125306,1232,713.0,1546,27,1408,2,1169,10,906,14.5,1436,2,1039,15,1379,10.0,1294,676.3029259655443,984,100.75221516502808,2331,299.25664549508423,1727
1548,Laurie Ciaramella,i_organization,Europe,IP Paris,2,3967,1,3809,28.635642126552707,3565,34.0,3769,2,4322,0,3283,1,2917,1.0,4350,0,3203,1,3860,1.0,3730,14.317821063276352,3627,28.635642126552707,3454,29.635642126552707,3567
1549,Julien Combe,micro_theory,Europe,IP Paris,2,3967,1,3809,24.474476501040836,3664,35.0,3754,10,2874,2,1169,3,2072,6.0,2731,1,1424,2,3459,2.5,2945,37.14316685104442,2944,6.69041575982343,4185,17.07124727947029,3893
1550,Gregory Corcos,i_trade,Europe,IP Paris,8,2197,7,2254,280.39614833303256,1449,542.0,1757,8,3159,0,3283,3,2072,4.0,3242,0,3203,7,2299,3.5,2589,140.19807416651628,1868,280.39614833303256,1264,281.39614833303256,1781
1551,Bruno Crepon,labor,Europe,IP Paris,16,1038,18,1155,1229.0878731807584,385,2587.0,632,43,813,3,924,8,1097,23.0,848,2,1039,19,1119,11.0,1189,1215.088387608629,776,1200.5742148192735,299,4794.296859277095,406
1552,Patricia Crifo,multiple-field,Europe,IP Paris,16,1038,19,1100,449.9366622092492,1018,1669.0,871,34,1095,0,3283,0,3965,17.0,1221,0,3203,19,1119,9.5,1356,224.96833110462455,1501,449.9366622092492,823,450.9366622092492,1397
1553,Xavier D'Haultfoeuille,econometrics,Europe,IP Paris,16,1038,23,906,2579.9081378994874,150,3712.0,461,33,1137,5,627,14,640,19.0,1075,4,656,24,876,15.0,864,5897.514627626731,396,352.0705980056507,1028,2088.4235880339043,651
1554,Laurent Davezies,multiple-field,Europe,IP Paris,6,2677,4,2824,79.48584779695062,2707,184.0,2679,15,2273,0,3283,2,2431,7.5,2418,0,3203,4,2882,2.5,2945,39.74292389847531,2878,79.48584779695062,2562,80.48584779695062,2812
1555,Myriam Davidovici-Nora,i_organization,Europe,IP Paris,2,3967,0,4385,8.660254037844387,4142,13.0,4130,3,4085,0,3283,0,3965,1.5,4125,0,3203,0,4408,0.0,4504,4.330127018922194,4158,8.660254037844387,4085,9.660254037844387,4118
1556,Bertrand Garbinti,multiple-field,Europe,IP Paris,7,2425,5,2603,131.34306224540373,2227,289.0,2300,13,2492,0,3283,3,2072,6.5,2616,0,3203,5,2654,3.0,2752,65.67153112270186,2474,131.34306224540373,2047,132.34306224540373,2385
1557,Olivier Gossner,micro_theory,Europe,IP Paris,12,1477,17,1215,123.3572048969982,2292,505.0,1823,38,953,5,627,17,493,21.5,923,4,656,18,1177,15.0,864,563.6627535667719,1041,105.96534058774824,2265,611.7920435264894,1216
1558,Lukasz Grzybowski,i_organization,Europe,IP Paris,13,1348,19,1100,175.19417798545703,1949,639.0,1636,36,1023,0,3283,1,2917,18.0,1148,0,3203,19,1119,9.5,1356,87.59708899272852,2249,175.19417798545703,1751,176.19417798545703,2157
1559,Guillaume Hollard,behavior-experiment,Europe,IP Paris,13,1348,17,1215,191.10206696946003,1850,686.0,1572,30,1275,1,1576,3,2072,15.5,1343,1,1424,17,1241,9.0,1418,156.4860324296479,1778,179.97206485929584,1725,359.9441297185917,1564
1560,Thierry Kamionka,labor,Europe,IP Paris,4,3256,2,3404,28.6705423736629,3563,54.0,3505,15,2273,0,3283,0,3965,7.5,2418,0,3203,2,3459,1.0,3730,14.33527118683145,3625,28.6705423736629,3452,29.6705423736629,3565
1561,Yukio Koriyama,micro_theory,Europe,IP Paris,5,2944,3,3094,62.93647591023825,2946,117.0,3021,10,2874,1,1576,3,2072,5.5,2853,1,1424,3,3149,2.5,2945,69.72709790123582,2425,36.45419580247167,3291,72.90839160494335,2906
1562,Ulrich Laitenberger,i_organization,Europe,IP Paris,7,2425,7,2254,67.468511173732,2878,172.0,2744,15,2273,0,3283,1,2917,7.5,2418,0,3203,7,2299,4.0,2445,33.734255586866,3033,67.468511173732,2732,68.468511173732,2958
1563,Elia Lapenta,econometrics,Europe,IP Paris,1,4388,0,4385,2.23606797749979,4467,3.0,4453,4,3855,0,3283,0,3965,2.0,3907,0,3203,0,4408,0.0,4504,1.118033988749895,4470,2.23606797749979,4440,3.23606797749979,4442
1564,Yves Le Yaouanq,micro_theory,Europe,IP Paris,6,2677,4,2824,42.731721238442994,3287,90.0,3198,7,3309,2,1169,5,1568,4.5,3116,1,1424,5,2654,4.0,2445,62.95236942592611,2508,41.57271787481876,3190,121.71815362445628,2471
1565,Laurent Linnemer,multiple-field,Europe,IP Paris,13,1348,15,1353,143.09088021254183,2142,477.0,1871,33,1137,0,3283,8,1097,16.5,1262,0,3203,15,1379,9.0,1418,71.54544010627092,2406,143.09088021254183,1963,144.09088021254183,2315
1566,Olivier Loisel,macro,Europe,IP Paris,7,2425,4,2824,82.22530024268686,2678,149.0,2836,14,2384,0,3283,4,1786,7.0,2517,0,3203,4,2882,4.0,2445,41.11265012134343,2854,82.22530024268686,2530,83.22530024268686,2787
1567,Georgy Lukyanov,micro_theory,Europe,IP Paris,1,4388,0,4385,1.0,4570,1.0,4570,4,3855,0,3283,1,2917,2.0,3907,0,3203,0,4408,0.5,4086,0.5,4572,1.0,4561,2.0,4561
1568,Clément Malgouyres,multiple-field,Europe,IP Paris,7,2425,5,2603,85.13518661517105,2655,188.0,2663,15,2273,3,924,8,1097,9.0,2114,0,3203,8,2146,6.5,1818,62.43996630827546,2518,88.0235261559999,2468,344.0941046239996,1608
1569,Franck Malherbet,labor,Europe,IP Paris,7,2425,7,2254,81.51686941977103,2685,193.0,2644,13,2492,0,3283,4,1786,6.5,2616,0,3203,7,2299,4.0,2445,40.75843470988551,2864,81.51686941977103,2536,82.51686941977103,2793
1570,Jean-Baptiste Michau,multiple-field,Europe,IP Paris,5,2944,3,3094,29.61418578992169,3546,69.0,3358,11,2737,0,3283,4,1786,5.5,2853,0,3203,3,3149,2.0,3174,14.807092894960848,3606,29.61418578992169,3431,30.61418578992169,3547
1571,Matias Nunez,micro_theory,Europe,IP Paris,7,2425,3,3094,29.58039891549808,3547,99.0,3133,22,1700,0,3283,6,1392,11.0,1825,0,3203,3,3149,4.5,2297,14.79019945774904,3607,29.58039891549808,3432,30.58039891549808,3548
1572,Etienne Ollion,other,Europe,IP Paris,9,1992,9,1961,548.601859275012,857,792.0,1445,31,1232,0,3283,0,3965,15.5,1343,0,3203,9,2003,4.5,2297,274.300929637506,1400,548.601859275012,683,549.601859275012,1280
1573,Lea Pessin,labor,Europe,IP Paris,3,3600,0,4385,11.704699910719626,4044,19.0,4007,3,4085,0,3283,0,3965,1.5,4125,0,3203,0,4408,0.0,4504,5.852349955359813,4062,11.704699910719626,3972,12.704699910719626,4015
1574,Ivaylo Petev,other,Europe,IP Paris,4,3256,4,2824,53.879495172096775,3074,95.0,3161,7,3309,0,3283,0,3965,3.5,3382,0,3203,4,2882,2.0,3174,26.939747586048387,3205,53.879495172096775,2932,54.879495172096775,3131
1575,Patrick Prag,labor,Europe,IP Paris,21,669,27,733,317.96068939414505,1336,1327.0,1045,43,813,0,3283,0,3965,21.5,923,0,3203,27,755,13.5,969,158.98034469707252,1764,317.96068939414505,1143,318.96068939414505,1675
1576,Julien Prat,multiple-field,Europe,IP Paris,10,1802,10,1828,228.1907097144842,1668,567.0,1722,23,1634,1,1576,8,1097,12.0,1681,1,1424,10,1859,6.0,1923,170.08065225097462,1712,221.1613045019492,1501,442.3226090038984,1410
1577,Roland Rathelot,labor,Europe,IP Paris,13,1348,16,1280,361.8438889908188,1213,1013.0,1266,26,1461,2,1169,8,1097,14.0,1485,2,1039,16,1309,10.0,1294,936.3275187917404,868,184.75119698650403,1691,551.253590959512,1277
1578,Alessandro Riboni,political_econ,Europe,IP Paris,9,1992,8,2100,95.64517760974674,2546,262.0,2375,16,2168,4,749,13,700,10.0,1962,3,816,9,2003,8.5,1487,324.5580699811373,1309,67.54525946126901,2731,322.72629730634503,1667
1580,Nicolas Robette,other,Europe,IP Paris,7,2425,6,2423,77.63375554486592,2738,189.0,2658,16,2168,0,3283,0,3965,8.0,2304,0,3203,6,2464,3.0,2752,38.81687777243296,2904,77.63375554486592,2594,78.63375554486592,2839
1581,Michelangelo Rossi,behavior-experiment,Europe,IP Paris,3,3600,0,4385,8.426149773176359,4157,15.0,4081,5,3656,0,3283,0,3965,2.5,3719,0,3203,0,4408,0.0,4504,4.21307488658818,4173,8.426149773176359,4101,9.42614977317636,4133
1582,Pauline Rossi,development,Europe,IP Paris,6,2677,3,3094,68.15423684555495,2871,137.0,2918,8,3159,2,1169,6,1392,5.0,2983,1,1424,4,2882,4.5,2297,67.69779172119092,2447,65.39558344238185,2761,193.18675032714555,2076
1583,Benoît Schmutz,multiple-field,Europe,IP Paris,5,2944,3,3094,99.503768772846,2511,181.0,2699,9,3018,1,1576,2,2431,5.0,2983,1,1424,3,3149,2.5,2945,78.27578661429125,2344,95.55157322858253,2387,191.10314645716505,2086
1584,Sara Signorelli,labor,Europe,IP Paris,2,3967,0,4385,6.4031242374328485,4247,9.0,4234,2,4322,0,3283,2,2431,1.0,4350,0,3203,0,4408,1.0,3730,3.2015621187164243,4260,6.4031242374328485,4198,7.403124237432848,4218
1585,Anna Simoni,econometrics,Europe,IP Paris,7,2425,6,2423,59.91660871578097,2988,172.0,2744,15,2273,0,3283,7,1234,7.5,2418,0,3203,6,2464,5.0,2147,29.958304357890484,3133,59.91660871578097,2853,60.91660871578097,3056
1586,Emmanuelle Taugourdeau,p_finance,Europe,IP Paris,8,2197,8,2100,88.9831444712986,2610,218.0,2544,22,1700,0,3283,1,2917,11.0,1825,0,3203,8,2146,4.5,2297,44.4915722356493,2800,88.9831444712986,2455,89.9831444712986,2725
1587,Paola Tubaro,multiple-field,Europe,IP Paris,18,872,28,696,333.91465975605206,1297,1285.0,1066,58,546,0,3283,0,3965,29.0,616,0,3203,28,718,14.0,936,166.95732987802603,1729,333.91465975605206,1092,334.91465975605206,1630
1588,Arne Uhlendorff,labor,Europe,IP Paris,15,1141,15,1353,264.274478525642,1526,789.0,1447,28,1363,0,3283,6,1392,14.0,1485,0,3203,15,1379,9.5,1356,132.137239262821,1920,264.274478525642,1339,265.274478525642,1832
1589,Michael Visser,multiple-field,Europe,IP Paris,12,1477,13,1510,390.0064102037298,1149,905.0,1351,29,1320,1,1576,10,906,15.0,1386,1,1424,13,1535,8.5,1487,234.92266499818945,1472,388.8453299963789,941,777.6906599927577,1078
1590,Patrick Waelbroeck,i_organization,Europe,IP Paris,11,1625,12,1604,340.9076121180048,1282,866.0,1387,29,1320,0,3283,1,2917,14.5,1436,0,3203,12,1632,6.0,1923,170.4538060590024,1709,340.9076121180048,1072,341.9076121180048,1615
1591,Laurence M. Ball,macro,North America,JHU,28,386,38,469,752.0870960201352,644,3285.0,516,45,770,8,386,21,355,26.5,696,8,320,38,480,23.5,479,4974.541607255411,434,648.2007497652592,579,5770.806747887333,364
1592,Robert J. Barbera,macro,North America,JHU,2,3967,0,4385,4.123105625617661,4372,7.0,4303,3,4085,0,3283,0,3965,1.5,4125,0,3203,0,4408,0.0,4504,2.0615528128088303,4377,4.123105625617661,4333,5.123105625617661,4345
1593,Maria Betto,micro_theory,North America,JHU,1,4388,0,4385,2.0,4497,2.0,4502,1,4577,0,3283,0,3965,0.5,4588,0,3203,0,4408,0.0,4504,1.0,4501,2.0,4473,3.0,4474
1594,Francesco Bianchi,macro,North America,JHU,19,797,23,906,275.09634675873104,1479,1076.0,1220,26,1461,7,445,17,493,16.5,1262,7,384,23,925,15.0,864,2867.224674288418,556,193.33303518163385,1644,1498.6642814530708,771
1595,Christopher Carroll,macro,North America,JHU,26,451,27,733,1314.963117353487,347,4930.0,354,35,1061,8,386,16,541,21.5,923,8,320,27,755,17.5,716,16743.59865979281,217,693.6595365048166,544,6179.93582854335,344
1596,Brendan Daley,micro_theory,North America,JHU,9,1992,9,1961,164.57824886661055,2007,404.0,2003,14,2384,3,924,8,1097,8.5,2203,3,816,9,2003,6.5,1818,656.9818791178592,992,73.57619995437555,2648,286.3047998175022,1765
1597,Giovanna Maria Dora Dore,multiple-field,North America,JHU,4,3256,0,4385,10.246950765959598,4088,27.0,3874,15,2273,0,3283,0,3965,7.5,2418,0,3203,0,4408,0.0,4504,5.123475382979799,4104,10.246950765959598,4024,11.246950765959598,4060
1598,Greg Duffee,finance,North America,JHU,15,1141,15,1353,939.7733769372272,537,2342.0,682,19,1915,0,3283,10,906,9.5,2035,0,3203,15,1379,8.5,1487,469.88668846861367,1121,939.7733769372272,396,940.7733769372272,970
1599,Jonathan Elliott,i_organization,North America,JHU,0,4667,0,4385,0.0,4667,0.0,4667,1,4577,1,1576,1,2917,1.0,4350,0,3203,1,3860,1.0,3730,0.0,4667,1.0,4561,2.0,4561
1600,Sohani Fatehin,p_finance,North America,JHU,4,3256,3,3094,37.77565353504821,3376,63.0,3415,5,3656,0,3283,0,3965,2.5,3719,0,3203,3,3149,1.5,3437,18.887826767524103,3468,37.77565353504821,3265,38.77565353504821,3404
1601,Joshua Feinman,macro,North America,JHU,1,4388,0,4385,5.0,4330,5.0,4375,1,4577,0,3283,0,3965,0.5,4588,0,3203,0,4408,0.0,4504,2.5,4337,5.0,4288,6.0,4300
1602,Stelios Fourakis,i_finance,North America,JHU,1,4388,1,3809,16.0,3924,16.0,4062,1,4577,0,3283,0,3965,0.5,4588,0,3203,1,3860,0.5,4086,8.0,3952,16.0,3840,17.0,3899
1603,Domenico Giannone,macro,North America,JHU,35,216,43,396,1363.19661091128,335,5827.0,285,54,596,2,1169,18,453,28.0,646,2,1039,43,408,23.0,493,1503.7869710164657,716,1308.5798865741046,268,3922.739659722314,460
1605,Yingyao Hu,econometrics,North America,JHU,18,872,27,733,296.974746401104,1398,1172.0,1139,56,569,2,1169,22,327,29.0,616,2,1039,27,755,18.5,651,530.9498095196851,1060,224.2476096609365,1490,669.7428289828096,1165
1606,Yujung Hwang,micro_theory,North America,JHU,0,4667,0,4385,0.0,4667,0.0,4667,1,4577,0,3283,0,3965,0.5,4588,0,3203,0,4408,0.0,4504,0.0,4667,0.0,4669,1.0,4669
1607,Adam Isen,labor,North America,JHU,9,1992,9,1961,282.06204991100805,1439,657.0,1612,13,2492,5,627,9,991,9.0,2114,5,545,9,2003,7.5,1649,1455.076758729519,724,164.427099327561,1816,962.562595965366,958
1608,Olivier Jeanne,i_finance,North America,JHU,32,272,44,375,653.6390441214478,737,3324.0,511,54,596,12,216,25,268,33.0,516,12,173,44,387,28.0,353,11267.52257114262,285,540.3095683403812,695,6881.024388424956,318
1609,Edi Karni,micro_theory,North America,JHU,25,490,52,269,438.5954856128823,1043,2250.0,704,110,156,8,386,33,157,59.0,163,8,320,52,280,35.5,221,3968.476074617398,486,388.1881113343762,943,3430.693002009385,499
1610,M. Ali Khan,micro_theory,North America,JHU,20,726,58,227,242.67467935489276,1615,1801.0,825,162,67,3,924,25,268,82.5,71,3,816,58,228,36.5,210,322.638178988845,1312,242.409690697766,1426,961.638762791064,959
1611,Elena Krasnokutskaya,i_organization,North America,JHU,6,2677,5,2603,208.1730049742281,1755,342.0,2161,9,3018,3,924,7,1234,6.0,2731,3,816,5,2654,5.0,2147,764.3050353240071,933,22.570385790780925,3617,82.2815431631237,2801
1612,Lixiong Li,econometrics,North America,JHU,1,4388,0,4385,2.0,4497,2.0,4502,1,4577,0,3283,0,3965,0.5,4588,0,3203,0,4408,0.0,4504,1.0,4501,2.0,4473,3.0,4474
1613,Anna Lipinska,macro,North America,JHU,3,3600,0,4385,12.0,4037,24.0,3921,7,3309,0,3283,3,2072,3.5,3382,0,3203,0,4408,1.5,3437,6.0,4056,12.0,3963,13.0,4008
1614,Robert A. Moffitt,multiple-field,North America,JHU,34,230,71,148,935.8664434629547,539,4908.0,357,132,100,8,386,30,187,70.0,103,3,816,76,130,43.5,146,1130.3850198123732,809,937.0925680469088,397,8370.83311242218,280
1615,Nicholas Papageorge,labor,North America,JHU,13,1348,13,1510,590.0262706015725,808,1357.0,1027,21,1766,3,924,7,1234,12.0,1681,2,1039,14,1453,9.5,1356,533.0069628125932,1058,588.3417805009309,643,2345.367122003724,610
1616,Seth Richards-Shubik,multiple-field,North America,JHU,9,1992,9,1961,131.12589370524802,2228,366.0,2099,20,1840,2,1169,9,991,11.0,1825,1,1424,10,1859,8.0,1567,125.4766322730382,1952,125.8587905640936,2088,374.5763716922808,1534
1617,Hellen Seshie-Nasser,development,North America,JHU,2,3967,2,3404,19.849433241279208,3801,28.0,3857,2,4322,0,3283,0,3965,1.0,4350,0,3203,2,3459,1.0,3730,9.924716620639604,3834,19.849433241279208,3703,20.849433241279208,3785
1618,Richard Spady,econometrics,North America,JHU,6,2677,4,2824,256.1952380509833,1557,382.0,2062,12,2609,3,924,4,1786,7.5,2418,2,1039,5,2654,4.5,2297,526.0510058104666,1064,69.63332499583073,2703,270.53329998332293,1816
1619,Jonathan Wright,multiple-field,North America,JHU,34,230,54,251,2762.6805823330355,138,7506.0,208,87,263,5,627,37,116,46.0,276,5,545,54,259,34.5,235,2443.7317618617926,589,2757.79131065179,88,16522.74786391074,149
1620,Mark Gersovitz,multiple-field,North America,JHU,17,948,17,1215,1145.02576390228,417,2232.0,708,41,868,3,924,14,640,22.0,892,1,1424,19,1119,12.5,1053,1336.9127999779002,747,383.372186154561,957,1525.488744618244,765
1621,Bruce W. Hamilton,multiple-field,North America,JHU,9,1992,9,1961,550.7422264544457,850,1173.0,1136,18,1994,3,924,5,1568,10.5,1890,2,1039,10,1859,7.0,1731,1042.803147100149,835,379.4731066092238,969,1509.8924264368952,768
1622,Louis Maccini,macro,North America,JHU,10,1802,10,1828,165.14841809717706,2005,394.0,2034,20,1840,4,749,12,763,12.0,1681,4,656,10,1859,9.0,1418,379.8271031371391,1221,164.0593639872407,1820,805.2968199362034,1063
1623,H. Peyton Young,micro_theory,North America,JHU,34,230,52,269,1465.8734597501928,309,7071.0,230,80,301,6,525,26,250,43.0,305,6,456,52,280,30.5,304,3790.776273067666,497,1386.673386431418,251,9671.713705019927,246
1624,Andrew Ching,i_organization,North America,JHU,19,797,24,859,245.63794495150785,1597,1034.0,1251,37,989,1,1576,3,2072,19.0,1075,1,1424,24,876,12.5,1053,195.29380894957396,1603,233.58761789914783,1457,467.1752357982957,1368
1625,Itay Fainmesser,micro_theory,North America,JHU,8,2197,7,2254,134.82581355215328,2195,302.0,2262,10,2874,1,1576,4,1786,5.5,2853,1,1424,7,2299,5.5,2026,146.0851448903142,1834,89.17028978062848,2452,178.34057956125696,2145
1626,Michael Keane,multiple-field,North America,JHU,72,13,176,16,2064.7956315335423,197,17385.0,63,214,35,24,56,126,3,119.0,27,24,40,176,17,111.0,12,62221.26803873031,79,1786.366874404986,168,44084.17186012465,70
1627,Pravin Krishna,i_trade,North America,JHU,16,1038,20,1048,427.7358998260492,1064,1262.0,1082,38,953,5,627,10,906,21.5,923,5,545,20,1065,13.0,1007,1415.0387598055895,734,328.3929498303882,1108,1946.357698982329,673
1628,Alessandro Rebucci,multiple-field,North America,JHU,14,1239,19,1100,450.9922394010789,1015,1302.0,1056,33,1137,0,3283,5,1568,16.5,1262,0,3203,19,1119,10.0,1294,225.49611970053945,1499,450.9922394010789,819,451.9922394010789,1395
1629,Shubhranshu Singh,micro_theory,North America,JHU,6,2677,4,2824,56.02677931132576,3041,135.0,2930,9,3018,0,3283,0,3965,4.5,3116,0,3203,4,2882,2.0,3174,28.01338965566288,3178,56.02677931132576,2902,57.02677931132576,3099
1630,Antonio Trujillo,multiple-field,North America,JHU,17,948,32,583,331.4241994785535,1305,1286.0,1065,102,184,0,3283,1,2917,51.0,216,0,3203,32,600,16.0,788,165.71209973927674,1736,331.4241994785535,1098,332.4241994785535,1638
1631,Youngsun Kwon,multiple-field,Asia,KAIST,8,2197,7,2254,157.13688300332294,2051,314.0,2237,25,1518,0,3283,0,3965,12.5,1623,0,3203,7,2299,3.5,2589,78.56844150166147,2341,157.13688300332294,1866,158.13688300332294,2243
1632,Ryoonhee Kim,finance,Asia,KAIST,5,2944,3,3094,36.4417343165772,3400,74.0,3321,8,3159,0,3283,0,3965,4.0,3242,0,3203,3,3149,1.5,3437,18.2208671582886,3490,36.4417343165772,3292,37.4417343165772,3422
1633,Wonjoon Kim,multiple-field,Asia,KAIST,23,568,35,527,456.08113313313015,1003,2112.0,738,59,532,0,3283,0,3965,29.5,601,0,3203,35,538,17.5,716,228.04056656656508,1492,456.08113313313015,808,457.08113313313015,1387
1634,Jihee Kim,multiple-field,Asia,KAIST,9,1992,8,2100,134.75904422338414,2197,318.0,2224,21,1766,1,1576,1,2917,11.0,1825,1,1424,8,2146,4.5,2297,150.61882350752475,1805,64.2376470150495,2781,128.475294030099,2415
1635,Kevin Kim,finance,Asia,KAIST,5,2944,2,3404,54.43344560102732,3066,93.0,3176,10,2874,0,3283,0,3965,5.0,2983,0,3203,2,3459,1.0,3730,27.216722800513654,3201,54.43344560102732,2928,55.43344560102732,3123
1636,Hyejin Kim,multiple-field,Asia,KAIST,7,2425,5,2603,48.33218389437829,3170,144.0,2864,22,1700,0,3283,0,3965,11.0,1825,0,3203,5,2654,2.5,2945,24.166091947189145,3285,48.33218389437829,3043,49.33218389437829,3214
1637,Chanhoo Song,multiple-field,Asia,KAIST,6,2677,5,2603,99.6393496566492,2506,220.0,2532,9,3018,0,3283,0,3965,4.5,3116,0,3203,5,2654,2.5,2945,49.8196748283246,2709,99.6393496566492,2344,100.6393496566492,2637
1638,Jiyong Eom,other,Asia,KAIST,42,131,68,166,4158.841785882219,76,9475.0,158,94,227,0,3283,0,3965,47.0,257,0,3203,68,173,34.0,243,2079.4208929411093,629,4158.841785882219,48,4159.841785882219,444
1639,Narae Lee,multiple-field,Asia,KAIST,3,3600,1,3809,81.11719916269298,2694,88.0,3209,6,3475,0,3283,0,3965,3.0,3545,0,3203,1,3860,0.5,4086,40.55859958134649,2870,81.11719916269298,2546,82.11719916269298,2804
1640,Dukhee Lee,multiple-field,Asia,KAIST,18,872,25,816,250.06199231390605,1580,1163.0,1146,61,505,0,3283,0,3965,30.5,577,0,3203,25,834,12.5,1053,125.03099615695302,1955,250.06199231390605,1389,251.06199231390605,1868
1641,Sujin Lee,other,Asia,KAIST,13,1348,14,1430,125.02399769644228,2274,431.0,1957,23,1634,0,3283,0,3965,11.5,1753,0,3203,14,1453,7.0,1731,62.51199884822113,2514,125.02399769644228,2098,126.02399769644228,2432
1642,Chulho Lee,i_organization,Asia,KAIST,6,2677,6,2423,129.84221193433206,2238,297.0,2277,18,1994,0,3283,0,3965,9.0,2114,0,3203,6,2464,3.0,2752,64.92110596716603,2484,129.84221193433206,2058,130.84221193433206,2396
1643,Seungwon Jeong,micro_theory,Asia,KAIST,2,3967,0,4385,5.0,4330,9.0,4234,6,3475,0,3283,3,2072,3.0,3545,0,3203,0,4408,1.5,3437,2.5,4337,5.0,4288,6.0,4300
1644,Jaeyong Choung,development,Asia,KAIST,14,1239,16,1280,134.03357788255897,2206,517.0,1795,29,1320,0,3283,0,3965,14.5,1436,0,3203,16,1309,8.0,1567,67.01678894127949,2455,134.03357788255897,2025,135.03357788255897,2366
1645,Hyun Ju Jung,i_organization,Asia,KAIST,7,2425,7,2254,151.73661390712527,2084,296.0,2283,15,2273,0,3283,0,3965,7.5,2418,0,3203,7,2299,3.5,2589,75.86830695356264,2362,151.73661390712527,1899,152.73661390712527,2265
1646,Hangjung Zo,other,Asia,KAIST,27,420,48,318,1104.306116980251,446,4302.0,403,96,216,0,3283,0,3965,48.0,244,0,3203,48,326,24.0,461,552.1530584901255,1047,1104.306116980251,330,1105.306116980251,902
1647,Hoyong Choi,micro_theory,Asia,KAIST,2,3967,0,4385,9.273618495495704,4114,16.0,4062,5,3656,0,3283,0,3965,2.5,3719,0,3203,0,4408,0.0,4504,4.636809247747852,4132,9.273618495495704,4056,10.273618495495704,4087
1648,Tom Steinberger,other,Asia,KAIST,4,3256,3,3094,51.93264869039514,3106,95.0,3161,12,2609,0,3283,0,3965,6.0,2731,0,3203,3,3149,1.5,3437,25.96632434519757,3232,51.93264869039514,2968,52.93264869039514,3158
1649,Seunghun Han,finance,Asia,KAIST,15,1141,27,733,244.77744994177877,1606,1002.0,1271,64,480,0,3283,0,3965,32.0,545,0,3203,27,755,13.5,969,122.38872497088936,1976,244.77744994177877,1416,245.77744994177877,1888
1650,Youngeun Huh,behavior-experiment,Asia,KAIST,10,1802,10,1828,332.59585084603805,1301,784.0,1457,18,1994,0,3283,0,3965,9.0,2114,0,3203,10,1859,5.0,2147,166.29792542301902,1732,332.59585084603805,1095,333.59585084603805,1634
1651,Hongghi Min,i_finance,Asia,KAIST,11,1625,13,1510,127.9531164137865,2251,396.0,2030,18,1994,0,3283,0,3965,9.0,2114,0,3203,13,1535,6.5,1818,63.97655820689325,2499,127.9531164137865,2073,128.95311641378652,2411
1652,Gulnaz Sharafutdinova,political_econ,Europe,KCL,16,1038,22,952,245.144855136713,1601,916.0,1342,37,989,0,3283,0,3965,18.5,1111,0,3203,22,972,11.0,1189,122.5724275683565,1972,245.144855136713,1411,246.144855136713,1884
1653,Jonathan Portes,multiple-field,Europe,KCL,10,1802,10,1828,183.180239108917,1901,491.0,1848,29,1320,0,3283,0,3965,14.5,1436,0,3203,10,1859,5.0,2147,91.5901195544585,2210,183.180239108917,1703,184.180239108917,2120
1654,Shaun Hargreaves Heap,multiple-field,Europe,KCL,14,1239,22,952,198.57744081340155,1812,785.0,1454,74,360,2,1169,5,1568,38.0,399,2,1039,22,972,12.5,1053,402.572806354085,1196,136.4209805052768,2011,406.26294151583033,1481
1655,Alex Callinicos,other,Europe,KCL,13,1348,15,1353,254.8882107905346,1563,904.0,1353,58,546,0,3283,0,3965,29.0,616,0,3203,15,1379,7.5,1649,127.4441053952673,1945,254.8882107905346,1377,255.8882107905346,1855
1656,Engelbert Stockhammer,macro,Europe,KCL,38,176,71,148,1050.679779952008,473,4966.0,350,119,127,0,3283,0,3965,59.5,158,0,3203,71,153,35.5,221,525.339889976004,1067,1050.679779952008,350,1051.679779952008,922
1657,Peter Kutnick,other,Europe,KCL,19,797,28,696,342.3609206670645,1274,1257.0,1085,52,637,0,3283,0,3965,26.0,718,0,3203,28,718,14.0,936,171.18046033353224,1703,342.3609206670645,1066,343.3609206670645,1611
1658,Brian Salter,multiple-field,Europe,KCL,25,490,49,305,293.3257574779276,1409,1768.0,831,93,233,0,3283,0,3965,46.5,267,0,3203,49,313,24.5,444,146.6628787389638,1828,293.3257574779276,1213,294.3257574779276,1740
1659,Amrita Dhillon,multiple-field,Europe,KCL,14,1239,20,1048,307.1742176680849,1364,894.0,1360,38,953,1,1576,10,906,19.5,1041,1,1424,20,1065,11.5,1143,246.8723576117956,1449,290.74471522359124,1224,581.4894304471825,1249
1660,Sarah Birch,political_econ,Europe,KCL,27,420,46,346,505.4809590874814,916,2253.0,703,71,395,0,3283,0,3965,35.5,448,0,3203,46,357,23.0,493,252.7404795437407,1434,505.4809590874814,740,506.4809590874814,1326
1661,Peter John,political_econ,Europe,KCL,45,105,124,49,783.6574506759953,623,6407.0,259,200,39,0,3283,0,3965,100.0,46,0,3203,124,51,62.0,65,391.8287253379976,1209,783.6574506759953,476,784.6574506759953,1075
1662,Anand Menon,political_econ,Europe,KCL,18,872,26,777,323.283157618828,1321,1346.0,1036,64,480,0,3283,0,3965,32.0,545,0,3203,26,797,13.0,1007,161.641578809414,1753,323.283157618828,1126,324.283157618828,1664
1663,Adam Fagan,political_econ,Europe,KCL,17,948,22,952,185.28086787361505,1886,773.0,1470,41,868,0,3283,0,3965,20.5,981,0,3203,22,972,11.0,1189,92.64043393680753,2199,185.28086787361505,1689,186.28086787361505,2111
1664,Santiago Sanchez-Pages,multiple-field,Europe,KCL,12,1477,18,1155,212.54176060247548,1739,706.0,1551,35,1061,0,3283,7,1234,17.5,1186,0,3203,18,1177,10.0,1294,106.27088030123774,2077,212.54176060247548,1542,213.54176060247548,1987
1665,Christoph Meyer,other,Europe,KCL,15,1141,17,1215,266.5182920551608,1515,854.0,1397,38,953,0,3283,0,3965,19.0,1075,0,3203,17,1241,8.5,1487,133.2591460275804,1912,266.5182920551608,1327,267.5182920551608,1823
1666,Jonathan Hill,other,Europe,KCL,6,2677,3,3094,50.774009099144415,3119,126.0,2967,14,2384,0,3283,0,3965,7.0,2517,0,3203,3,3149,1.5,3437,25.387004549572207,3246,50.774009099144415,2988,51.774009099144415,3172
1667,Rosie Campbell,political_econ,Europe,KCL,22,617,29,665,300.86375654106297,1387,1305.0,1054,54,596,0,3283,0,3965,27.0,674,0,3203,29,684,14.5,901,150.43187827053148,1808,300.86375654106297,1190,301.86375654106297,1720
1668,Rubén Ruiz-Rufino,political_econ,Europe,KCL,9,1992,7,2254,98.65596788841516,2517,257.0,2396,18,1994,0,3283,0,3965,9.0,2114,0,3203,7,2299,3.5,2589,49.32798394420757,2717,98.65596788841516,2355,99.65596788841516,2647
1669,Alexander Kupatadze,political_econ,Europe,KCL,11,1625,12,1604,79.26537705707328,2710,275.0,2341,23,1634,0,3283,0,3965,11.5,1753,0,3203,12,1632,6.0,1923,39.63268852853664,2881,79.26537705707328,2566,80.26537705707328,2815
1670,Anja Shortland,political_econ,Europe,KCL,16,1038,22,952,277.1118907589496,1470,967.0,1304,33,1137,0,3283,2,2431,16.5,1262,0,3203,22,972,11.5,1143,138.5559453794748,1880,277.1118907589496,1282,278.1118907589496,1795
1671,Christel Koop,political_econ,Europe,KCL,16,1038,20,1048,326.27595682182897,1315,1214.0,1112,28,1363,0,3283,0,3965,14.0,1485,0,3203,20,1065,10.0,1294,163.13797841091449,1746,326.27595682182897,1115,327.27595682182897,1656
1672,John Meadowcroft,political_econ,Europe,KCL,13,1348,14,1430,76.13803254615921,2756,333.0,2185,71,395,0,3283,3,2072,35.5,448,0,3203,14,1453,8.0,1567,38.069016273079605,2919,76.13803254615921,2613,77.13803254615921,2854
1673,Aian Blau,other,Europe,KCL,12,1477,15,1353,67.95586803212802,2874,278.0,2332,27,1408,0,3283,0,3965,13.5,1526,0,3203,15,1379,7.5,1649,33.97793401606401,3026,67.95586803212802,2726,68.95586803212802,2952
1674,Marc Berenson,political_econ,Europe,KCL,2,3967,1,3809,12.083045973594572,4028,16.0,4062,4,3855,0,3283,0,3965,2.0,3907,0,3203,1,3860,0.5,4086,6.041522986797286,4047,12.083045973594572,3953,13.083045973594572,4000
1675,Holger Stritzel,other,Europe,KCL,11,1625,12,1604,693.4774689923242,699,1399.0,1002,26,1461,0,3283,0,3965,13.0,1571,0,3203,12,1632,6.0,1923,346.7387344961621,1269,693.4774689923242,545,694.4774689923242,1144
1676,Martin Moore,political_econ,Europe,KCL,5,2944,4,2824,74.87322618933953,2776,138.0,2912,10,2874,0,3283,0,3965,5.0,2983,0,3203,4,2882,2.0,3174,37.43661309466977,2936,74.87322618933953,2633,75.87322618933953,2870
1677,Rod Dacombe,multiple-field,Europe,KCL,8,2197,6,2423,81.61494961096282,2684,203.0,2600,23,1634,0,3283,0,3965,11.5,1753,0,3203,6,2464,3.0,2752,40.80747480548141,2863,81.61494961096282,2535,82.61494961096282,2792
1678,Roger Mortimore,political_econ,Europe,KCL,8,2197,6,2423,40.91454509095757,3317,150.0,2832,41,868,0,3283,0,3965,20.5,981,0,3203,6,2464,3.0,2752,20.457272545478784,3409,40.91454509095757,3201,41.91454509095757,3347
1679,Humeira Iqtidar,other,Europe,KCL,8,2197,8,2100,61.62791575252241,2969,220.0,2532,41,868,0,3283,0,3965,20.5,981,0,3203,8,2146,4.0,2445,30.81395787626121,3114,61.62791575252241,2834,62.62791575252241,3038
1680,Sue Onslow,history,Europe,KCL,8,2197,8,2100,84.77027781009096,2660,232.0,2495,41,868,0,3283,0,3965,20.5,981,0,3203,8,2146,4.0,2445,42.38513890504548,2838,84.77027781009096,2503,85.77027781009096,2768
1681,Anne Rasmussen,political_econ,Europe,KCL,28,386,46,346,370.9056483797463,1191,2107.0,739,61,505,0,3283,0,3965,30.5,577,0,3203,46,357,23.0,493,185.4528241898732,1641,370.9056483797463,989,371.9056483797463,1541
1682,Anna Gwiazda,political_econ,Europe,KCL,12,1477,14,1430,114.74754899343166,2362,359.0,2117,21,1766,0,3283,0,3965,10.5,1890,0,3203,14,1453,7.0,1731,57.37377449671583,2586,114.74754899343166,2180,115.74754899343166,2507
1683,Michael Kandiah,political_econ,Europe,KCL,2,3967,2,3404,19.974984355438178,3800,31.0,3809,4,3855,0,3283,0,3965,2.0,3907,0,3203,2,3459,1.0,3730,9.987492177719089,3833,19.974984355438178,3702,20.974984355438178,3782
1684,Emilie Glazer,other,Europe,KCL,3,3600,2,3404,76.27581530209953,2753,110.0,3069,3,4085,0,3283,0,3965,1.5,4125,0,3203,2,3459,1.0,3730,38.137907651049765,2916,76.27581530209953,2609,77.27581530209953,2851
1685,Magnus Ryner,political_econ,Europe,KCL,13,1348,17,1215,162.5084613181726,2025,611.0,1668,36,1023,0,3283,0,3965,18.0,1148,0,3203,17,1241,8.5,1487,81.2542306590863,2316,162.5084613181726,1836,163.5084613181726,2221
1686,Moses Shayo,political_econ,Europe,KCL,14,1239,14,1430,665.016541147662,727,1497.0,950,17,2079,3,924,6,1392,10.0,1962,3,816,14,1453,9.5,1356,984.6072451974052,854,634.0705190388788,597,2528.282076155516,586
1687,Carmen Pavel,other,Europe,KCL,6,2677,2,3404,24.79919353527449,3654,81.0,3257,19,1915,0,3283,0,3965,9.5,2035,0,3203,2,3459,1.0,3730,12.399596767637243,3703,24.79919353527449,3549,25.79919353527449,3645
1688,Mark Langan,multiple-field,Europe,KCL,11,1625,12,1604,102.43534546239398,2484,351.0,2134,31,1232,0,3283,0,3965,15.5,1343,0,3203,12,1632,6.0,1923,51.21767273119699,2685,102.43534546239398,2314,103.43534546239398,2609
1689,Christopher Holmes,political_econ,Europe,KCL,9,1992,9,1961,68.46897107449476,2864,204.0,2595,11,2737,0,3283,0,3965,5.5,2853,0,3203,9,2003,4.5,2297,34.23448553724738,3019,68.46897107449476,2719,69.46897107449476,2946
1690,Mark Pennington,multiple-field,Europe,KCL,28,386,67,173,575.0730388394156,826,2869.0,571,110,156,0,3283,0,3965,55.0,190,0,3203,67,179,33.5,251,287.5365194197078,1382,575.0730388394156,655,576.0730388394156,1254
1691,Jeroen Gunning,other,Europe,KCL,11,1625,11,1709,374.641161646715,1180,1042.0,1243,30,1275,0,3283,0,3965,15.0,1386,0,3203,11,1737,5.5,2026,187.3205808233575,1634,374.641161646715,980,375.641161646715,1531
1692,Colin Jennings,political_econ,Europe,KCL,9,1992,8,2100,203.6884876471913,1785,409.0,1995,23,1634,0,3283,4,1786,11.5,1753,0,3203,8,2146,4.5,2297,101.84424382359563,2113,203.6884876471913,1589,204.6884876471913,2027
1693,Samuel Greene,political_econ,Europe,KCL,10,1802,10,1828,140.96098751072935,2156,374.0,2080,19,1915,0,3283,0,3965,9.5,2035,0,3203,10,1859,5.0,2147,70.48049375536468,2417,140.96098751072935,1979,141.96098751072935,2325
1694,Lucia Pradella,multiple-field,Europe,KCL,11,1625,12,1604,89.96666049153987,2603,330.0,2190,27,1408,0,3283,0,3965,13.5,1526,0,3203,12,1632,6.0,1923,44.983330245769935,2791,89.96666049153987,2445,90.96666049153988,2717
1695,Roberto Fumagalli,other,Europe,KCL,12,1477,14,1430,80.32434251209281,2700,320.0,2217,32,1187,0,3283,0,3965,16.0,1305,0,3203,14,1453,7.0,1731,40.162171256046406,2874,80.32434251209281,2554,81.32434251209281,2808
1696,Poornima Paidipaty,multiple-field,Europe,KCL,4,3256,1,3809,15.968719422671311,3929,33.0,3785,6,3475,0,3283,0,3965,3.0,3545,0,3203,1,3860,0.5,4086,7.984359711335656,3957,15.968719422671311,3846,16.968719422671313,3904
1697,Elisa Cavatorta,multiple-field,Europe,KCL,6,2677,5,2603,70.40596565632774,2834,157.0,2808,13,2492,0,3283,4,1786,6.5,2616,0,3203,5,2654,4.0,2445,35.20298282816387,2988,70.40596565632774,2687,71.40596565632774,2922
1698,Yotam Margalit,political_econ,Europe,KCL,23,568,26,777,764.3474340900217,639,2849.0,573,36,1023,0,3283,2,2431,18.0,1148,0,3203,26,797,13.5,969,382.1737170450109,1219,764.3474340900217,488,765.3474340900217,1087
1699,Sofia Vasilopoulou,political_econ,Europe,KCL,21,669,29,665,434.6929951126427,1053,1738.0,840,50,671,0,3283,0,3965,25.0,750,0,3203,29,684,14.5,901,217.3464975563213,1523,434.6929951126427,854,435.6929951126427,1427
1700,Robin Douglass,other,Europe,KCL,8,2197,6,2423,59.016946718718,3004,207.0,2583,29,1320,0,3283,0,3965,14.5,1436,0,3203,6,2464,3.0,2752,29.508473359359,3148,59.016946718718,2867,60.016946718718,3071
1701,Thomas F. Purcell,political_econ,Europe,KCL,14,1239,14,1430,184.0108692441835,1897,646.0,1626,24,1571,0,3283,0,3965,12.0,1681,0,3203,14,1453,7.0,1731,92.00543462209176,2206,184.0108692441835,1697,185.0108692441835,2118
1702,Isabelle Hertner,political_econ,Europe,KCL,8,2197,7,2254,58.16356247686347,3013,165.0,2773,14,2384,0,3283,0,3965,7.0,2517,0,3203,7,2299,3.5,2589,29.08178123843173,3158,58.16356247686347,2878,59.16356247686347,3080
1703,David Chilosi,history,Europe,KCL,9,1992,9,1961,109.60383204979652,2410,287.0,2304,17,2079,0,3283,0,3965,8.5,2203,0,3203,9,2003,4.5,2297,54.801916024898254,2625,109.60383204979652,2226,110.60383204979652,2545
1704,Benedetta Voltolini,political_econ,Europe,KCL,8,2197,7,2254,81.04936767180853,2695,211.0,2568,13,2492,0,3283,0,3965,6.5,2616,0,3203,7,2299,3.5,2589,40.52468383590426,2871,81.04936767180853,2548,82.04936767180853,2805
1705,Ferdinand Eibl,political_econ,Europe,KCL,8,2197,7,2254,88.09086218218096,2622,216.0,2550,11,2737,0,3283,0,3965,5.5,2853,0,3203,7,2299,3.5,2589,44.04543109109048,2812,88.09086218218096,2466,89.09086218218096,2737
1706,Ramón Pacheco Pardo,multiple-field,Europe,KCL,11,1625,11,1709,76.68115805072325,2749,312.0,2240,59,532,0,3283,0,3965,29.5,601,0,3203,11,1737,5.5,2026,38.34057902536163,2912,76.68115805072325,2605,77.68115805072325,2846
1707,Edoardo Bressanelli,political_econ,Europe,KCL,14,1239,19,1100,206.50423724466285,1766,690.0,1567,37,989,0,3283,0,3965,18.5,1111,0,3203,19,1119,9.5,1356,103.25211862233142,2102,206.50423724466285,1574,207.50423724466285,2014
1708,Charis Boutieri,other,Europe,KCL,5,2944,3,3094,64.69930447848725,2913,116.0,3028,12,2609,0,3283,0,3965,6.0,2731,0,3203,3,3149,1.5,3437,32.349652239243625,3068,64.69930447848725,2775,65.69930447848725,2992
1709,Pierre-Louis Vezina,i_trade,Europe,KCL,11,1625,13,1510,202.61046369820093,1794,513.0,1805,24,1571,0,3283,6,1392,12.0,1681,0,3203,13,1535,6.5,1818,101.30523184910048,2119,202.61046369820093,1600,203.61046369820093,2034
1710,James Scott,i_trade,Europe,KCL,15,1141,19,1100,143.08039698015938,2143,572.0,1717,39,924,0,3283,0,3965,19.5,1041,0,3203,19,1119,9.5,1356,71.54019849007969,2407,143.08039698015938,1964,144.08039698015938,2316
1711,Yonatan Berman,multiple-field,Europe,KCL,7,2425,5,2603,57.63679380395825,3019,152.0,2820,16,2168,0,3283,0,3965,8.0,2304,0,3203,5,2654,2.5,2945,28.818396901979124,3163,57.63679380395825,2886,58.63679380395825,3084
1712,Tomas Maltby,political_econ,Europe,KCL,14,1239,17,1215,294.1530214021267,1407,830.0,1417,24,1571,0,3283,0,3965,12.0,1681,0,3203,17,1241,8.5,1487,147.07651070106334,1826,294.1530214021267,1212,295.1530214021267,1738
1713,Ian Levely,behavior-experiment,Europe,KCL,6,2677,5,2603,74.04052944165107,2784,158.0,2801,9,3018,0,3283,4,1786,4.5,3116,0,3203,5,2654,3.5,2589,37.02026472082554,2946,74.04052944165107,2642,75.04052944165107,2878
1714,Mollie Gerver,other,Europe,KCL,8,2197,6,2423,42.34383071948026,3299,147.0,2849,28,1363,0,3283,0,3965,14.0,1485,0,3203,6,2464,3.0,2752,21.17191535974013,3395,42.34383071948026,3178,43.34383071948026,3329
1715,Lee Savage,political_econ,Europe,KCL,8,2197,6,2423,71.76350047203663,2817,188.0,2663,11,2737,0,3283,0,3965,5.5,2853,0,3203,6,2464,3.0,2752,35.88175023601831,2978,71.76350047203663,2676,72.76350047203663,2908
1716,Steve Harry,political_econ,Europe,KCL,2,3967,2,3404,35.84689665786984,3411,47.0,3604,3,4085,0,3283,0,3965,1.5,4125,0,3203,2,3459,1.0,3730,17.92344832893492,3501,35.84689665786984,3304,36.84689665786984,3431
1717,Roberto Roccu,political_econ,Europe,KCL,9,1992,7,2254,75.78258375114957,2759,237.0,2480,20,1840,0,3283,0,3965,10.0,1962,0,3203,7,2299,3.5,2589,37.89129187557479,2922,75.78258375114957,2617,76.78258375114957,2857
1718,Leila Simona Talani,political_econ,Europe,KCL,7,2425,3,3094,34.72751070837067,3431,158.0,2801,73,372,0,3283,0,3965,36.5,427,0,3203,3,3149,1.5,3437,17.363755354185336,3517,34.72751070837067,3325,35.72751070837067,3451
1719,Jonathan Leader Maynard,other,Europe,KCL,9,1992,9,1961,182.36227680087788,1906,506.0,1819,17,2079,0,3283,0,3965,8.5,2203,0,3203,9,2003,4.5,2297,91.18113840043894,2215,182.36227680087788,1708,183.36227680087788,2124
1720,Paul Sagar,other,Europe,KCL,11,1625,12,1604,119.01680553602505,2329,345.0,2151,25,1518,0,3283,0,3965,12.5,1623,0,3203,12,1632,6.0,1923,59.50840276801252,2562,119.01680553602505,2150,120.01680553602505,2480
1721,Samuel Decanio,political_econ,Europe,KCL,7,2425,6,2423,59.91660871578097,2988,162.0,2789,16,2168,0,3283,0,3965,8.0,2304,0,3203,6,2464,3.0,2752,29.958304357890484,3133,59.91660871578097,2853,60.91660871578097,3056
1722,Soohyun Lee,political_econ,Europe,KCL,10,1802,10,1828,130.40705502387516,2234,378.0,2069,18,1994,0,3283,0,3965,9.0,2114,0,3203,10,1859,5.0,2147,65.20352751193758,2480,130.40705502387516,2056,131.40705502387516,2392
1723,Matia Vannoni,political_econ,Europe,KCL,11,1625,14,1430,143.38061235745926,2135,498.0,1831,29,1320,1,1576,1,2917,15.0,1386,0,3203,15,1379,8.0,1567,77.6275086820699,2351,144.2550173641398,1956,288.5100347282796,1757
1724,Kevin Mazur,political_econ,Europe,KCL,6,2677,6,2423,118.32159566199232,2339,204.0,2595,11,2737,0,3283,0,3965,5.5,2853,0,3203,6,2464,3.0,2752,59.16079783099616,2568,118.32159566199232,2157,119.32159566199232,2486
1725,Ben Jones,other,Europe,KCL,2,3967,0,4385,7.280109889280518,4204,9.0,4234,5,3656,0,3283,0,3965,2.5,3719,0,3203,0,4408,0.0,4504,3.640054944640259,4220,7.280109889280518,4152,8.280109889280517,4177
1726,Margherita De Candia,political_econ,Europe,KCL,3,3600,2,3404,16.76305461424021,3897,27.0,3874,5,3656,0,3283,0,3965,2.5,3719,0,3203,2,3459,1.0,3730,8.381527307120106,3927,16.76305461424021,3809,17.76305461424021,3874
1727,Steven Klein,political_econ,Europe,KCL,5,2944,5,2603,69.72804313904126,2850,156.0,2811,12,2609,0,3283,0,3965,6.0,2731,0,3203,5,2654,2.5,2945,34.86402156952063,3002,69.72804313904126,2702,70.72804313904126,2935
1728,Raphael Cunha,political_econ,Europe,KCL,5,2944,3,3094,133.82077566656082,2208,214.0,2556,6,3475,0,3283,0,3965,3.0,3545,0,3203,3,3149,1.5,3437,66.91038783328041,2457,133.82077566656082,2027,134.82077566656082,2368
1729,Konstantinos Matakos,political_econ,Europe,KCL,7,2425,7,2254,391.0268532978266,1147,676.0,1584,23,1634,0,3283,3,2072,11.5,1753,0,3203,7,2299,4.5,2297,195.5134266489133,1601,391.0268532978266,933,392.0268532978266,1505
1730,Joseph Baines,political_econ,Europe,KCL,6,2677,6,2423,79.9937497558403,2704,189.0,2658,10,2874,0,3283,0,3965,5.0,2983,0,3203,6,2464,3.0,2752,39.99687487792015,2876,79.9937497558403,2558,80.9937497558403,2810
1731,Camilla Schofield,multiple-field,Europe,KCL,7,2425,6,2423,215.22081683703368,1725,418.0,1982,9,3018,0,3283,0,3965,4.5,3116,0,3203,6,2464,3.0,2752,107.61040841851684,2064,215.22081683703368,1529,216.22081683703368,1976
1732,Daniele Girardi,multiple-field,Europe,KCL,9,1992,8,2100,105.39924098398431,2453,247.0,2442,13,2492,0,3283,2,2431,6.5,2616,0,3203,8,2146,4.0,2445,52.69962049199216,2657,105.39924098398431,2272,106.39924098398431,2580
1733,Scott James,political_econ,Europe,KCL,13,1348,16,1280,171.68575945604806,1974,556.0,1735,32,1187,0,3283,0,3965,16.0,1305,0,3203,16,1309,8.0,1567,85.84287972802403,2270,171.68575945604806,1781,172.68575945604806,2177
1734,Raluca L. Pahontu,multiple-field,Europe,KCL,4,3256,0,4385,9.848857801796104,4106,27.0,3874,11,2737,0,3283,0,3965,5.5,2853,0,3203,0,4408,0.0,4504,4.924428900898052,4125,9.848857801796104,4048,10.848857801796104,4080
1735,Krzysztof Krakowski,political_econ,Europe,KCL,8,2197,5,2603,49.18333050943175,3153,137.0,2918,18,1994,0,3283,1,2917,9.0,2114,0,3203,5,2654,3.0,2752,24.591665254715878,3270,49.18333050943175,3027,50.18333050943175,3197
1736,Hanna Kleider,political_econ,Europe,KCL,7,2425,7,2254,99.69453345093702,2505,249.0,2433,13,2492,0,3283,0,3965,6.5,2616,0,3203,7,2299,3.5,2589,49.84726672546851,2708,99.69453345093702,2342,100.69453345093702,2636
1737,Loubna El Amine,other,Europe,KCL,4,3256,2,3404,110.16805344563367,2404,167.0,2764,12,2609,0,3283,0,3965,6.0,2731,0,3203,2,3459,1.0,3730,55.08402672281685,2620,110.16805344563367,2221,111.16805344563367,2542
1738,David Hope,multiple-field,Europe,KCL,8,2197,8,2100,188.4515852944729,1870,510.0,1809,16,2168,0,3283,0,3965,8.0,2304,0,3203,8,2146,4.0,2445,94.22579264723646,2182,188.4515852944729,1672,189.4515852944729,2095
1739,Michael Farquhar,history,Europe,KCL,2,3967,1,3809,15.427248620541512,3947,20.0,3989,4,3855,0,3283,0,3965,2.0,3907,0,3203,1,3860,0.5,4086,7.713624310270756,3972,15.427248620541512,3863,16.427248620541512,3918
1740,Julia Nicholls,other,Europe,KCL,1,4388,1,3809,22.0,3739,22.0,3954,3,4085,0,3283,0,3965,1.5,4125,0,3203,1,3860,0.5,4086,11.0,3779,22.0,3641,23.0,3723
1741,John Narayan,other,Europe,KCL,8,2197,7,2254,98.58498871532116,2518,251.0,2425,14,2384,0,3283,0,3965,7.0,2517,0,3203,7,2299,3.5,2589,49.29249435766058,2718,98.58498871532116,2356,99.58498871532116,2648
1742,Ivan Grigoriev,political_econ,Europe,KCL,5,2944,2,3404,21.77154105707724,3744,48.0,3588,11,2737,0,3283,0,3965,5.5,2853,0,3203,2,3459,1.0,3730,10.88577052853862,3784,21.77154105707724,3647,22.77154105707724,3727
1743,Alberto Vesperoni,micro_theory,Europe,KCL,5,2944,2,3404,22.62741699796952,3717,52.0,3533,8,3159,0,3283,2,2431,4.0,3242,0,3203,2,3459,1.5,3437,11.31370849898476,3758,22.62741699796952,3613,23.62741699796952,3702
1744,Michael Lazarus,other,Europe,KCL,3,3600,1,3809,45.32107677449864,3215,54.0,3505,8,3159,0,3283,0,3965,4.0,3242,0,3203,1,3860,0.5,4086,22.66053838724932,3328,45.32107677449864,3088,46.32107677449864,3260
1745,Chase Foster,political_econ,Europe,KCL,5,2944,4,2824,248.9718859630541,1584,319.0,2221,8,3159,0,3283,0,3965,4.0,3242,0,3203,4,2882,2.0,3174,124.48594298152705,1961,248.9718859630541,1395,249.9718859630541,1874
1746,Adnan Vatansever,political_econ,Europe,KCL,3,3600,2,3404,62.64982043070834,2951,89.0,3204,6,3475,0,3283,0,3965,3.0,3545,0,3203,2,3459,1.0,3730,31.32491021535417,3098,62.64982043070834,2813,63.64982043070834,3021
1747,Cevat Giray Aksoy,labor,Europe,KCL,14,1239,16,1280,206.43400882606528,1767,687.0,1570,25,1518,1,1576,10,906,13.0,1571,1,1424,16,1309,9.0,1418,118.906510969909,2000,206.813021939818,1571,413.626043879636,1466
1748,Mehmet Mars Seven,micro_theory,Europe,KCL,4,3256,1,3809,33.18132004607411,3464,57.0,3471,13,2492,0,3283,1,2917,6.5,2616,0,3203,1,3860,1.0,3730,16.590660023037056,3545,33.18132004607411,3359,34.18132004607411,3481
1749,Matthew Tyce,political_econ,Europe,KCL,7,2425,7,2254,220.73287023005884,1702,343.0,2159,11,2737,0,3283,0,3965,5.5,2853,0,3203,7,2299,3.5,2589,110.36643511502942,2048,220.73287023005884,1505,221.73287023005884,1958
1750,Tugba Bozcaga,political_econ,Europe,KCL,2,3967,0,4385,7.937253933193772,4186,13.0,4130,5,3656,0,3283,0,3965,2.5,3719,0,3203,0,4408,0.0,4504,3.968626966596886,4204,7.937253933193772,4133,8.937253933193773,4161
1751,Julian Limberg,p_finance,Europe,KCL,9,1992,9,1961,113.01327355669332,2378,340.0,2165,20,1840,0,3283,0,3965,10.0,1962,0,3203,9,2003,4.5,2297,56.50663677834667,2600,113.01327355669332,2194,114.01327355669332,2521
1752,Joel Rabinovich,finance,Europe,KCL,7,2425,7,2254,92.2713389953782,2576,210.0,2573,16,2168,0,3283,0,3965,8.0,2304,0,3203,7,2299,3.5,2589,46.13566949768909,2770,92.2713389953782,2419,93.2713389953782,2696
1753,Claudia Horn,multiple-field,Europe,KCL,3,3600,0,4385,8.366600265340756,4159,16.0,4062,6,3475,0,3283,0,3965,3.0,3545,0,3203,0,4408,0.0,4504,4.183300132670378,4176,8.366600265340756,4103,9.366600265340756,4135
1754,Portia Roelofs,other,Europe,KCL,4,3256,3,3094,45.69463863518345,3211,80.0,3267,9,3018,0,3283,0,3965,4.5,3116,0,3203,3,3149,1.5,3437,22.84731931759173,3324,45.69463863518345,3085,46.69463863518345,3258
1755,Maia King,multiple-field,Europe,KCL,3,3600,2,3404,54.78138369920935,3060,77.0,3292,5,3656,0,3283,1,2917,2.5,3719,0,3203,2,3459,1.0,3730,27.390691849604675,3194,54.78138369920935,2922,55.78138369920935,3116
1756,Bouke Klein Teeselink,multiple-field,Europe,KCL,3,3600,2,3404,23.345235059857504,3692,43.0,3658,9,3018,0,3283,3,2072,4.5,3116,0,3203,2,3459,2.5,2945,11.672617529928752,3734,23.345235059857504,3590,24.345235059857504,3676
1757,Russell Foster,other,Europe,KCL,6,2677,6,2423,44.23799272118933,3244,131.0,2950,21,1766,0,3283,0,3965,10.5,1890,0,3203,6,2464,3.0,2752,22.118996360594664,3348,44.23799272118933,3116,45.23799272118933,3280
1758,Lama Tawakkol,political_econ,Europe,KCL,3,3600,1,3809,13.114877048604,4002,22.0,3954,6,3475,0,3283,0,3965,3.0,3545,0,3203,1,3860,0.5,4086,6.557438524302,4022,13.114877048604,3925,14.114877048604,3973
1759,Barbara Piotrowska,political_econ,Europe,KCL,6,2677,2,3404,21.16601048851673,3758,54.0,3505,10,2874,0,3283,0,3965,5.0,2983,0,3203,2,3459,1.0,3730,10.583005244258365,3796,21.16601048851673,3662,22.16601048851673,3741
1760,Marco Giani,political_econ,Europe,KCL,7,2425,7,2254,516.6052651686779,898,681.0,1576,12,2609,0,3283,0,3965,6.0,2731,0,3203,7,2299,3.5,2589,258.30263258433894,1425,516.6052651686779,723,517.6052651686779,1311
1761,Mona Morgan-Collins,political_econ,Europe,KCL,4,3256,1,3809,28.6705423736629,3563,48.0,3588,7,3309,0,3283,0,3965,3.5,3382,0,3203,1,3860,0.5,4086,14.33527118683145,3625,28.6705423736629,3452,29.6705423736629,3565
1762,Jenna Marshall,other,Europe,KCL,2,3967,1,3809,70.06425622241343,2844,73.0,3328,2,4322,0,3283,0,3965,1.0,4350,0,3203,1,3860,0.5,4086,35.03212811120672,2995,70.06425622241343,2695,71.06425622241343,2929
1763,Leah Downey,political_econ,Europe,KCL,3,3600,1,3809,28.879058156387305,3556,42.0,3670,5,3656,0,3283,0,3965,2.5,3719,0,3203,1,3860,0.5,4086,14.439529078193653,3618,28.879058156387305,3443,29.879058156387305,3558
1764,Robert Reamer,other,Europe,KCL,2,3967,0,4385,3.741657386773941,4405,6.0,4335,4,3855,0,3283,0,3965,2.0,3907,0,3203,0,4408,0.0,4504,1.8708286933869709,4410,3.741657386773941,4367,4.741657386773941,4376
1765,Nina Obermeier,political_econ,Europe,KCL,1,4388,0,4385,5.0990195135927845,4310,6.0,4335,3,4085,0,3283,0,3965,1.5,4125,0,3203,0,4408,0.0,4504,2.549509756796392,4319,5.0990195135927845,4266,6.0990195135927845,4276
1766,Maria Cotofan,multiple-field,Europe,KCL,3,3600,1,3809,25.865034312755125,3633,41.0,3682,7,3309,0,3283,2,2431,3.5,3382,0,3203,1,3860,1.0,3730,12.932517156377562,3685,25.865034312755125,3524,26.865034312755125,3624
1767,Benjamin Broman,political_econ,Europe,KCL,2,3967,0,4385,5.830951894845301,4282,10.0,4201,5,3656,0,3283,1,2917,2.5,3719,0,3203,0,4408,0.5,4086,2.9154759474226504,4293,5.830951894845301,4234,6.830951894845301,4250
1768,Jimena Valdez,political_econ,Europe,KCL,2,3967,1,3809,47.38143096192854,3184,53.0,3520,2,4322,0,3283,0,3965,1.0,4350,0,3203,1,3860,0.5,4086,23.69071548096427,3297,47.38143096192854,3057,48.38143096192854,3227
1769,Maxim Alyukov,political_econ,Europe,KCL,5,2944,5,2603,62.24949798994366,2963,129.0,2957,8,3159,0,3283,0,3965,4.0,3242,0,3203,5,2654,2.5,2945,31.12474899497183,3109,62.24949798994366,2824,63.24949798994366,3031
1770,Kaveh Pourvand,other,Europe,KCL,2,3967,0,4385,4.58257569495584,4352,7.0,4303,8,3159,0,3283,0,3965,4.0,3242,0,3203,0,4408,0.0,4504,2.29128784747792,4357,4.58257569495584,4313,5.58257569495584,4325
1771,Olivia Cheung,political_econ,Europe,KCL,3,3600,2,3404,61.53860576906175,2971,93.0,3176,8,3159,0,3283,0,3965,4.0,3242,0,3203,2,3459,1.0,3730,30.769302884530877,3115,61.53860576906175,2835,62.53860576906175,3039
1772,Elena Yi-Jia Zeng,other,Europe,KCL,1,4388,0,4385,5.0,4330,5.0,4375,2,4322,0,3283,0,3965,1.0,4350,0,3203,0,4408,0.0,4504,2.5,4337,5.0,4288,6.0,4300
1773,Michele Scotto Di Vettimo,political_econ,Europe,KCL,4,3256,1,3809,53.637673327615545,3079,71.0,3344,9,3018,0,3283,0,3965,4.5,3116,0,3203,1,3860,0.5,4086,26.81883666380777,3209,53.637673327615545,2938,54.637673327615545,3134
1774,Marta Wojciechowska,other,Europe,KCL,4,3256,1,3809,43.98863489584554,3249,71.0,3344,9,3018,0,3283,0,3965,4.5,3116,0,3203,1,3860,0.5,4086,21.99431744792277,3352,43.98863489584554,3123,44.98863489584554,3287
1775,Lisa H. Anders,political_econ,Europe,KCL,1,4388,1,3809,21.047565179849187,3761,23.0,3937,7,3309,0,3283,0,3965,3.5,3382,0,3203,1,3860,0.5,4086,10.523782589924592,3799,21.047565179849187,3665,22.047565179849187,3744
1776,Theo Serlin,political_econ,Europe,KCL,2,3967,0,4385,5.477225575051661,4293,8.0,4272,3,4085,0,3283,0,3965,1.5,4125,0,3203,0,4408,0.0,4504,2.7386127875258306,4303,5.477225575051661,4246,6.477225575051661,4260
1777,Michael Bankole,other,Europe,KCL,2,3967,1,3809,24.08318915758459,3672,26.0,3893,2,4322,0,3283,0,3965,1.0,4350,0,3203,1,3860,0.5,4086,12.041594578792296,3715,24.08318915758459,3567,25.08318915758459,3657
1778,Gabriel Leon-Ablan,political_econ,Europe,KCL,1,4388,0,4385,2.23606797749979,4467,3.0,4453,3,4085,0,3283,0,3965,1.5,4125,0,3203,0,4408,0.0,4504,1.118033988749895,4470,2.23606797749979,4440,3.23606797749979,4442
1779,Leonardo Falabella,labor,Europe,KCL,1,4388,0,4385,5.0,4330,5.0,4375,2,4322,0,3283,0,3965,1.0,4350,0,3203,0,4408,0.0,4504,2.5,4337,5.0,4288,6.0,4300
1780,Daniel Alves,political_econ,Europe,KCL,1,4388,0,4385,2.0,4497,2.0,4502,3,4085,0,3283,0,3965,1.5,4125,0,3203,0,4408,0.0,4504,1.0,4501,2.0,4473,3.0,4474
1781,Keith Smith,other,Europe,KCL,1,4388,0,4385,5.0,4330,5.0,4375,1,4577,0,3283,0,3965,0.5,4588,0,3203,0,4408,0.0,4504,2.5,4337,5.0,4288,6.0,4300
1782,Sevinç Bermek,political_econ,Europe,KCL,1,4388,0,4385,1.0,4570,1.0,4570,2,4322,0,3283,0,3965,1.0,4350,0,3203,0,4408,0.0,4504,0.5,4572,1.0,4561,2.0,4561
1783,Laura Montecchio,other,Europe,KCL,1,4388,0,4385,4.0,4388,4.0,4413,1,4577,0,3283,0,3965,0.5,4588,0,3203,0,4408,0.0,4504,2.0,4394,4.0,4349,5.0,4360
1784,Georgios Samaras,other,Europe,KCL,2,3967,0,4385,5.5677643628300215,4290,9.0,4234,10,2874,0,3283,0,3965,5.0,2983,0,3203,0,4408,0.0,4504,2.7838821814150108,4300,5.5677643628300215,4243,6.5677643628300215,4257
1785,Jeremy Jennings,other,Europe,KCL,1,4388,0,4385,7.14142842854285,4210,9.0,4234,10,2874,0,3283,0,3965,5.0,2983,0,3203,0,4408,0.0,4504,3.570714214271425,4226,7.14142842854285,4159,8.14142842854285,4183
1786,Udit Bhatia,political_econ,Europe,KCL,4,3256,1,3809,20.566963801203133,3780,43.0,3658,12,2609,0,3283,0,3965,6.0,2731,0,3203,1,3860,0.5,4086,10.283481900601569,3814,20.566963801203133,3682,21.566963801203133,3760
1787,Katarzyna Mcnaughton,political_econ,Europe,KCL,2,3967,0,4385,6.782329983125268,4229,10.0,4201,3,4085,0,3283,0,3965,1.5,4125,0,3203,0,4408,0.0,4504,3.391164991562634,4245,6.782329983125268,4182,7.782329983125268,4203
1788,Oda Neegard,political_econ,Europe,KCL,1,4388,0,4385,4.123105625617661,4372,5.0,4375,3,4085,0,3283,0,3965,1.5,4125,0,3203,0,4408,0.0,4504,2.0615528128088303,4377,4.123105625617661,4333,5.123105625617661,4345
1789,Aleksana Piletić,political_econ,Europe,KCL,4,3256,3,3094,37.98683982644516,3373,69.0,3358,4,3855,0,3283,0,3965,2.0,3907,0,3203,3,3149,1.5,3437,18.993419913222574,3463,37.98683982644516,3262,38.98683982644516,3400
1790,Kyuho Kang,finance,Asia,KoreaU,6,2677,3,3094,46.593991028886975,3201,123.0,2984,22,1700,0,3283,0,3965,11.0,1825,0,3203,3,3149,1.5,3437,23.296995514443488,3312,46.593991028886975,3073,47.593991028886975,3246
1791,Sung Jin Kang,multiple-field,Asia,KoreaU,13,1348,17,1215,116.85888926393234,2349,488.0,1855,47,731,0,3283,0,3965,23.5,827,0,3203,17,1241,8.5,1487,58.42944463196617,2574,116.85888926393234,2167,117.85888926393234,2492
1792,Kanghyock Koh,multiple-field,Asia,KoreaU,7,2425,6,2423,61.44102863722254,2972,191.0,2651,25,1518,0,3283,4,1786,12.5,1623,0,3203,6,2464,4.5,2297,30.72051431861127,3116,61.44102863722254,2838,62.44102863722254,3040
1793,Dukpa Kim,econometrics,Asia,KoreaU,10,1802,10,1828,418.5976588563295,1091,828.0,1420,19,1915,0,3283,5,1568,9.5,2035,0,3203,10,1859,5.5,2026,209.29882942816477,1552,418.5976588563295,884,419.5976588563295,1458
1794,Dong Heon Kim,macro,Asia,KoreaU,7,2425,7,2254,200.85318020882812,1805,378.0,2069,18,1994,0,3283,2,2431,9.0,2114,0,3203,7,2299,3.5,2589,100.42659010441407,2127,200.85318020882812,1610,201.85318020882812,2041
1795,Seik Kim,labor,Asia,KoreaU,5,2944,2,3404,22.516660498395403,3722,51.0,3547,10,2874,0,3283,1,2917,5.0,2983,0,3203,2,3459,1.5,3437,11.258330249197702,3762,22.516660498395403,3620,23.516660498395403,3706
1796,Jinyoung Kim,labor,Asia,KoreaU,13,1348,17,1215,291.1460114787768,1414,926.0,1337,30,1275,0,3283,3,2072,15.0,1386,0,3203,17,1241,9.0,1418,145.57300573938838,1836,291.1460114787768,1221,292.1460114787768,1746
1797,Jae Hyon Nahm,i_organization,Asia,KoreaU,4,3256,3,3094,33.66006535941367,3456,81.0,3257,15,2273,0,3283,3,2072,7.5,2418,0,3203,3,3149,2.0,3174,16.830032679706836,3538,33.66006535941367,3351,34.66006535941367,3474
1798,Sang Soo Park,multiple-field,Asia,KoreaU,5,2944,3,3094,76.39371701913711,2751,126.0,2967,13,2492,0,3283,2,2431,6.5,2616,0,3203,3,3149,2.0,3174,38.19685850956856,2914,76.39371701913711,2607,77.39371701913711,2849
1799,Cheolbeom Park,multiple-field,Asia,KoreaU,10,1802,10,1828,1366.7944249227826,334,1693.0,860,30,1275,0,3283,3,2072,15.0,1386,0,3203,10,1859,6.0,1923,683.3972124613913,975,1366.7944249227826,255,1367.7944249227826,802
1800,Kwanho Shin,multiple-field,Asia,KoreaU,19,797,32,583,321.44672964583106,1326,1410.0,995,80,301,1,1576,5,1568,40.5,343,1,1424,32,600,16.5,766,198.5360460836359,1590,320.0720921672718,1138,640.1441843345436,1191
1801,Yunjong Eo,macro,Asia,KoreaU,7,2425,4,2824,49.47726750741192,3148,122.0,2988,12,2609,0,3283,4,1786,6.0,2731,0,3203,4,2882,3.0,2752,24.73863375370596,3267,49.47726750741192,3021,50.47726750741192,3194
1802,Donghoon Yoo,macro,Asia,KoreaU,3,3600,0,4385,8.717797887081348,4140,18.0,4028,9,3018,1,1576,4,1786,5.0,2983,0,3203,1,3860,2.5,2945,8.570714214271426,3908,8.14142842854285,4111,16.2828568570857,3925
1803,Yoo Seung Han,micro_theory,Asia,KoreaU,2,3967,1,3809,12.649110640673518,4015,20.0,3989,12,2609,0,3283,1,2917,6.0,2731,0,3203,1,3860,1.0,3730,6.324555320336759,4033,12.649110640673518,3940,13.649110640673518,3988
1804,Woojin Lee,political_econ,Asia,KoreaU,6,2677,6,2423,96.33794683301072,2539,191.0,2651,12,2609,0,3283,5,1568,6.0,2731,0,3203,6,2464,3.0,2752,48.16897341650536,2737,96.33794683301072,2382,97.33794683301072,2669
1805,Jong-Wha Lee,multiple-field,Asia,KoreaU,34,230,57,232,4216.582265294963,74,11842.0,113,120,125,1,1576,11,832,60.5,151,1,1424,57,234,30.0,313,2635.606431158194,572,4182.212862316388,46,8364.425724632776,281
1806,Hongshik Lee,i_trade,Asia,KoreaU,11,1625,11,1709,124.21352583354198,2283,397.0,2027,33,1137,0,3283,2,2431,16.5,1262,0,3203,11,1737,5.5,2026,62.10676291677099,2525,124.21352583354198,2105,125.21352583354198,2441
1807,Huipyeong Jo,labor,Asia,KoreaU,3,3600,1,3809,19.79898987322333,3802,36.0,3736,7,3309,0,3283,0,3965,3.5,3382,0,3203,1,3860,0.5,4086,9.899494936611664,3835,19.79898987322333,3704,20.79898987322333,3786
1808,Chirok Han,econometrics,Asia,KoreaU,13,1348,15,1353,190.52821313390837,1859,619.0,1659,40,899,1,1576,5,1568,20.5,981,1,1424,15,1379,8.5,1487,176.1444526111033,1675,167.28890522220658,1801,334.5778104444132,1631
1809,Dirk Bethmann,multiple-field,Asia,KoreaU,7,2425,6,2423,52.172789842982326,3100,140.0,2897,17,2079,0,3283,1,2917,8.5,2203,0,3203,6,2464,3.0,2752,26.086394921491163,3228,52.172789842982326,2963,53.172789842982326,3153
1810,Jannis Angelis,other,Europe,KTH,18,872,20,1048,482.3660435810133,951,1609.0,899,43,813,0,3283,0,3965,21.5,923,0,3203,20,1065,10.0,1294,241.18302179050664,1461,482.3660435810133,770,483.3660435810133,1348
1811,Sabina Du Rietz Dahlström,other,Europe,KTH,6,2677,6,2423,40.65710270051225,3322,97.0,3145,11,2737,0,3283,0,3965,5.5,2853,0,3203,6,2464,3.0,2752,20.328551350256124,3413,40.65710270051225,3205,41.65710270051225,3350
1812,Åsa-Karin Engstrand,other,Europe,KTH,4,3256,3,3094,23.2163735324878,3695,51.0,3547,12,2609,0,3283,0,3965,6.0,2731,0,3203,3,3149,1.5,3437,11.6081867662439,3738,23.2163735324878,3593,24.2163735324878,3679
1813,Charlotte Holgersson,other,Europe,KTH,11,1625,12,1604,187.27252868480204,1874,513.0,1805,23,1634,0,3283,0,3965,11.5,1753,0,3203,12,1632,6.0,1923,93.63626434240102,2187,187.27252868480204,1676,188.27252868480204,2101
1814,Pia Höök,other,Europe,KTH,1,4388,1,3809,56.0,3042,56.0,3480,2,4322,0,3283,0,3965,1.0,4350,0,3203,1,3860,0.5,4086,28.0,3180,56.0,2903,57.0,3100
1815,Vardan Hovsepyan,micro_theory,Europe,KTH,1,4388,0,4385,3.0,4440,3.0,4453,2,4322,0,3283,0,3965,1.0,4350,0,3203,0,4408,0.0,4504,1.5,4444,3.0,4407,4.0,4412
1816,Mark Sanctuary,multiple-field,Europe,KTH,8,2197,6,2423,72.82170006255004,2803,173.0,2737,16,2168,0,3283,0,3965,8.0,2304,0,3203,6,2464,3.0,2752,36.41085003127502,2962,72.82170006255004,2657,73.82170006255004,2892
1817,Christian Thomann,multiple-field,Europe,KTH,8,2197,5,2603,70.83784299369935,2825,168.0,2758,12,2609,0,3283,0,3965,6.0,2731,0,3203,5,2654,2.5,2945,35.41892149684968,2982,70.83784299369935,2681,71.83784299369935,2915
1818,Per Thulin,multiple-field,Europe,KTH,13,1348,14,1430,185.84671102820195,1882,553.0,1739,16,2168,0,3283,1,2917,8.0,2304,0,3203,14,1453,7.0,1731,92.92335551410098,2195,185.84671102820195,1684,186.84671102820195,2108
1819,Anna Wahl,other,Europe,KTH,3,3600,3,3094,45.43126676640219,3214,80.0,3267,7,3309,0,3283,0,3965,3.5,3382,0,3203,3,3149,1.5,3437,22.71563338320109,3326,45.43126676640219,3087,46.43126676640219,3259
1820,Stef Adriaenssens,labor,Europe,KU Leuven,9,1992,9,1961,70.77428911688199,2828,225.0,2516,22,1700,0,3283,0,3965,11.0,1825,0,3203,9,2003,4.5,2297,35.387144558440994,2983,70.77428911688199,2682,71.77428911688199,2917
1821,Ruxanda Berlinschi,multiple-field,Europe,KU Leuven,6,2677,5,2603,77.272245987806,2743,163.0,2783,11,2737,0,3283,1,2917,5.5,2853,0,3203,5,2654,3.0,2752,38.636122993903,2907,77.272245987806,2598,78.272245987806,2842
1822,Mark Corner,other,Europe,KU Leuven,2,3967,1,3809,19.39071942966532,3818,30.0,3824,7,3309,0,3283,0,3965,3.5,3382,0,3203,1,3860,0.5,4086,9.69535971483266,3849,19.39071942966532,3721,20.39071942966532,3800
1823,Kristien Coucke,i_trade,Europe,KU Leuven,3,3600,3,3094,92.3038460737146,2575,128.0,2961,3,4085,0,3283,0,3965,1.5,4125,0,3203,3,3149,1.5,3437,46.151923036857305,2769,92.3038460737146,2418,93.3038460737146,2695
1824,Klaas De Brucker,other,Europe,KU Leuven,8,2197,7,2254,678.8313487163067,710,964.0,1306,13,2492,0,3283,0,3965,6.5,2616,0,3203,7,2299,3.5,2589,339.4156743581533,1280,678.8313487163067,550,679.8313487163067,1156
1825,Karolien De Bruyne,multiple-field,Europe,KU Leuven,6,2677,4,2824,76.4198926981712,2750,164.0,2777,17,2079,0,3283,0,3965,8.5,2203,0,3203,4,2882,2.0,3174,38.2099463490856,2913,76.4198926981712,2606,77.4198926981712,2848
1826,Nick Deschacht,labor,Europe,KU Leuven,13,1348,15,1353,338.7963990363534,1289,1071.0,1225,34,1095,0,3283,0,3965,17.0,1221,0,3203,15,1379,7.5,1649,169.3981995181767,1716,338.7963990363534,1083,339.7963990363534,1622
1827,Johan Lambrecht,multiple-field,Europe,KU Leuven,11,1625,12,1604,318.4493680320311,1335,918.0,1340,18,1994,0,3283,0,3965,9.0,2114,0,3203,12,1632,6.0,1923,159.22468401601554,1763,318.4493680320311,1142,319.4493680320311,1674
1828,Marjan Maes,labor,Europe,KU Leuven,1,4388,0,4385,9.055385138137416,4124,10.0,4201,3,4085,0,3283,0,3965,1.5,4125,0,3203,0,4408,0.0,4504,4.527692569068709,4142,9.055385138137416,4065,10.055385138137416,4097
1829,Cindy Moons,macro,Europe,KU Leuven,5,2944,3,3094,29.88310559496787,3538,67.0,3375,6,3475,0,3283,0,3965,3.0,3545,0,3203,3,3149,1.5,3437,14.941552797483936,3600,29.88310559496787,3425,30.88310559496787,3540
1831,Eline Poelmans,history,Europe,KU Leuven,7,2425,7,2254,57.89645930452051,3016,168.0,2758,18,1994,0,3283,2,2431,9.0,2114,0,3203,7,2299,4.0,2445,28.948229652260256,3161,57.89645930452051,2880,58.89645930452051,3082
1832,Nicky Rogge,multiple-field,Europe,KU Leuven,27,420,40,441,733.600027262813,657,2767.0,586,53,615,0,3283,0,3965,26.5,696,0,3203,40,448,20.0,589,366.8000136314065,1237,733.600027262813,506,734.600027262813,1108
1833,Tom Van Puyenbroeck,multiple-field,Europe,KU Leuven,15,1141,21,998,340.8592084717677,1283,1093.0,1201,27,1408,0,3283,1,2917,13.5,1526,0,3203,21,1017,10.5,1239,170.42960423588386,1710,340.8592084717677,1073,341.8592084717677,1616
1834,Daam Van Reeth,i_organization,Europe,KU Leuven,7,2425,5,2603,64.56779382943171,2916,147.0,2849,17,2079,0,3283,0,3965,8.5,2203,0,3203,5,2654,2.5,2945,32.283896914715854,3072,64.56779382943171,2778,65.56779382943171,2995
1835,Stijn Vanormelingen,labor,Europe,KU Leuven,9,1992,9,1961,166.50825805346713,1996,403.0,2008,14,2384,0,3283,1,2917,7.0,2517,0,3203,9,2003,4.5,2297,83.25412902673357,2293,166.50825805346713,1805,167.50825805346713,2196
1836,Dieter Verhaest,labor,Europe,KU Leuven,19,797,28,696,315.88763825132503,1341,1311.0,1052,49,693,0,3283,0,3965,24.5,776,0,3203,28,718,14.0,936,157.94381912566251,1768,315.88763825132503,1149,316.88763825132503,1680
1837,Toru Morotomi,p_finance,Asia,Kyoto,5,2944,3,3094,49.92995093127971,3137,97.0,3145,9,3018,0,3283,0,3965,4.5,3116,0,3203,3,3149,1.5,3437,24.964975465639856,3260,49.92995093127971,3008,50.92995093127971,3188
1838,Tomoki Sekiguchi,multiple-field,Asia,Kyoto,21,669,36,503,327.98932909471307,1312,1635.0,887,82,287,0,3283,0,3965,41.0,333,0,3203,36,514,18.0,684,163.99466454735654,1744,327.98932909471307,1110,328.98932909471307,1648
1839,Shuji Hisano,other,Asia,Kyoto,7,2425,4,2824,74.3774159271482,2782,150.0,2832,13,2492,0,3283,0,3965,6.5,2616,0,3203,4,2882,2.0,3174,37.1887079635741,2943,74.3774159271482,2641,75.3774159271482,2875
1840,Yoshihiro Tokuga,finance,Asia,Kyoto,0,4667,0,4385,0.0,4667,0.0,4667,1,4577,0,3283,0,3965,0.5,4588,0,3203,0,4408,0.0,4504,0.0,4667,0.0,4669,1.0,4669
1841,Jin-Ichiro Yamada,multiple-field,Asia,Kyoto,4,3256,3,3094,38.49675310984031,3359,70.0,3350,9,3018,0,3283,0,3965,4.5,3116,0,3203,3,3149,1.5,3437,19.24837655492016,3450,38.49675310984031,3247,39.49675310984031,3386
1842,Alireza Jay Naghavi,multiple-field,Asia,Kyoto,14,1239,14,1430,130.95800853708795,2230,518.0,1793,36,1023,0,3283,4,1786,18.0,1148,0,3203,14,1453,7.5,1649,65.47900426854397,2476,130.95800853708795,2050,131.95800853708795,2388
1843,Shige Makino,i_trade,Asia,Kyoto,26,451,37,484,1333.6588769246805,346,5626.0,297,51,654,0,3283,0,3965,25.5,733,0,3203,37,494,18.5,651,666.8294384623402,989,1333.6588769246805,267,1334.6588769246805,823
1844,Junko Watanabe,multiple-field,Asia,Kyoto,1,4388,0,4385,1.0,4570,1.0,4570,3,4085,0,3283,0,3965,1.5,4125,0,3203,0,4408,0.0,4504,0.5,4572,1.0,4561,2.0,4561
1845,Asli M. Colpan,multiple-field,Asia,Kyoto,14,1239,16,1280,163.67345539213133,2014,619.0,1659,33,1137,0,3283,0,3965,16.5,1262,0,3203,16,1309,8.0,1567,81.83672769606567,2305,163.67345539213133,1827,164.67345539213133,2212
1846,Norio Sawabe,other,Asia,Kyoto,6,2677,6,2423,66.9850729640567,2885,133.0,2937,10,2874,0,3283,0,3965,5.0,2983,0,3203,6,2464,3.0,2752,33.49253648202835,3040,66.9850729640567,2738,67.9850729640567,2967
1847,Takahide Yanagi,econometrics,Asia,Kyoto,2,3967,2,3404,19.493588689617926,3814,30.0,3824,6,3475,0,3283,2,2431,3.0,3545,0,3203,2,3459,1.5,3437,9.746794344808963,3845,19.493588689617926,3715,20.493588689617926,3796
1848,Naoto Jinji,i_trade,Asia,Kyoto,10,1802,10,1828,53.094255809833136,3087,227.0,2510,48,712,0,3283,0,3965,24.0,802,0,3203,10,1859,5.0,2147,26.547127904916568,3217,53.094255809833136,2946,54.094255809833136,3142
1849,Ken Yamada,labor,Asia,Kyoto,8,2197,8,2100,81.62720134857007,2683,229.0,2502,15,2273,1,1576,3,2072,8.0,2304,1,1424,8,2146,5.5,2026,79.71572333496644,2328,68.43144666993287,2721,136.86289333986574,2354
1850,Hiroaki Sasaki,macro,Asia,Kyoto,9,1992,9,1961,83.68990381163071,2670,320.0,2217,37,989,0,3283,0,3965,18.5,1111,0,3203,9,2003,4.5,2297,41.84495190581536,2846,83.68990381163071,2513,84.68990381163071,2774
1851,Takafumi Kurosawa,history,Asia,Kyoto,4,3256,3,3094,42.35563716909474,3298,100.0,3122,16,2168,0,3283,0,3965,8.0,2304,0,3203,3,3149,1.5,3437,21.17781858454737,3394,42.35563716909474,3177,43.35563716909474,3328
1852,Hisaki Kono,development,Asia,Kyoto,5,2944,3,3094,70.10706098532444,2843,139.0,2905,13,2492,0,3283,1,2917,6.5,2616,0,3203,3,3149,2.0,3174,35.05353049266222,2994,70.10706098532444,2694,71.10706098532444,2928
1853,Kenji Takeuchi,multiple-field,Asia,Kyoto,19,797,28,696,274.7835511816528,1485,1284.0,1068,65,467,0,3283,0,3965,32.5,531,0,3203,28,718,14.0,936,137.3917755908264,1888,274.7835511816528,1296,275.7835511816528,1803
1854,Masahiko Egami,finance,Asia,Kyoto,9,1992,9,1961,102.39140588936164,2485,332.0,2187,23,1634,0,3283,0,3965,11.5,1753,0,3203,9,2003,4.5,2297,51.19570294468082,2686,102.39140588936164,2315,103.39140588936164,2610
1855,Katsutoshi Wakai,micro_theory,Asia,Kyoto,2,3967,1,3809,19.544820285692065,3813,30.0,3824,9,3018,1,1576,2,2431,5.0,2983,1,1424,1,3860,1.5,3437,21.80788655293195,3364,8.615773105863909,4087,17.231546211727817,3887
1856,Shinichi Nishiyama,macro,Asia,Kyoto,7,2425,6,2423,134.73306943731373,2198,269.0,2354,8,3159,2,1169,3,2072,5.0,2983,2,1039,6,2464,4.5,2297,362.3186675271659,1244,47.65084884205331,3052,139.95254652615992,2334
1857,Naoki Wakabayashi,i_organization,Asia,Kyoto,3,3600,1,3809,63.49015671739991,2934,75.0,3312,7,3309,0,3283,0,3965,3.5,3382,0,3203,1,3860,0.5,4086,31.745078358699956,3084,63.49015671739991,2796,64.49015671739991,3005
1858,Mai Kobayashi,other,Asia,Kyoto,8,2197,7,2254,181.02209809854708,1915,339.0,2169,10,2874,0,3283,0,3965,5.0,2983,0,3203,7,2299,3.5,2589,90.51104904927354,2223,181.02209809854708,1717,182.02209809854708,2131
1859,Takanori Adachi,i_organization,Asia,Kyoto,8,2197,8,2100,86.36550237218562,2640,223.0,2522,24,1571,0,3283,3,2072,12.0,1681,0,3203,8,2146,4.5,2297,43.18275118609281,2826,86.36550237218562,2485,87.36550237218562,2750
1860,Yoshiaki Amano,finance,Asia,Kyoto,2,3967,0,4385,5.656854249492381,4287,8.0,4272,4,3855,0,3283,0,3965,2.0,3907,0,3203,0,4408,0.0,4504,2.8284271247461903,4297,5.656854249492381,4238,6.656854249492381,4254
1861,Emily Chung,other,Asia,Kyoto,5,2944,4,2824,78.33900688673555,2728,143.0,2870,6,3475,0,3283,0,3965,3.0,3545,0,3203,4,2882,2.0,3174,39.16950344336777,2894,78.33900688673555,2583,79.33900688673555,2828
1862,Yasuyuki Hamura,econometrics,Asia,Kyoto,5,2944,1,3809,20.97617696340303,3768,70.0,3350,22,1700,0,3283,0,3965,11.0,1825,0,3203,1,3860,0.5,4086,10.488088481701515,3807,20.97617696340303,3673,21.97617696340303,3752
1863,Makoto Hasegawa,p_finance,Asia,Kyoto,4,3256,2,3404,36.6333181680284,3396,60.0,3445,6,3475,0,3283,2,2431,3.0,3545,0,3203,2,3459,1.0,3730,18.3166590840142,3487,36.6333181680284,3288,37.6333181680284,3419
1864,Nobuyuki Isagawa,finance,Asia,Kyoto,7,2425,6,2423,43.17406628984581,3271,110.0,3069,11,2737,0,3283,0,3965,5.5,2853,0,3203,6,2464,3.0,2752,21.587033144922906,3372,43.17406628984581,3150,44.17406628984581,3305
1865,Takanori Ida,multiple-field,Asia,Kyoto,15,1141,23,906,278.4959604733972,1462,1000.0,1273,58,546,1,1576,4,1786,29.5,601,0,3203,24,876,13.0,1007,146.20398701186687,1833,279.40797402373374,1270,558.8159480474675,1270
1866,Kohei Iwasaki,macro,Asia,Kyoto,3,3600,0,4385,7.874007874011811,4188,14.0,4102,4,3855,0,3283,0,3965,2.0,3907,0,3203,0,4408,0.0,4504,3.9370039370059056,4206,7.874007874011811,4135,8.874007874011811,4163
1867,Steven Ivings,history,Asia,Kyoto,3,3600,0,4385,12.083045973594572,4028,28.0,3857,16,2168,0,3283,0,3965,8.0,2304,0,3203,0,4408,0.0,4504,6.041522986797286,4047,12.083045973594572,3953,13.083045973594572,4000
1868,Fumi Iwashima,history,Asia,Kyoto,1,4388,0,4385,2.23606797749979,4467,3.0,4453,2,4322,0,3283,0,3965,1.0,4350,0,3203,0,4408,0.0,4504,1.118033988749895,4470,2.23606797749979,4440,3.23606797749979,4442
1869,Yusuke Iwase,micro_theory,Asia,Kyoto,1,4388,0,4385,2.0,4497,2.0,4502,3,4085,0,3283,1,2917,1.5,4125,0,3203,0,4408,0.5,4086,1.0,4501,2.0,4473,3.0,4474
1870,Tomoya Kazumura,micro_theory,Asia,Kyoto,3,3600,3,3094,20.92844953645635,3769,36.0,3736,5,3656,0,3283,1,2917,2.5,3719,0,3203,3,3149,1.5,3437,10.464224768228174,3808,20.92844953645635,3675,21.92844953645635,3753
1871,Rusudan Kevkhishvili,finance,Asia,Kyoto,3,3600,0,4385,8.18535277187245,4165,13.0,4130,5,3656,0,3283,0,3965,2.5,3719,0,3203,0,4408,0.0,4504,4.092676385936225,4182,8.18535277187245,4108,9.18535277187245,4141
1872,Masaki Kusano,finance,Asia,Kyoto,4,3256,2,3404,22.181073012818835,3732,52.0,3533,10,2874,0,3283,0,3965,5.0,2983,0,3203,2,3459,1.0,3730,11.090536506409418,3771,22.181073012818835,3634,23.181073012818835,3716
1873,Deqiang Liu,development,Asia,Kyoto,7,2425,7,2254,67.20863039818622,2883,151.0,2826,7,3309,0,3283,0,3965,3.5,3382,0,3203,7,2299,3.5,2589,33.60431519909311,3037,67.20863039818622,2736,68.20863039818622,2964
1874,Jun Nakabayashi,i_organization,Asia,Kyoto,5,2944,4,2824,64.28063471995279,2919,124.0,2979,8,3159,3,924,4,1786,5.5,2853,3,816,4,2882,3.5,2589,209.60317871007712,1549,53.65570056765576,2936,206.62280227062303,2017
1875,Tosihiro Oka,i_trade,Asia,Kyoto,1,4388,0,4385,2.0,4497,2.0,4502,2,4322,0,3283,0,3965,1.0,4350,0,3203,0,4408,0.0,4504,1.0,4501,2.0,4473,3.0,4474
1876,Akira Tanaka,i_organization,Asia,Kyoto,1,4388,1,3809,16.0,3924,16.0,4062,2,4322,0,3283,0,3965,1.0,4350,0,3203,1,3860,0.5,4086,8.0,3952,16.0,3840,17.0,3899
1877,Junichi Yamasaki,multiple-field,Asia,Kyoto,1,4388,0,4385,2.23606797749979,4467,3.0,4453,4,3855,0,3283,1,2917,2.0,3907,0,3203,0,4408,0.5,4086,1.118033988749895,4470,2.23606797749979,4440,3.23606797749979,4442
1878,Yutaka Yamauchi,other,Asia,Kyoto,7,2425,5,2603,43.76071297408213,3257,115.0,3034,14,2384,0,3283,0,3965,7.0,2517,0,3203,5,2654,2.5,2945,21.880356487041063,3359,43.76071297408213,3130,44.76071297408213,3294
1879,Go Yano,finance,Asia,Kyoto,6,2677,5,2603,259.9288364148926,1540,403.0,2008,20,1840,0,3283,0,3965,10.0,1962,0,3203,5,2654,2.5,2945,129.9644182074463,1930,259.9288364148926,1350,260.9288364148926,1839
1880,Daishin Yasui,macro,Asia,Kyoto,5,2944,2,3404,38.87158345115362,3351,75.0,3312,7,3309,0,3283,3,2072,3.5,3382,0,3203,2,3459,2.0,3174,19.43579172557681,3441,38.87158345115362,3238,39.87158345115362,3377
1881,Yen Nie Yong,history,Asia,Kyoto,1,4388,0,4385,1.0,4570,1.0,4570,2,4322,0,3283,0,3965,1.0,4350,0,3203,0,4408,0.0,4504,0.5,4572,1.0,4561,2.0,4561
1882,Kazuhiro Yuki,multiple-field,Asia,Kyoto,4,3256,2,3404,43.95452195167182,3250,78.0,3285,9,3018,0,3283,3,2072,4.5,3116,0,3203,2,3459,1.5,3437,21.97726097583591,3353,43.95452195167182,3124,44.95452195167182,3288
1883,Andrew Brown,other,Europe,Leeds,16,1038,18,1155,566.9691349623893,830,1562.0,916,25,1518,0,3283,0,3965,12.5,1623,0,3203,18,1177,9.0,1418,283.48456748119463,1388,566.9691349623893,661,567.9691349623893,1259
1884,Gabriel Burdin Bula,labor,Europe,Leeds,9,1992,9,1961,145.55411364849843,2124,360.0,2113,17,2079,0,3283,3,2072,8.5,2203,0,3203,9,2003,5.5,2026,72.77705682424921,2393,145.55411364849843,1946,146.55411364849843,2300
1885,Jimena Castillo Aguerre,development,Europe,Leeds,0,4667,0,4385,0.0,4667,0.0,4667,1,4577,0,3283,0,3965,0.5,4588,0,3203,0,4408,0.0,4504,0.0,4667,0.0,4669,1.0,4669
1886,Anindita Chakrabarti,development,Europe,Leeds,7,2425,7,2254,72.12489168102785,2811,176.0,2724,18,1994,0,3283,0,3965,9.0,2114,0,3203,7,2299,3.5,2589,36.06244584051392,2971,72.12489168102785,2668,73.12489168102785,2900
1887,Rushi Chen,development,Europe,Leeds,1,4388,1,3809,10.0,4097,10.0,4201,1,4577,0,3283,0,3965,0.5,4588,0,3203,1,3860,0.5,4086,5.0,4116,10.0,4036,11.0,4071
1888,Chau Chu,development,Europe,Leeds,1,4388,1,3809,13.0,4006,13.0,4130,2,4322,0,3283,0,3965,1.0,4350,0,3203,1,3860,0.5,4086,6.5,4025,13.0,3930,14.0,3977
1889,Gary Dymski,multiple-field,Europe,Leeds,20,726,37,484,266.71145457216494,1511,1477.0,963,111,151,1,1576,1,2917,56.0,184,1,1424,37,494,19.0,627,170.92232563141084,1705,264.8446512628217,1334,529.6893025256434,1295
1890,Giuseppe Fontana,macro,Europe,Leeds,19,797,30,633,219.7817098850585,1708,1112.0,1190,83,282,0,3283,0,3965,41.5,325,0,3203,30,649,15.0,864,109.89085494252924,2052,219.7817098850585,1513,220.7817098850585,1962
1891,Leila Gautham,labor,Europe,Leeds,3,3600,3,3094,50.82322303829225,3118,81.0,3257,7,3309,0,3283,1,2917,3.5,3382,0,3203,3,3149,2.0,3174,25.411611519146124,3245,50.82322303829225,2987,51.82322303829225,3171
1892,Thomas Haines-Doran,multiple-field,Europe,Leeds,4,3256,2,3404,19.157244060668017,3825,41.0,3682,7,3309,0,3283,0,3965,3.5,3382,0,3203,2,3459,1.0,3730,9.578622030334008,3854,19.157244060668017,3726,20.157244060668017,3806
1893,Clemens Hetschko,labor,Europe,Leeds,10,1802,10,1828,118.52004049948684,2338,323.0,2206,20,1840,0,3283,2,2431,10.0,1962,0,3203,10,1859,5.5,2026,59.26002024974342,2567,118.52004049948684,2156,119.52004049948684,2485
1894,Peter Howley,multiple-field,Europe,Leeds,22,617,35,527,413.121047636162,1097,1725.0,845,49,693,0,3283,1,2917,24.5,776,0,3203,35,538,17.5,716,206.56052381808095,1563,413.121047636162,889,414.121047636162,1465
1895,Gissell Huaccha,p_finance,Europe,Leeds,2,3967,1,3809,11.135528725660045,4061,18.0,4028,4,3855,0,3283,0,3965,2.0,3907,0,3203,1,3860,0.5,4086,5.5677643628300215,4078,11.135528725660045,3992,12.135528725660045,4033
1896,Annina Kaltenbrunner,i_finance,Europe,Leeds,15,1141,16,1280,318.9984325980301,1334,1102.0,1192,41,868,0,3283,0,3965,20.5,981,0,3203,16,1309,8.0,1567,159.49921629901507,1760,318.9984325980301,1141,319.9984325980301,1673
1897,Effie Kesidou,i_organization,Europe,Leeds,16,1038,20,1048,845.4075940042176,590,2154.0,729,31,1232,0,3283,0,3965,15.5,1343,0,3203,20,1065,10.0,1294,422.7037970021088,1174,845.4075940042176,439,846.4075940042176,1032
1898,Stefan Kesting,multiple-field,Europe,Leeds,7,2425,6,2423,43.87482193696061,3251,141.0,2888,26,1461,0,3283,0,3965,13.0,1571,0,3203,6,2464,3.0,2752,21.937410968480304,3354,43.87482193696061,3125,44.87482193696061,3289
1899,Guilherme Klein Martins,development,Europe,Leeds,1,4388,0,4385,1.0,4570,1.0,4570,2,4322,0,3283,0,3965,1.0,4350,0,3203,0,4408,0.0,4504,0.5,4572,1.0,4561,2.0,4561
1900,Karsten Kohler,multiple-field,Europe,Leeds,10,1802,12,1604,133.9104178172856,2207,370.0,2090,20,1840,0,3283,0,3965,10.0,1962,0,3203,12,1632,6.0,1923,66.9552089086428,2456,133.9104178172856,2026,134.9104178172856,2367
1901,Sandra Lancheros Torres,i_trade,Europe,Leeds,6,2677,5,2603,93.95211546314432,2560,201.0,2611,11,2737,0,3283,0,3965,5.5,2853,0,3203,5,2654,2.5,2945,46.97605773157216,2755,93.95211546314432,2402,94.95211546314432,2684
1902,Andrew Mearman,other,Europe,Leeds,16,1038,20,1048,225.98893778236135,1682,739.0,1508,47,731,0,3283,0,3965,23.5,827,0,3203,20,1065,10.0,1294,112.99446889118067,2036,225.98893778236135,1487,226.98893778236135,1942
1903,Stuart Mills,behavior-experiment,Europe,Leeds,8,2197,6,2423,98.38190890605854,2523,213.0,2561,19,1915,0,3283,0,3965,9.5,2035,0,3203,6,2464,3.0,2752,49.19095445302927,2722,98.38190890605854,2361,99.38190890605854,2652
1904,Irene Mussio Garcia,multiple-field,Europe,Leeds,4,3256,0,4385,12.96148139681572,4008,34.0,3769,14,2384,0,3283,0,3965,7.0,2517,0,3203,0,4408,0.0,4504,6.48074069840786,4027,12.96148139681572,3933,13.96148139681572,3980
1905,Muhammad Ali Nasir,multiple-field,Europe,Leeds,36,203,62,197,1302.419671227366,352,5365.0,318,87,263,0,3283,0,3965,43.5,299,0,3203,62,201,31.0,292,651.209835613683,993,1302.419671227366,269,1303.419671227366,834
1906,Bianca Orsi,i_finance,Europe,Leeds,3,3600,1,3809,52.26853738148792,3099,68.0,3366,6,3475,0,3283,0,3965,3.0,3545,0,3203,1,3860,0.5,4086,26.13426869074396,3227,52.26853738148792,2961,53.26853738148792,3152
1907,Quentin Outram,history,Europe,Leeds,8,2197,7,2254,67.65352910233139,2876,199.0,2619,23,1634,0,3283,0,3965,11.5,1753,0,3203,7,2299,3.5,2589,33.826764551165695,3028,67.65352910233139,2729,68.65352910233139,2956
1908,Peter Phelps,multiple-field,Europe,Leeds,4,3256,3,3094,54.249423960075376,3069,89.0,3204,10,2874,0,3283,0,3965,5.0,2983,0,3203,3,3149,1.5,3437,27.124711980037688,3203,54.249423960075376,2930,55.249423960075376,3125
1909,Michael Reynolds,i_organization,Europe,Leeds,2,3967,0,4385,8.54400374531753,4151,13.0,4130,5,3656,0,3283,0,3965,2.5,3719,0,3203,0,4408,0.0,4504,4.272001872658765,4167,8.54400374531753,4095,9.54400374531753,4127
1910,Antonio Rodriguez Gil,labor,Europe,Leeds,2,3967,0,4385,7.280109889280518,4204,9.0,4234,2,4322,0,3283,0,3965,1.0,4350,0,3203,0,4408,0.0,4504,3.640054944640259,4220,7.280109889280518,4152,8.280109889280517,4177
1911,Juliane Scheffel,labor,Europe,Leeds,3,3600,2,3404,78.06407624509497,2733,112.0,3057,5,3656,0,3283,1,2917,2.5,3719,0,3203,2,3459,1.0,3730,39.03203812254748,2900,78.06407624509497,2588,79.06407624509497,2833
1912,Suman Seth,development,Europe,Leeds,11,1625,12,1604,212.30402728163213,1741,561.0,1731,23,1634,0,3283,0,3965,11.5,1753,0,3203,12,1632,6.0,1923,106.15201364081608,2080,212.30402728163213,1544,213.30402728163213,1989
1913,Gary Slater,labor,Europe,Leeds,10,1802,10,1828,157.77515647274765,2050,443.0,1933,17,2079,0,3283,0,3965,8.5,2203,0,3203,10,1859,5.0,2147,78.88757823637381,2339,157.77515647274765,1861,158.77515647274765,2242
1914,David Spencer,multiple-field,Europe,Leeds,20,726,31,605,317.7876649588527,1337,1415.0,993,59,532,0,3283,0,3965,29.5,601,0,3203,31,620,15.5,820,158.89383247942635,1765,317.7876649588527,1144,318.7876649588527,1676
1915,Esra Ugurlu,multiple-field,Europe,Leeds,2,3967,0,4385,7.211102550927978,4207,12.0,4154,4,3855,0,3283,0,3965,2.0,3907,0,3203,0,4408,0.0,4504,3.605551275463989,4223,7.211102550927978,4155,8.21110255092798,4180
1916,Gaston Yalonetzky,multiple-field,Europe,Leeds,11,1625,14,1430,124.12493705939995,2284,397.0,2027,38,953,0,3283,1,2917,19.0,1075,0,3203,14,1453,7.0,1731,62.06246852969998,2526,124.12493705939995,2106,125.12493705939995,2442
1917,Christopher Busch,macro,Europe,LMU,2,3967,1,3809,27.67670500619609,3595,34.0,3769,3,4085,0,3283,2,2431,1.5,4125,0,3203,1,3860,1.5,3437,13.838352503098047,3651,27.67670500619609,3484,28.67670500619609,3591
1918,Davide Cantoni,history,Europe,LMU,10,1802,10,1828,451.0942251902589,1014,1162.0,1148,16,2168,6,525,12,763,11.0,1825,5,545,11,1737,9.5,1356,4236.929673350022,469,181.2883338958985,1713,1234.0183372712895,854
1919,Carsten Eckel,i_trade,Europe,LMU,10,1802,10,1828,366.99591278378017,1201,714.0,1545,23,1634,1,1576,5,1568,12.0,1681,1,1424,10,1859,7.0,1731,409.6584475474119,1187,146.3168950948237,1943,292.6337901896474,1745
1920,Florian Englmaier,multiple-field,Europe,LMU,12,1477,15,1353,165.1696097955069,2004,555.0,1737,30,1275,1,1576,6,1392,15.5,1343,1,1424,15,1379,9.5,1356,92.4333063755179,2202,165.8666127510358,1810,331.7332255020716,1640
1921,Oliver Falck,multiple-field,Europe,LMU,23,568,36,503,952.3161239840476,528,3268.0,517,73,372,1,1576,4,1786,37.0,418,1,1424,36,514,18.5,651,621.134289325933,1012,941.2685786518658,392,1882.537157303732,685
1922,Lisandra Flach,i_trade,Europe,LMU,7,2425,6,2423,59.87486951969081,2990,167.0,2764,19,1915,0,3283,0,3965,9.5,2035,0,3203,6,2464,3.0,2752,29.93743475984541,3136,59.87486951969081,2855,60.87486951969081,3058
1923,Clemens Fuest,p_finance,Europe,LMU,20,726,54,251,333.14861548564176,1298,1824.0,819,166,62,1,1576,17,493,83.5,69,1,1424,54,259,28.5,340,342.8187683270895,1274,254.637536654179,1378,509.275073308358,1321
1924,Emanuel Hansen,p_finance,Europe,LMU,3,3600,1,3809,31.464265445104548,3501,48.0,3588,6,3475,1,1576,3,2072,3.5,3382,0,3203,2,3459,2.5,2945,23.21512405470294,3316,31.43024810940588,3390,62.86049621881176,3034
1925,Andreas Haufler,p_finance,Europe,LMU,18,872,29,665,297.4256209542144,1396,1080.0,1217,45,770,0,3283,14,640,22.5,866,0,3203,29,684,16.0,788,148.71281047710718,1816,297.4256209542144,1199,298.4256209542144,1728
1926,Matthias Lang,micro_theory,Europe,LMU,5,2944,3,3094,22.978250586152114,3704,54.0,3505,8,3159,0,3283,6,1392,4.0,3242,0,3203,3,3149,3.5,2589,11.489125293076055,3747,22.978250586152114,3602,23.978250586152114,3691
1927,Andreas Peichl,multiple-field,Europe,LMU,29,352,50,291,438.7391024287669,1042,2418.0,662,110,156,3,924,15,589,56.5,180,3,816,50,299,28.0,353,746.3117640195035,945,383.4655043496059,956,1525.8620173984236,764
1928,Karen Pittel,multiple-field,Europe,LMU,11,1625,11,1709,183.0874108178932,1902,545.0,1751,39,924,0,3283,0,3965,19.5,1041,0,3203,11,1737,5.5,2026,91.5437054089466,2211,183.0874108178932,1704,184.0874108178932,2121
1929,Niklas Potrafke,political_econ,Europe,LMU,32,272,69,158,1445.2913201150832,316,4807.0,362,113,148,0,3283,21,355,56.5,180,0,3203,69,166,38.0,196,722.6456600575416,951,1445.2913201150832,233,1446.2913201150832,783
1930,Panu Poutvaara,multiple-field,Europe,LMU,21,669,39,455,373.2613025750192,1183,1644.0,880,75,352,0,3283,15,589,37.5,409,0,3203,39,464,20.0,589,186.6306512875096,1637,373.2613025750192,985,374.2613025750192,1535
1931,Helmut Rainer,labor,Europe,LMU,17,948,20,1048,275.04545078950133,1480,988.0,1279,37,989,1,1576,12,763,19.0,1075,0,3203,21,1017,12.0,1098,146.44908148110704,1831,275.8981629622141,1289,551.7963259244282,1276
1932,Klaus Schmidt,multiple-field,Europe,LMU,27,420,39,455,7128.455583083898,31,11429.0,123,56,569,8,386,23,303,32.0,545,8,320,39,464,24.0,461,28507.5731071154,150,1011.0428704696524,365,9036.385834226872,266
1933,Monika Schnitzer,multiple-field,Europe,LMU,18,872,27,733,391.4792459377636,1144,1212.0,1114,47,731,0,3283,11,832,23.5,827,0,3203,27,755,14.5,901,195.7396229688818,1600,391.4792459377636,932,392.4792459377636,1503
1934,Arthur Seibold,labor,Europe,LMU,3,3600,2,3404,57.20139858430037,3024,72.0,3336,4,3855,2,1169,3,2072,3.0,3545,2,1039,2,3459,2.5,2945,116.32863826479692,2018,8.0,4126,21.0,3778
1935,Claudia Steinwender,multiple-field,Europe,LMU,7,2425,5,2603,177.81732199085667,1932,329.0,2193,11,2737,1,1576,4,1786,6.0,2731,1,1424,5,2654,4.0,2445,168.7792847683323,1722,152.5585695366646,1895,305.1171390733292,1709
1936,Uwe Sunde,multiple-field,Europe,LMU,32,272,66,179,2800.711159687839,134,8393.0,182,96,216,7,445,28,209,51.5,211,7,384,66,184,38.5,191,14980.230811705407,234,2486.240811216208,105,19841.926489729663,127
1937,Derya Uysal,econometrics,Europe,LMU,4,3256,3,3094,145.54380783805266,2125,253.0,2416,7,3309,0,3283,1,2917,3.5,3382,0,3203,3,3149,2.0,3174,72.77190391902633,2394,145.54380783805266,1947,146.54380783805266,2301
1938,Fabian Waldinger,labor,Europe,LMU,8,2197,8,2100,378.31997039543126,1176,936.0,1328,10,2874,6,525,9,991,8.0,2304,5,545,9,2003,7.5,1649,2942.7041864277376,554,218.6334874849209,1518,1495.434412394446,772
1939,Mirko Wiederholt,macro,Europe,LMU,9,1992,9,1961,454.5855255064772,1007,830.0,1417,11,2737,4,749,8,1097,7.5,2418,4,656,9,2003,6.5,1818,1919.576342585295,655,114.42644610780518,2184,557.1322305390258,1272
1940,Daniel Wilhelm,econometrics,Europe,LMU,5,2944,3,3094,43.46262762420146,3264,87.0,3214,10,2874,3,924,4,1786,6.5,2616,2,1039,4,2882,4.0,2445,90.60090486241418,2220,36.0907842155486,3298,136.36313686219438,2357
1941,Joachim Winter,multiple-field,Europe,LMU,28,386,53,259,486.8552146172412,945,2670.0,602,76,341,2,1169,17,493,39.0,379,2,1039,53,270,29.0,327,358.9669748330889,1251,486.7968646763302,762,1457.3905940289906,780
1942,Ludger Wößmann,labor,Europe,LMU,50,78,97,72,2156.3415777654523,187,11495.0,121,143,83,3,924,31,175,73.0,92,3,816,97,77,52.0,100,2348.604092880106,597,2036.203875660284,134,8136.815502641137,285
1943,Francis Wong,finance,Europe,LMU,3,3600,1,3809,86.15103017375938,2643,94.0,3169,5,3656,1,1576,1,2917,3.0,3545,0,3203,2,3459,1.5,3437,44.07261310856354,2810,87.14522621712709,2478,174.29045243425418,2166
1944,Jean-Victor Alipour,labor,Europe,LMU,3,3600,2,3404,82.70429251254133,2676,112.0,3057,7,3309,0,3283,2,2431,3.5,3382,0,3203,2,3459,1.0,3730,41.352146256270665,2852,82.70429251254133,2526,83.70429251254133,2785
1945,Raphael Brade,behavior-experiment,Europe,LMU,2,3967,0,4385,7.874007874011811,4188,12.0,4154,3,4085,0,3283,0,3965,1.5,4125,0,3203,0,4408,0.0,4504,3.9370039370059056,4206,7.874007874011811,4135,8.874007874011811,4163
1946,Mathias Bühler,history,Europe,LMU,2,3967,0,4385,3.605551275463989,4413,5.0,4375,3,4085,0,3283,2,2431,1.5,4125,0,3203,0,4408,1.0,3730,1.8027756377319943,4417,3.605551275463989,4374,4.60555127546399,4383
1947,Valeria Burdea,behavior-experiment,Europe,LMU,1,4388,0,4385,4.0,4388,4.0,4413,2,4322,0,3283,1,2917,1.0,4350,0,3203,0,4408,0.5,4086,2.0,4394,4.0,4349,5.0,4360
1949,Luisa Dörr,development,Europe,LMU,2,3967,2,3404,52.49761899362675,3093,66.0,3386,2,4322,0,3283,1,2917,1.0,4350,0,3203,2,3459,1.0,3730,26.248809496813376,3222,52.49761899362675,2953,53.49761899362675,3146
1950,Moritz Drechsel-Grau,labor,Europe,LMU,3,3600,2,3404,38.05259518088089,3370,56.0,3480,4,3855,0,3283,0,3965,2.0,3907,0,3203,2,3459,1.0,3730,19.026297590440446,3459,38.05259518088089,3259,39.05259518088089,3396
1951,Aleksandra Friedl,p_finance,Europe,LMU,1,4388,0,4385,8.0,4180,8.0,4272,1,4577,1,1576,1,2917,1.0,4350,0,3203,1,3860,1.0,3730,8.000000000000002,3946,1.0,4561,2.0,4561
1952,Tilman Fries,behavior-experiment,Europe,LMU,3,3600,2,3404,27.16615541441225,3604,44.0,3644,4,3855,0,3283,1,2917,2.0,3907,0,3203,2,3459,1.5,3437,13.583077707206124,3659,27.16615541441225,3494,28.16615541441225,3599
1953,Yvonne Giesing,labor,Europe,LMU,5,2944,4,2824,168.71573726241425,1987,269.0,2354,15,2273,0,3283,1,2917,7.5,2418,0,3203,4,2882,2.0,3174,84.35786863120713,2285,168.71573726241425,1797,169.71573726241425,2190
1954,Isabel Gödl-Hanisch,macro,Europe,LMU,1,4388,0,4385,5.0,4330,5.0,4375,2,4322,0,3283,1,2917,1.0,4350,0,3203,0,4408,0.5,4086,2.5,4337,5.0,4288,6.0,4300
1955,Pia Heckl,labor,Europe,LMU,0,4667,0,4385,0.0,4667,0.0,4667,2,4322,0,3283,0,3965,1.0,4350,0,3203,0,4408,0.0,4504,0.0,4667,0.0,4669,1.0,4669
1956,Kalle Kappner,history,Europe,LMU,2,3967,0,4385,3.741657386773941,4405,6.0,4335,3,4085,0,3283,0,3965,1.5,4125,0,3203,0,4408,0.0,4504,1.8708286933869709,4410,3.741657386773941,4367,4.741657386773941,4376
1957,Sebastian Link,macro,Europe,LMU,4,3256,4,2824,42.86023798347368,3283,85.0,3226,7,3309,0,3283,2,2431,3.5,3382,0,3203,4,2882,2.5,2945,21.43011899173684,3382,42.86023798347368,3164,43.86023798347368,3315
1958,Cäcilia Lipowski,labor,Europe,LMU,2,3967,1,3809,15.84297951775486,3933,23.0,3937,4,3855,0,3283,1,2917,2.0,3907,0,3203,1,3860,1.0,3730,7.92148975887743,3961,15.84297951775486,3850,16.84297951775486,3908
1959,Waldemar Marz,micro_theory,Europe,LMU,3,3600,1,3809,21.40093455903269,3750,36.0,3736,4,3855,0,3283,0,3965,2.0,3907,0,3203,1,3860,0.5,4086,10.700467279516348,3789,21.40093455903269,3653,22.40093455903269,3734
1960,Gerrit Meyerheim,development,Europe,LMU,3,3600,2,3404,26.514147167125703,3616,43.0,3658,4,3855,1,1576,2,2431,2.5,3719,1,1424,2,3459,1.5,3437,29.595452979136457,3147,14.19090595827292,3895,28.38181191654584,3597
1961,Jakob Miethe,p_finance,Europe,LMU,3,3600,2,3404,48.05205510693585,3176,69.0,3358,3,4085,0,3283,1,2917,1.5,4125,0,3203,2,3459,1.0,3730,24.026027553467927,3289,48.05205510693585,3048,49.05205510693585,3218
1962,Davide Pace,behavior-experiment,Europe,LMU,3,3600,0,4385,10.488088481701515,4082,20.0,3989,5,3656,0,3283,0,3965,2.5,3719,0,3203,0,4408,0.0,4504,5.244044240850758,4098,10.488088481701515,4017,11.488088481701515,4055
1963,Michaela Paffenholz,labor,Europe,LMU,0,4667,0,4385,0.0,4667,0.0,4667,1,4577,0,3283,0,3965,0.5,4588,0,3203,0,4408,0.0,4504,0.0,4667,0.0,4669,1.0,4669
1964,Filippo Pavanello,development,Europe,LMU,4,3256,4,2824,118.8276062201036,2334,192.0,2648,8,3159,0,3283,0,3965,4.0,3242,0,3203,4,2882,2.0,3174,59.4138031100518,2565,118.8276062201036,2152,119.8276062201036,2483
1965,Marie-Theres Von Schickfus,finance,Europe,LMU,1,4388,1,3809,96.00520819205592,2542,97.0,3145,4,3855,0,3283,0,3965,2.0,3907,0,3203,1,3860,0.5,4086,48.00260409602796,2740,96.00520819205592,2386,97.00520819205592,2672
1966,Sebastian Schirner,political_econ,Europe,LMU,1,4388,0,4385,4.0,4388,4.0,4413,1,4577,0,3283,0,3965,0.5,4588,0,3203,0,4408,0.0,4504,2.0,4394,4.0,4349,5.0,4360
1967,Ramona Schmid,labor,Europe,LMU,2,3967,0,4385,8.246211251235321,4163,10.0,4201,3,4085,0,3283,0,3965,1.5,4125,0,3203,0,4408,0.0,4504,4.123105625617661,4179,8.246211251235321,4106,9.24621125123532,4138
1968,Karl Schulz,p_finance,Europe,LMU,2,3967,0,4385,5.477225575051661,4293,8.0,4272,3,4085,0,3283,2,2431,1.5,4125,0,3203,0,4408,1.0,3730,2.7386127875258306,4303,5.477225575051661,4246,6.477225575051661,4260
1969,Ritwika Sen,development,Europe,LMU,1,4388,1,3809,12.0,4037,12.0,4154,1,4577,1,1576,1,2917,1.0,4350,1,1424,1,3860,1.0,3730,11.999999999999998,3721,1.0,4561,2.0,4561
1970,Tuuli Tähtinen,political_econ,Europe,LMU,1,4388,0,4385,5.0,4330,5.0,4375,3,4085,0,3283,1,2917,1.5,4125,0,3203,0,4408,0.5,4086,2.5,4337,5.0,4288,6.0,4300
1971,Simon Ter Meulen,labor,Europe,LMU,1,4388,1,3809,17.0,3891,17.0,4044,1,4577,0,3283,0,3965,0.5,4588,0,3203,1,3860,0.5,4086,8.5,3921,17.0,3801,18.0,3868
1972,Feodora Teti,i_trade,Europe,LMU,3,3600,2,3404,36.4828726939094,3399,61.0,3436,6,3475,0,3283,0,3965,3.0,3545,0,3203,2,3459,1.0,3730,18.2414363469547,3489,36.4828726939094,3290,37.4828726939094,3421
1973,Katharina Wedel,labor,Europe,LMU,2,3967,2,3404,15.588457268119896,3941,23.0,3937,5,3656,1,1576,1,2917,3.0,3545,1,1424,2,3459,1.5,3437,16.52268050859363,3548,12.04536101718726,3956,24.09072203437452,3683
1974,Sebastian Wichert,multiple-field,Europe,LMU,2,3967,2,3404,19.235384061671343,3822,28.0,3857,5,3656,0,3283,1,2917,2.5,3719,0,3203,2,3459,1.0,3730,9.617692030835672,3852,19.235384061671343,3724,20.235384061671343,3803
1975,Andrej Woerner,other,Europe,LMU,2,3967,0,4385,8.602325267042627,4145,12.0,4154,2,4322,0,3283,0,3965,1.0,4350,0,3203,0,4408,0.0,4504,4.301162633521313,4161,8.602325267042627,4089,9.602325267042628,4121
1976,Sili Zhang,other,Europe,LMU,1,4388,1,3809,19.0,3833,19.0,4007,1,4577,0,3283,0,3965,0.5,4588,0,3203,1,3860,0.5,4086,9.5,3862,19.0,3735,20.0,3814
1977,Peter Zorn,macro,Europe,LMU,2,3967,0,4385,8.54400374531753,4151,11.0,4176,2,4322,0,3283,0,3965,1.0,4350,0,3203,0,4408,0.0,4504,4.272001872658765,4167,8.54400374531753,4095,9.54400374531753,4127
1978,Philippe Aghion,multiple-field,Europe,LSE,71,14,130,41,5014.666688823894,49,28376.0,26,171,60,29,30,79,13,100.0,46,29,22,130,42,83.0,27,323197.17038756405,10,2082.850773547095,126,61645.52320641284,48
1979,Nava Ashraf,development,Europe,LSE,19,797,21,998,1069.3554133215018,464,3471.0,491,25,1518,10,280,12,763,17.5,1186,10,231,21,1017,15.5,820,14009.241220943144,245,637.636837669683,592,6915.005214366513,317
1980,Oriana Bandiera,multiple-field,Europe,LSE,31,296,37,484,1135.1127697281888,422,4627.0,376,52,637,12,216,26,250,32.0,545,12,173,37,494,26.5,389,21034.522283937065,180,933.152538942384,401,11987.98300625099,200
1981,Clare Balboni,development,Europe,LSE,3,3600,3,3094,90.0166651237425,2601,133.0,2937,4,3855,2,1169,2,2431,3.0,3545,2,1039,3,3149,2.5,2945,177.42693027200073,1669,39.05401462729781,3235,114.16204388189342,2519
1982,Timothy Besley,political_econ,Europe,LSE,65,24,115,56,3039.83930496334,125,20451.0,46,152,76,32,20,75,16,92.0,58,31,16,116,56,76.0,33,259637.90519532005,19,1820.4512853304116,162,59051.89241590357,50
1983,Mohan Bijapur,macro,Europe,LSE,2,3967,1,3809,15.264337522473747,3954,21.0,3971,2,4322,0,3283,0,3965,1.0,4350,0,3203,1,3860,0.5,4086,7.632168761236874,3979,15.264337522473747,3870,16.264337522473745,3926
1984,Gharad Bryan,development,Europe,LSE,7,2425,7,2254,555.4781723884387,842,1088.0,1211,11,2737,4,749,6,1392,7.5,2418,3,816,8,2146,6.5,1818,2016.4978690702208,638,338.6027495404065,1084,1678.0137477020323,734
1985,Robin Burgess,development,Europe,LSE,22,617,23,906,1531.4382129227415,293,5083.0,342,32,1187,12,216,18,453,22.0,892,12,173,23,925,18.5,651,41892.285109594624,107,349.8017169879395,1036,4404.422320843214,424
1986,Michael Callen,multiple-field,Europe,LSE,14,1239,14,1430,897.9331823693788,558,1782.0,828,22,1700,4,749,9,991,13.0,1571,4,656,14,1453,10.5,1239,1935.061974885303,652,839.3191007034378,442,4181.595503517189,441
1987,Francesco Caselli,multiple-field,Europe,LSE,22,617,25,816,1607.5475109619622,278,5341.0,319,33,1137,11,246,22,327,22.0,892,11,201,25,834,20.0,589,20472.00749094917,185,1414.997863246237,241,16859.97435895485,147
1988,Frank Cowell,multiple-field,Europe,LSE,31,296,47,332,941.975583547684,533,3558.0,484,96,216,3,924,22,327,49.5,228,3,816,47,340,27.0,375,1025.223803393297,843,935.592622745859,399,3734.370490983436,473
1989,Wouter Den Haan,macro,Europe,LSE,25,490,32,583,513.2202256341814,902,2019.0,757,40,899,3,924,19,415,21.5,923,3,816,32,600,18.0,684,1839.1736999380405,669,327.18050527445354,1113,1300.722021097814,835
1990,Maarten De Ridder,macro,Europe,LSE,2,3967,2,3404,55.10898293381942,3052,65.0,3397,2,4322,1,1576,2,2431,1.5,4125,1,1424,2,3459,1.5,3437,59.5,2563,12.0,3963,24.0,3688
1991,Swati Dhingra,i_trade,Europe,LSE,10,1802,10,1828,265.8796720322936,1520,638.0,1638,19,1915,3,924,4,1786,11.0,1825,3,816,10,1859,6.5,1818,750.6112856660451,942,212.0406659002023,1545,840.1626636008092,1035
1992,Jeremiah Dittmar,history,Europe,LSE,5,2944,4,2824,217.3913521739078,1715,377.0,2072,5,3656,3,924,3,2072,4.0,3242,3,816,4,2882,3.5,2589,1022.833034780397,845,26.53720459187964,3508,98.14881836751856,2666
1993,Matthias Doepke,multiple-field,Europe,LSE,25,490,29,665,818.2346851606818,601,3510.0,489,38,953,13,186,23,303,25.5,733,12,173,30,649,22.0,518,19522.05706401456,193,485.99260036495286,765,6635.89640510934,322
1994,Andrew Ellis,micro_theory,Europe,LSE,5,2944,3,3094,37.14835124201342,3387,82.0,3250,8,3159,3,924,6,1392,5.5,2853,1,1424,5,2654,5.0,2147,92.9084693540474,2196,35.03123475609393,3319,132.12493902437572,2386
1995,Alessandro Gavazza,multiple-field,Europe,LSE,12,1477,12,1604,195.2844079797463,1828,654.0,1616,21,1766,12,216,17,493,16.5,1262,10,231,14,1453,15.0,864,5256.321276307172,422,93.73738434767778,2406,1075.585996519811,913
1996,Maitreesh Ghatak,multiple-field,Europe,LSE,33,250,49,305,1187.0109519292566,401,5055.0,345,68,428,8,386,28,209,38.0,399,8,320,49,313,29.0,327,9750.444544353975,312,877.5573586601404,426,7835.016227941263,288
1997,Michael Gmeiner,multiple-field,Europe,LSE,6,2677,5,2603,36.069377593742864,3405,95.0,3161,15,2273,0,3283,0,3965,7.5,2418,0,3203,5,2654,2.5,2945,18.034688796871432,3495,36.069377593742864,3299,37.069377593742864,3426
1998,Vassilis Hajivassiliou,econometrics,Europe,LSE,10,1802,11,1709,497.29568668951873,931,1229.0,1100,16,2168,1,1576,5,1568,8.5,2203,1,1424,11,1737,6.5,1818,413.39738546491833,1184,463.7947709298367,798,927.5895418596732,980
1999,Jonathon Hazell,multiple-field,Europe,LSE,3,3600,3,3094,365.7376108633073,1204,506.0,1819,5,3656,2,1169,4,1786,3.5,3382,1,1424,4,2882,3.0,2752,305.7557068260152,1339,341.5114136520303,1067,1021.5342409560908,932
2000,Javier Hidalgo,econometrics,Europe,LSE,15,1141,23,906,183.0027322200409,1903,794.0,1443,45,770,2,1169,18,453,23.5,827,2,1039,23,925,15.5,820,156.6116316708911,1777,183.49655644116223,1701,547.4896693234867,1284
2001,Ethan Ilzetzki,multiple-field,Europe,LSE,9,1992,8,2100,740.8191412213915,652,1351.0,1033,14,2384,4,749,8,1097,9.0,2114,3,816,9,2003,7.0,1731,2008.893995394091,640,579.4085505099833,651,2882.0427525499167,550
2002,Xavier Jaravel,multiple-field,Europe,LSE,13,1348,15,1353,860.8193771053252,581,2026.0,755,18,1994,6,525,10,906,12.0,1681,6,456,15,1379,10.5,1239,7139.602788097103,361,262.8326303256656,1342,1804.8284122796592,701
2003,Camille Landais,multiple-field,Europe,LSE,16,1038,19,1100,639.1455233356485,751,1705.0,854,27,1408,9,329,12,763,18.0,1148,8,320,20,1065,15.0,864,4304.284013266087,461,591.6808732059085,638,5836.808732059085,361
2004,Jonathan Leape,multiple-field,Europe,LSE,3,3600,3,3094,272.2847773930816,1490,371.0,2087,9,3018,0,3283,3,2072,4.5,3116,0,3203,3,3149,2.0,3174,136.1423886965408,1895,272.2847773930816,1309,273.2847773930816,1808
2005,Gilat Levy,political_econ,Europe,LSE,16,1038,20,1048,258.3853711029322,1549,975.0,1297,32,1187,7,445,21,355,19.5,1041,6,456,21,1017,16.5,766,2167.1643594555567,615,207.7436175822285,1566,1613.948940657828,748
2006,Matthew Levy,behavior-experiment,Europe,LSE,5,2944,5,2603,181.11874557869487,1914,324.0,2203,9,3018,0,3283,1,2917,4.5,3116,0,3203,5,2654,2.5,2945,90.55937278934744,2222,181.11874557869487,1716,182.11874557869487,2130
2007,Stephen Machin,labor,Europe,LSE,53,62,134,34,1437.476608505335,319,10263.0,142,175,57,6,525,39,104,90.5,60,6,456,134,35,71.0,42,8997.419988949689,325,1037.389839003662,355,7226.728873025634,309
2008,Isabela Manelici,development,Europe,LSE,3,3600,3,3094,77.59510293826537,2739,107.0,3084,3,4085,1,1576,2,2431,2.0,3907,1,1424,3,3149,2.0,3174,85.67261752992876,2273,24.345235059857504,3559,48.69047011971501,3220
2009,Alan Manning,labor,Europe,LSE,38,176,65,185,2233.42584385513,178,8895.0,172,92,240,6,525,36,128,49.0,234,5,545,66,184,39.0,182,8945.354751824027,328,1703.7446804510978,183,11891.212763157684,205
2010,Antonio Mele,finance,Europe,LSE,11,1625,13,1510,223.0919093109385,1694,642.0,1632,20,1840,2,1169,5,1568,11.0,1825,2,1039,13,1535,7.5,1649,247.49265699618584,1447,217.5319001911318,1521,649.5957005733953,1181
2011,Guy Michaels,multiple-field,Europe,LSE,14,1239,14,1430,1494.5952629391008,306,3419.0,500,16,2168,3,924,12,763,9.5,2035,3,816,14,1453,9.0,1418,1488.059887132028,717,1480.7861820980734,225,5915.1447283922935,355
2012,Benjamin Moll,macro,Europe,LSE,16,1038,19,1100,768.944081191864,635,2273.0,696,23,1634,10,280,11,832,16.5,1262,8,320,21,1017,15.5,820,12394.25780356676,264,262.768668944551,1343,2791.4553583900606,559
2013,Dmitry Mukhin,i_finance,Europe,LSE,5,2944,4,2824,112.32987136109432,2382,166.0,2770,6,3475,4,749,4,1786,5.0,2983,3,816,5,2654,4.5,2297,468.34744915998687,1122,14.04987562112089,3900,55.24937810560445,3127
2014,Francesco Nava,micro_theory,Europe,LSE,6,2677,4,2824,41.352146256270665,3311,92.0,3183,7,3309,1,1576,4,1786,4.0,3242,1,1424,4,2882,3.5,2589,30.06240264773888,3129,41.12480529547776,3195,82.24961059095551,2802
2015,Rachel Ngai,macro,Europe,LSE,12,1477,12,1604,667.5260294550318,723,1267.0,1077,18,1994,2,1169,9,991,10.0,1962,2,1039,12,1632,8.0,1567,1372.107916464287,742,204.35117988289568,1582,610.0535396486871,1220
2016,Paula Onuchic,micro_theory,Europe,LSE,2,3967,0,4385,8.717797887081348,4140,14.0,4102,4,3855,1,1576,2,2431,2.5,3719,0,3203,1,3860,1.5,3437,9.162277660168378,3878,7.324555320336759,4150,14.649110640673518,3965
2017,Taisuke Otsu,econometrics,Europe,LSE,13,1348,17,1215,106.14612569472332,2445,517.0,1795,75,352,2,1169,19,415,38.5,391,2,1039,17,1241,15.0,864,141.8992674611545,1856,100.38190890605854,2335,298.14572671817564,1729
2018,Martin Pesendorfer,multiple-field,Europe,LSE,10,1802,11,1709,293.318939040765,1410,734.0,1517,19,1915,3,924,11,832,11.0,1825,2,1039,12,1632,9.5,1356,465.33516569985295,1124,235.09049959013836,1450,932.3619983605532,978
2019,Dimitra Petropoulou,multiple-field,Europe,LSE,4,3256,3,3094,50.547007824400445,3121,91.0,3190,6,3475,0,3283,0,3965,3.0,3545,0,3203,3,3149,1.5,3437,25.273503912200223,3248,50.547007824400445,2992,51.547007824400445,3174
2020,Jörn-Steffen Steffen Pischke,labor,Europe,LSE,24,528,26,777,8762.48343793014,19,15954.0,74,29,1320,4,749,16,541,16.5,1262,4,656,26,797,15.0,864,9962.206885007698,307,8723.475614966763,14,43602.37807483382,73
2021,Ronny Razin,micro_theory,Europe,LSE,13,1348,16,1280,167.59176590751707,1990,589.0,1694,25,1518,6,525,14,640,15.5,1343,5,545,17,1241,13.0,1007,1509.1379279679215,715,109.87011119662864,2223,734.0907783764005,1112
2022,Ricardo Reis,macro,Europe,LSE,25,490,36,503,1352.928675134059,340,4182.0,416,52,637,8,386,16,541,30.0,588,8,320,36,514,22.0,518,9931.499258781576,308,713.5345491186098,523,6358.810942067488,333
2023,Jane Olmstead-Rumsey,finance,Europe,LSE,1,4388,1,3809,272.0,1493,272.0,2347,1,4577,0,3283,0,3965,0.5,4588,0,3203,1,3860,0.5,4086,136.0,1897,272.0,1311,273.0,1810
2024,Thomas Sampson,i_trade,Europe,LSE,13,1348,14,1430,454.05175916408473,1008,1159.0,1151,18,1994,3,924,7,1234,10.5,1890,3,816,14,1453,8.5,1487,705.7778335548413,957,442.9420416373048,841,1763.7681665492191,716
2025,Christopher Sandmann,micro_theory,Europe,LSE,1,4388,0,4385,1.0,4570,1.0,4570,2,4322,1,1576,1,2917,1.5,4125,0,3203,1,3860,1.0,3730,1.0,4501,1.0,4561,2.0,4561
2026,Marcia Schafgans,econometrics,Europe,LSE,8,2197,6,2423,209.58530482836812,1750,398.0,2025,14,2384,1,1576,5,1568,7.5,2418,1,1424,6,2464,4.5,2297,208.48372624357896,1555,169.967452487158,1793,339.934904974316,1621
2027,Mark Schankerman,i_organization,Europe,LSE,22,617,24,859,1528.0696973633108,294,4619.0,378,31,1232,4,749,21,355,17.5,1186,4,656,24,876,15.5,820,3976.505763642892,485,1192.200740615827,303,5946.003703079135,353
2028,Pasquale Schiraldi,i_organization,Europe,LSE,7,2425,5,2603,127.53038853543887,2257,250.0,2430,12,2609,3,924,8,1097,7.5,2418,2,1039,6,2464,6.0,1923,224.3156684121911,1504,99.30160954002794,2349,389.20643816011176,1509
2029,Judith Shapiro,other,Europe,LSE,0,4667,0,4385,0.0,4667,0.0,4667,2,4322,0,3283,0,3965,1.0,4350,0,3203,0,4408,0.0,4504,0.0,4667,0.0,4669,1.0,4669
2030,Kevin Sheedy,macro,Europe,LSE,5,2944,4,2824,81.15417426109393,2693,174.0,2732,9,3018,1,1576,5,1568,5.0,2983,1,1424,4,2882,3.5,2589,86.38133189263675,2262,57.7626637852735,2882,115.525327570547,2509
2031,Kate Smith,p_finance,Europe,LSE,10,1802,11,1709,120.702112657567,2320,373.0,2084,15,2273,0,3283,6,1392,7.5,2418,0,3203,11,1737,6.5,1818,60.35105632878351,2554,120.702112657567,2142,121.702112657567,2472
2032,Johannes Spinnewijn,multiple-field,Europe,LSE,12,1477,16,1280,215.18828964420905,1726,738.0,1510,24,1571,8,386,15,589,16.0,1305,6,456,18,1177,14.0,936,2161.8510276676293,616,149.17011015083895,1921,1279.5309913575506,843
2033,Lord Nicholas Stern,multiple-field,Europe,LSE,44,113,74,134,7652.172175271542,26,16483.0,69,153,73,5,627,37,116,79.0,78,4,656,75,134,44.5,143,7693.889401539782,353,7578.036907344372,18,45444.22144406623,65
2034,Daniel Sturm,history,Europe,LSE,9,1992,9,1961,637.0408150189437,755,1589.0,904,10,2874,5,627,7,1234,7.5,2418,5,545,9,2003,7.0,1731,6365.304411552927,382,161.3905367981068,1840,944.3432207886408,966
2035,Christiane Szerman,labor,Europe,LSE,1,4388,1,3809,14.0,3985,14.0,4102,1,4577,0,3283,0,3965,0.5,4588,0,3203,1,3860,0.5,4086,7.0,4006,14.0,3906,15.0,3954
2036,Silvana Tenreyro,multiple-field,Europe,LSE,24,528,29,665,4101.831298334928,77,7106.0,229,34,1095,6,525,12,763,20.0,1011,6,456,29,684,17.5,716,5573.340063853414,409,4091.588819252373,50,28606.12173476661,99
2037,John Van Reenen,multiple-field,Europe,LSE,63,29,105,60,4020.165916974074,81,25310.0,34,129,106,34,16,59,31,81.5,73,31,16,108,58,73.0,39,355868.3997146494,5,2069.8683650963294,127,71290.39277837152,38
2038,Yike Wang,econometrics,Europe,LSE,1,4388,1,3809,16.0,3924,16.0,4062,2,4322,0,3283,0,3965,1.0,4350,0,3203,1,3860,0.5,4086,8.0,3952,16.0,3840,17.0,3899
2039,Alwyn Young,multiple-field,Europe,LSE,14,1239,14,1430,1708.3430568828967,257,4462.0,393,17,2079,11,246,15,589,14.0,1485,11,201,14,1453,13.0,1007,34842.68404606711,124,394.8827946131475,924,4618.59353535777,414
2040,Fredrik Andersson,multiple-field,Europe,Lund,24,528,47,332,537.6960107718859,873,2581.0,633,106,170,0,3283,13,700,53.0,204,0,3203,47,340,26.0,403,268.84800538594294,1408,537.6960107718859,698,538.6960107718859,1290
2043,Hossein Asgharian,finance,Europe,Lund,10,1802,10,1828,258.4821076979991,1548,637.0,1639,27,1408,0,3283,0,3965,13.5,1526,0,3203,10,1859,5.0,2147,129.24105384899954,1936,258.4821076979991,1361,259.4821076979991,1845
2044,Andreas Bergh,multiple-field,Europe,Lund,22,617,34,548,464.5686171062354,987,1886.0,795,61,505,0,3283,6,1392,30.5,577,0,3203,34,558,18.0,684,232.2843085531177,1481,464.5686171062354,796,465.5686171062354,1371
2045,Karin Bergman,i_trade,Europe,Lund,1,4388,0,4385,4.0,4388,4.0,4413,1,4577,0,3283,0,3965,0.5,4588,0,3203,0,4408,0.0,4504,2.0,4394,4.0,4349,5.0,4360
2046,Jan Bietenbeck,labor,Europe,Lund,7,2425,6,2423,93.31666517830564,2569,210.0,2573,11,2737,0,3283,5,1568,5.5,2853,0,3203,6,2464,4.0,2445,46.65833258915282,2764,93.31666517830564,2412,94.31666517830564,2692
2047,Yves Bourdet,multiple-field,Europe,Lund,6,2677,3,3094,125.4830665866913,2268,206.0,2588,22,1700,0,3283,0,3965,11.0,1825,0,3203,3,3149,1.5,3437,62.74153329334565,2510,125.4830665866913,2090,126.4830665866913,2427
2048,Hans Byström,finance,Europe,Lund,10,1802,10,1828,169.5847870535562,1985,505.0,1823,34,1095,0,3283,0,3965,17.0,1221,0,3203,10,1859,5.0,2147,84.7923935267781,2283,169.5847870535562,1795,170.5847870535562,2187
2049,Pol Campos-Mercade,behavior-experiment,Europe,Lund,7,2425,6,2423,284.8736562056941,1434,537.0,1767,11,2737,0,3283,3,2072,5.5,2853,0,3203,6,2464,3.5,2589,142.43682810284704,1854,284.8736562056941,1248,285.8736562056941,1768
2050,Hans Carlsson,micro_theory,Europe,Lund,2,3967,1,3809,16.64331697709324,3901,23.0,3937,4,3855,0,3283,1,2917,2.0,3907,0,3203,1,3860,0.5,4086,8.32165848854662,3931,16.64331697709324,3813,17.64331697709324,3879
2051,Claudio Daminato,multiple-field,Europe,Lund,5,2944,3,3094,40.162171256046406,3331,91.0,3190,9,3018,0,3283,3,2072,4.5,3116,0,3203,3,3149,3.0,2752,20.081085628023203,3421,40.162171256046406,3215,41.162171256046406,3359
2052,David Edgerton,econometrics,Europe,Lund,10,1802,10,1828,955.0120418088978,527,1708.0,853,15,2273,0,3283,0,3965,7.5,2418,0,3203,10,1859,5.0,2147,477.5060209044489,1115,955.0120418088978,387,956.0120418088978,964
2053,Andreas Ek,labor,Europe,Lund,2,3967,1,3809,10.770329614269007,4076,14.0,4102,2,4322,1,1576,1,2917,1.5,4125,1,1424,1,3860,1.0,3730,12.000000000000002,3720,5.0,4288,10.0,4105
2054,Lina Maria Ellegård,p_finance,Europe,Lund,8,2197,6,2423,63.45076831686122,2935,186.0,2671,23,1634,0,3283,1,2917,11.5,1753,0,3203,6,2464,3.5,2589,31.72538415843061,3085,63.45076831686122,2797,64.45076831686123,3007
2055,Hans Falck,development,Europe,Lund,2,3967,1,3809,123.15031465652046,2295,130.0,2954,3,4085,0,3283,0,3965,1.5,4125,0,3203,1,3860,0.5,4086,61.57515732826023,2533,123.15031465652046,2114,124.15031465652046,2449
2056,Thomas Fischer,multiple-field,Europe,Lund,4,3256,0,4385,11.357816691600547,4052,25.0,3909,5,3656,0,3283,0,3965,2.5,3719,0,3203,0,4408,0.0,4504,5.678908345800274,4069,11.357816691600547,3980,12.357816691600547,4023
2057,Jens Forssbaeck,finance,Europe,Lund,6,2677,5,2603,98.05100713404222,2527,206.0,2588,12,2609,0,3283,0,3965,6.0,2731,0,3203,5,2654,2.5,2945,49.02550356702111,2726,98.05100713404222,2366,99.05100713404222,2657
2058,Klas Fregert,history,Europe,Lund,5,2944,4,2824,25.76819745345025,3636,62.0,3427,9,3018,0,3283,0,3965,4.5,3116,0,3203,4,2882,2.0,3174,12.884098726725126,3687,25.76819745345025,3526,26.76819745345025,3626
2059,Kajsa Ganhammar,p_finance,Europe,Lund,1,4388,1,3809,20.0,3796,20.0,3989,1,4577,0,3283,0,3965,0.5,4588,0,3203,1,3860,0.5,4086,10.0,3830,20.0,3699,21.0,3778
2060,Ulf Gerdtham,multiple-field,Europe,Lund,49,85,135,33,1542.618877104776,287,9995.0,148,187,48,0,3283,31,175,93.5,56,0,3203,135,33,69.0,48,771.309438552388,926,1542.618877104776,211,1543.618877104776,759
2061,Gunes Gokmen,multiple-field,Europe,Lund,7,2425,6,2423,52.72570530585627,3090,142.0,2879,15,2273,0,3283,5,1568,7.5,2418,0,3203,6,2464,4.0,2445,26.362852652928137,3220,52.72570530585627,2950,53.72570530585627,3145
2062,Joakim Gullstrand,i_trade,Europe,Lund,10,1802,10,1828,113.758516164725,2372,327.0,2197,22,1700,0,3283,0,3965,11.0,1825,0,3203,10,1859,5.0,2147,56.8792580823625,2596,113.758516164725,2190,114.758516164725,2516
2063,Björn Hansson,finance,Europe,Lund,8,2197,8,2100,70.11419257183242,2842,210.0,2573,17,2079,0,3283,0,3965,8.5,2203,0,3203,8,2146,4.0,2445,35.05709628591621,2993,70.11419257183242,2693,71.11419257183242,2927
2064,Pontus Hansson,history,Europe,Lund,1,4388,1,3809,25.0,3651,25.0,3909,1,4577,0,3283,0,3965,0.5,4588,0,3203,1,3860,0.5,4086,12.5,3700,25.0,3545,26.0,3642
2065,Fredrik Heyman,labor,Europe,Lund,17,948,22,952,370.01891843526056,1194,1054.0,1239,36,1023,1,1576,5,1568,18.5,1111,1,1424,22,972,12.0,1098,198.87698612861476,1587,370.7539722572295,990,741.5079445144589,1105
2066,Hj Holm,behavior-experiment,Europe,Lund,15,1141,18,1155,289.2611277029805,1418,1030.0,1255,38,953,0,3283,4,1786,19.0,1075,0,3203,18,1177,9.5,1356,144.63056385149025,1839,289.2611277029805,1229,290.2611277029805,1750
2067,Natalie Irmert,development,Europe,Lund,1,4388,0,4385,9.0,4129,9.0,4234,1,4577,0,3283,0,3965,0.5,4588,0,3203,0,4408,0.0,4504,4.5,4147,9.0,4072,10.0,4105
2068,Karl Håkan Jankensgård,finance,Europe,Lund,9,1992,9,1961,88.9606654651369,2611,236.0,2483,17,2079,0,3283,0,3965,8.5,2203,0,3203,9,2003,4.5,2297,44.48033273256845,2801,88.9606654651369,2456,89.9606654651369,2726
2069,Andreas Johansson,finance,Europe,Lund,1,4388,0,4385,9.0,4129,9.0,4234,2,4322,0,3283,0,3965,1.0,4350,0,3203,0,4408,0.0,4504,4.5,4147,9.0,4072,10.0,4105
2070,Lars Jonung,multiple-field,Europe,Lund,17,948,25,816,206.83568357515105,1762,915.0,1343,71,395,0,3283,6,1392,35.5,448,0,3203,25,834,14.0,936,103.41784178757553,2098,206.83568357515105,1569,207.83568357515105,2011
2071,Yousef Kaddoura,econometrics,Europe,Lund,2,3967,1,3809,12.569805089976535,4016,18.0,4028,4,3855,0,3283,2,2431,2.0,3907,0,3203,1,3860,1.0,3730,6.284902544988268,4035,12.569805089976535,3941,13.569805089976535,3989
2072,Agneta Kruse,p_finance,Europe,Lund,5,2944,2,3404,19.748417658131498,3806,46.0,3618,7,3309,0,3283,0,3965,3.5,3382,0,3203,2,3459,1.0,3730,9.874208829065749,3838,19.748417658131498,3707,20.748417658131498,3789
2073,Olga Lark,labor,Europe,Lund,0,4667,0,4385,0.0,4667,0.0,4667,1,4577,0,3283,0,3965,0.5,4588,0,3203,0,4408,0.0,4504,0.0,4667,0.0,4669,1.0,4669
2074,Petter Lundborg,labor,Europe,Lund,29,352,41,427,534.1320061557817,875,2547.0,641,50,671,3,924,19,415,26.5,696,3,816,41,434,23.0,493,970.6066776450774,860,512.2847926258942,727,2041.139170503577,656
2075,Jonas Lundstedt,labor,Europe,Lund,1,4388,0,4385,4.0,4388,4.0,4413,1,4577,0,3283,0,3965,0.5,4588,0,3203,0,4408,0.0,4504,2.0,4394,4.0,4349,5.0,4360
2076,Carl Hampus Lyttkens,multiple-field,Europe,Lund,17,948,23,906,204.26698215815497,1781,861.0,1393,51,654,0,3283,8,1097,25.5,733,0,3203,23,925,14.5,901,102.13349107907749,2109,204.26698215815497,1583,205.26698215815497,2022
2077,Kaveh Majlesi,labor,Europe,Lund,16,1038,16,1280,658.6774627995101,730,1690.0,862,19,1915,4,749,14,640,11.5,1753,4,656,16,1309,10.0,1294,3180.08122302088,532,239.0914715594762,1438,1180.457357797381,874
2078,Luca Margaritella,econometrics,Europe,Lund,2,3967,1,3809,14.866068747318506,3964,19.0,4007,5,3656,0,3283,1,2917,2.5,3719,0,3203,1,3860,1.0,3730,7.433034373659253,3988,14.866068747318506,3882,15.866068747318506,3936
2079,Adrian Mehic,multiple-field,Europe,Lund,4,3256,1,3809,30.52867504494749,3515,48.0,3588,7,3309,0,3283,1,2917,3.5,3382,0,3203,1,3860,1.0,3730,15.264337522473747,3582,30.52867504494749,3405,31.52867504494749,3522
2080,Erik Mohlin,micro_theory,Europe,Lund,8,2197,8,2100,122.7151172431498,2298,277.0,2336,17,2079,1,1576,7,1234,9.0,2114,1,1424,8,2146,6.0,1923,84.17266821406542,2288,121.34533642813086,2130,242.69067285626173,1902
2081,Samson Mukanjari,multiple-field,Europe,Lund,5,2944,3,3094,72.19418259112018,2810,114.0,3041,8,3159,0,3283,0,3965,4.0,3242,0,3203,3,3149,1.5,3437,36.09709129556009,2970,72.19418259112018,2667,73.19418259112018,2899
2082,Adrian Nieto Castro,labor,Europe,Lund,3,3600,1,3809,16.76305461424021,3897,23.0,3937,4,3855,0,3283,1,2917,2.0,3907,0,3203,1,3860,0.5,4086,8.381527307120106,3927,16.76305461424021,3809,17.76305461424021,3874
2083,Birger Nilsson,finance,Europe,Lund,7,2425,7,2254,63.221831672294975,2938,169.0,2753,11,2737,0,3283,0,3965,5.5,2853,0,3203,7,2299,3.5,2589,31.610915836147488,3088,63.221831672294975,2801,64.22183167229497,3011
2084,Therese Nilsson,multiple-field,Europe,Lund,19,797,27,733,427.40262048798905,1068,1505.0,947,45,770,0,3283,5,1568,22.5,866,0,3203,27,755,14.0,936,213.70131024399453,1531,427.40262048798905,867,428.40262048798905,1436
2085,Martin Nordin,labor,Europe,Lund,13,1348,15,1353,155.54420593516173,2061,438.0,1945,27,1408,0,3283,0,3965,13.5,1526,0,3203,15,1379,7.5,1649,77.77210296758086,2349,155.54420593516173,1877,156.54420593516173,2252
2086,Marcus Nordström,econometrics,Europe,Lund,0,4667,0,4385,0.0,4667,0.0,4667,1,4577,0,3283,0,3965,0.5,4588,0,3203,0,4408,0.0,4504,0.0,4667,0.0,4669,1.0,4669
2087,Karin Olofsdotter,i_trade,Europe,Lund,5,2944,2,3404,23.473389188611005,3686,59.0,3453,12,2609,0,3283,0,3965,6.0,2731,0,3203,2,3459,1.0,3730,11.736694594305504,3729,23.473389188611005,3584,24.473389188611005,3669
2088,Maria Persson,i_trade,Europe,Lund,10,1802,10,1828,160.37767924496225,2036,431.0,1957,16,2168,0,3283,0,3965,8.0,2304,0,3203,10,1859,5.0,2147,80.18883962248113,2324,160.37767924496225,1848,161.37767924496225,2233
2089,Davide Pietrobon,development,Europe,Lund,1,4388,0,4385,4.0,4388,4.0,4413,1,4577,0,3283,1,2917,0.5,4588,0,3203,0,4408,0.5,4086,2.0,4394,4.0,4349,5.0,4360
2090,Eva Ranehill,behavior-experiment,Europe,Lund,13,1348,13,1510,303.5687730976294,1379,896.0,1357,19,1915,0,3283,1,2917,9.5,2035,0,3203,13,1535,6.5,1818,151.7843865488147,1797,303.5687730976294,1179,304.5687730976294,1713
2091,Simon Reese,econometrics,Europe,Lund,7,2425,3,3094,178.64489917151286,1926,304.0,2257,10,2874,0,3283,3,2072,5.0,2983,0,3203,3,3149,2.0,3174,89.32244958575643,2230,178.64489917151286,1731,179.64489917151286,2140
2092,Mohammad Sepahvand,behavior-experiment,Europe,Lund,3,3600,0,4385,11.269427669584644,4056,19.0,4007,6,3475,0,3283,0,3965,3.0,3545,0,3203,0,4408,0.0,4504,5.634713834792322,4073,11.269427669584644,3986,12.269427669584644,4027
2093,Talina Sondershaus,finance,Europe,Lund,1,4388,1,3809,21.0,3765,21.0,3971,2,4322,0,3283,1,2917,1.0,4350,0,3203,1,3860,1.0,3730,10.5,3804,21.0,3670,22.0,3749
2094,Devon Fontaine Spika,other,Europe,Lund,11,1625,11,1709,2045.3904272778827,202,2646.0,609,14,2384,0,3283,1,2917,7.0,2517,0,3203,11,1737,6.0,1923,1022.6952136389414,846,2045.3904272778827,132,2046.3904272778827,655
2095,Lars-Gunnar Svensson,micro_theory,Europe,Lund,12,1477,14,1430,242.11154454094088,1617,582.0,1704,31,1232,1,1576,8,1097,16.0,1305,1,1424,14,1453,11.0,1189,139.6824345130641,1874,242.36486902612816,1427,484.7297380522563,1346
2096,Bengt Söderlund,i_trade,Europe,Lund,3,3600,2,3404,32.14031735997639,3492,51.0,3547,6,3475,0,3283,0,3965,3.0,3545,0,3203,2,3459,1.0,3730,16.070158679988197,3565,32.14031735997639,3385,33.14031735997639,3501
2097,Prakriti Thami,p_finance,Europe,Lund,0,4667,0,4385,0.0,4667,0.0,4667,1,4577,0,3283,0,3965,0.5,4588,0,3203,0,4408,0.0,4504,0.0,4667,0.0,4669,1.0,4669
2098,Petra Thiemann,labor,Europe,Lund,6,2677,4,2824,44.51965857910413,3237,102.0,3106,9,3018,0,3283,2,2431,4.5,3116,0,3203,4,2882,3.0,2752,22.259829289552066,3342,44.51965857910413,3109,45.51965857910413,3275
2099,Anders Vilhelmsson,finance,Europe,Lund,8,2197,7,2254,104.85704554296768,2457,269.0,2354,16,2168,0,3283,1,2917,8.0,2304,0,3203,7,2299,3.5,2589,52.42852277148384,2659,104.85704554296768,2278,105.85704554296768,2584
2100,Roel Van Veldhuizen,behavior-experiment,Europe,Lund,10,1802,11,1709,94.01595609256974,2559,291.0,2294,14,2384,0,3283,6,1392,7.0,2517,0,3203,11,1737,5.5,2026,47.00797804628487,2753,94.01595609256974,2401,95.01595609256974,2683
2101,Mårten Wallette,labor,Europe,Lund,1,4388,0,4385,6.0,4274,6.0,4335,1,4577,0,3283,0,3965,0.5,4588,0,3203,0,4408,0.0,4504,3.0,4285,6.0,4225,7.0,4242
2102,Erik Wengström,behavior-experiment,Europe,Lund,18,872,26,777,456.88072841826016,1001,1728.0,843,42,840,1,1576,10,906,21.5,923,1,1424,26,797,15.5,820,400.0573592027098,1201,415.1147184054197,888,830.2294368108393,1042
2103,Joakim Westerlund,econometrics,Europe,Lund,34,230,71,148,4476.030830993012,63,11206.0,127,136,93,0,3283,16,541,68.0,116,0,3203,71,153,38.5,191,2238.015415496506,606,4476.030830993012,39,4477.030830993012,420
2104,Lakshmi Aerath,i_trade,Europe,Manchester,1,4388,1,3809,14.0,3985,14.0,4102,1,4577,0,3283,0,3965,0.5,4588,0,3203,1,3860,0.5,4086,7.0,4006,14.0,3906,15.0,3954
2105,Pierre-Richard Agenor,i_finance,Europe,Manchester,1,4388,1,3809,28.0,3587,28.0,3857,1,4577,0,3283,0,3965,0.5,4588,0,3203,1,3860,0.5,4086,14.0,3644,28.0,3476,29.0,3583
2106,Peter Backus,multiple-field,Europe,Manchester,5,2944,4,2824,34.84250278036869,3429,74.0,3321,7,3309,0,3283,1,2917,3.5,3382,0,3203,4,2882,2.5,2945,17.421251390184345,3514,34.84250278036869,3323,35.84250278036869,3449
2107,Prasenjit Banerjee,micro_theory,Europe,Manchester,6,2677,5,2603,143.12931216211445,2139,232.0,2495,8,3159,0,3283,0,3965,4.0,3242,0,3203,5,2654,2.5,2945,71.56465608105722,2404,143.12931216211445,1961,144.12931216211445,2313
2108,James Banks,multiple-field,Europe,Manchester,29,352,44,375,2022.3117959404776,207,6475.0,253,71,395,3,924,14,640,37.0,418,3,816,44,387,24.0,461,2351.8139482054967,596,1992.4102141086944,140,7961.640856434777,287
2109,Ralf Becker,multiple-field,Europe,Manchester,10,1802,11,1709,567.4266472417382,829,1163.0,1146,21,1766,0,3283,0,3965,10.5,1890,0,3203,11,1737,5.5,2026,283.7133236208691,1387,567.4266472417382,660,568.4266472417382,1258
2110,Michele Berardi,macro,Europe,Manchester,8,2197,4,2824,43.31281565541543,3269,140.0,2897,26,1461,0,3283,1,2917,13.0,1571,0,3203,4,2882,2.0,3174,21.656407827707717,3370,43.31281565541543,3147,44.31281565541543,3304
2111,George J Bratsiotis,macro,Europe,Manchester,6,2677,5,2603,54.15717865620402,3070,141.0,2888,19,1915,0,3283,1,2917,9.5,2035,0,3203,5,2654,3.0,2752,27.07858932810201,3204,54.15717865620402,2931,55.15717865620402,3129
2112,Caitlin Brown,development,Europe,Manchester,5,2944,4,2824,123.31261087171904,2293,222.0,2524,7,3309,0,3283,3,2072,3.5,3382,0,3203,4,2882,2.0,3174,61.65630543585952,2531,123.31261087171904,2112,124.31261087171904,2447
2113,Abhishek Chakravarty,development,Europe,Manchester,5,2944,3,3094,63.19018911191832,2939,109.0,3074,8,3159,0,3283,3,2072,4.0,3242,0,3203,3,3149,2.5,2945,31.59509455595916,3089,63.19018911191832,2802,64.19018911191831,3012
2114,Karim Chalak,econometrics,Europe,Manchester,8,2197,6,2423,62.60990336999412,2953,172.0,2744,16,2168,0,3283,6,1392,8.0,2304,0,3203,6,2464,5.5,2026,31.304951684997057,3100,62.60990336999412,2815,63.60990336999412,3023
2115,David Delacretaz,micro_theory,Europe,Manchester,4,3256,3,3094,37.62977544445356,3381,64.0,3405,6,3475,1,1576,4,1786,3.5,3382,1,1424,3,3149,2.5,2945,35.93737745050923,2977,32.874754901018456,3364,65.74950980203691,2990
2116,Omer Edhan,micro_theory,Europe,Manchester,1,4388,0,4385,6.244997998398398,4261,9.0,4234,7,3309,0,3283,1,2917,3.5,3382,0,3203,0,4408,0.5,4086,3.122498999199199,4274,6.244997998398398,4212,7.244997998398398,4232
2117,Igor Evstigneev,multiple-field,Europe,Manchester,15,1141,23,906,214.44579734748825,1728,867.0,1386,67,442,0,3283,3,2072,33.5,504,0,3203,23,925,12.0,1098,107.22289867374413,2068,214.44579734748825,1533,215.44579734748825,1980
2118,Rachel Griffith,multiple-field,Europe,Manchester,36,203,60,211,3306.420874601417,112,10611.0,137,71,395,7,445,30,187,39.0,379,7,384,60,218,34.5,235,17328.248077381497,211,1573.0025542763333,202,12536.020434210666,193
2119,Alastair Hall,econometrics,Europe,Manchester,20,726,29,665,518.6771635613043,893,1682.0,866,69,414,2,1169,30,187,35.5,448,2,1039,29,684,22.5,503,421.3063201298969,1176,517.3949941549685,722,1549.1849824649053,758
2120,M Emranul Haque,multiple-field,Europe,Manchester,10,1802,10,1828,350.89314612856145,1241,838.0,1410,15,2273,0,3283,0,3965,7.5,2418,0,3203,10,1859,5.0,2147,175.44657306428073,1680,350.89314612856145,1033,351.89314612856145,1580
2121,Katsushi Imai,development,Europe,Manchester,21,669,35,527,405.0913477229549,1117,1701.0,855,55,582,0,3283,0,3965,27.5,661,0,3203,35,538,17.5,716,202.54567386147747,1574,405.0913477229549,908,406.0913477229549,1482
2122,Sofia Izquierdo Sanchez,i_organization,Europe,Manchester,3,3600,2,3404,18.788294228055936,3838,31.0,3809,6,3475,0,3283,0,3965,3.0,3545,0,3203,2,3459,1.0,3730,9.394147114027968,3867,18.788294228055936,3740,19.788294228055936,3819
2123,Alessia Isopi,development,Europe,Manchester,3,3600,2,3404,73.1778655059028,2798,109.0,3074,4,3855,0,3283,0,3965,2.0,3907,0,3203,2,3459,1.0,3730,36.5889327529514,2957,73.1778655059028,2652,74.1778655059028,2887
2124,Leonidas Koutsougeras,micro_theory,Europe,Manchester,9,1992,8,2100,98.79271228182776,2515,248.0,2438,17,2079,0,3283,4,1786,8.5,2203,0,3203,8,2146,5.0,2147,49.39635614091387,2715,98.79271228182776,2353,99.79271228182776,2645
2125,Agnes Kovacs,macro,Europe,Manchester,3,3600,0,4385,11.61895003862225,4047,23.0,3937,5,3656,0,3283,3,2072,2.5,3719,0,3203,0,4408,1.5,3437,5.809475019311125,4065,11.61895003862225,3976,12.61895003862225,4018
2126,Sophie Kreutzkamp,micro_theory,Europe,Manchester,0,4667,0,4385,0.0,4667,0.0,4667,1,4577,0,3283,1,2917,0.5,4588,0,3203,0,4408,0.5,4086,0.0,4667,0.0,4669,1.0,4669
2127,Sonya Krutikova,development,Europe,Manchester,11,1625,12,1604,284.6910606253733,1435,657.0,1612,19,1915,1,1576,2,2431,10.0,1962,0,3203,13,1535,7.5,1649,146.33147930096138,1832,285.66295860192275,1245,571.3259172038455,1257
2128,Yuzuru Kumon,history,Europe,Manchester,2,3967,1,3809,11.357816691600547,4052,15.0,4081,4,3855,0,3283,0,3965,2.0,3907,0,3203,1,3860,0.5,4086,5.678908345800274,4069,11.357816691600547,3980,12.357816691600547,4023
2129,Patrick Macnamara,finance,Europe,Manchester,2,3967,1,3809,20.37154878746336,3784,29.0,3841,4,3855,0,3283,1,2917,2.0,3907,0,3203,1,3860,1.0,3730,10.18577439373168,3818,20.37154878746336,3686,21.37154878746336,3766
2130,Paul Madden,micro_theory,Europe,Manchester,9,1992,9,1961,122.51938622112012,2300,349.0,2138,36,1023,3,924,10,906,19.5,1041,0,3203,12,1632,10.0,1294,96.77602517277906,2157,125.31516668017912,2091,493.2606667207165,1340
2131,Edward Manderson,multiple-field,Europe,Manchester,9,1992,9,1961,401.6752419554882,1123,665.0,1601,13,2492,0,3283,0,3965,6.5,2616,0,3203,9,2003,4.5,2297,200.8376209777441,1579,401.6752419554882,915,402.6752419554882,1487
2132,Paul Middleditch,macro,Europe,Manchester,4,3256,1,3809,16.46207763315433,3907,35.0,3754,8,3159,0,3283,0,3965,4.0,3242,0,3203,1,3860,0.5,4086,8.231038816577165,3935,16.46207763315433,3819,17.46207763315433,3883
2133,Aruni Mitra,multiple-field,Europe,Manchester,0,4667,0,4385,0.0,4667,0.0,4667,3,4085,0,3283,1,2917,1.5,4125,0,3203,0,4408,0.5,4086,0.0,4667,0.0,4669,1.0,4669
2134,Kyriakos Neanidis,multiple-field,Europe,Manchester,12,1477,15,1353,142.38328553590833,2150,519.0,1792,25,1518,0,3283,1,2917,12.5,1623,0,3203,15,1379,7.5,1649,71.19164276795416,2413,142.38328553590833,1973,143.38328553590833,2321
2135,Antonio Nicolo,micro_theory,Europe,Manchester,12,1477,17,1215,94.58858282054976,2552,399.0,2019,39,924,0,3283,16,541,19.5,1041,0,3203,17,1241,12.5,1053,47.29429141027488,2747,94.58858282054976,2394,95.58858282054976,2677
2136,Chris Orme,econometrics,Europe,Manchester,13,1348,15,1353,158.09174551506476,2047,539.0,1764,35,1061,0,3283,3,2072,17.5,1186,0,3203,15,1379,8.0,1567,79.04587275753238,2334,158.09174551506476,1858,159.09174551506476,2239
2137,Denise Osborn,multiple-field,Europe,Manchester,29,352,57,232,470.5071731652983,973,2693.0,597,83,282,0,3283,9,991,41.5,325,0,3203,57,234,28.5,340,235.25358658264915,1470,470.5071731652983,785,471.5071731652983,1359
2138,Nuno Palma,history,Europe,Manchester,13,1348,16,1280,133.63382805263043,2209,462.0,1901,35,1061,1,1576,7,1234,18.0,1148,1,1424,16,1309,11.0,1189,81.39465339920075,2314,133.7893067984015,2028,267.578613596803,1822
2139,Simon Peters,multiple-field,Europe,Manchester,6,2677,4,2824,78.21125238736431,2731,143.0,2870,11,2737,0,3283,0,3965,5.5,2853,0,3203,4,2882,2.0,3174,39.10562619368216,2898,78.21125238736431,2586,79.21125238736431,2832
2140,Mario Pezzino,multiple-field,Europe,Manchester,8,2197,7,2254,51.92301994298868,3107,190.0,2654,26,1461,0,3283,1,2917,13.0,1571,0,3203,7,2299,4.0,2445,25.96150997149434,3233,51.92301994298868,2969,52.92301994298868,3159
2141,Carlo Reggiani,development,Europe,Manchester,1,4388,1,3809,30.0,3535,30.0,3824,1,4577,0,3283,0,3965,0.5,4588,0,3203,1,3860,0.5,4086,15.0,3598,30.0,3423,31.0,3538
2142,Daniel Rigby,multiple-field,Europe,Manchester,31,296,55,243,781.2790794588065,628,3785.0,455,69,414,0,3283,0,3965,34.5,474,0,3203,55,250,27.5,363,390.6395397294032,1211,781.2790794588065,477,782.2790794588065,1076
2143,Klaus Schenk Hoppé,finance,Europe,Manchester,20,726,29,665,240.7426011324128,1624,1139.0,1166,69,414,0,3283,4,1786,34.5,474,0,3203,29,684,15.0,864,120.3713005662064,1991,240.7426011324128,1432,241.7426011324128,1906
2144,Sebastian Seitz,labor,Europe,Manchester,2,3967,2,3404,111.99107107265291,2385,132.0,2945,4,3855,1,1576,2,2431,2.5,3719,0,3203,3,3149,2.0,3174,56.9933031710043,2594,112.9866063420086,2195,225.9732126840172,1943
2145,Arthur Sinko,multiple-field,Europe,Manchester,4,3256,4,2824,695.2848337192463,697,779.0,1462,5,3656,0,3283,3,2072,2.5,3719,0,3203,4,2882,2.0,3174,347.64241685962315,1265,695.2848337192463,540,696.2848337192463,1141
2146,Xiaolin Sun,finance,Europe,Manchester,1,4388,1,3809,21.047565179849187,3761,23.0,3937,3,4085,0,3283,0,3965,1.5,4125,0,3203,1,3860,0.5,4086,10.523782589924592,3799,21.047565179849187,3665,22.047565179849187,3744
2147,Akos Valentinyi,macro,Europe,Manchester,9,1992,9,1961,640.053122795288,749,1236.0,1094,24,1571,2,1169,5,1568,13.0,1571,2,1039,9,2003,6.0,1923,702.7687590198941,960,599.5441406289581,629,1795.6324218868742,703
2148,Matheus Vianna,macro,Europe,Manchester,2,3967,1,3809,17.029386365926403,3886,24.0,3921,3,4085,0,3283,0,3965,1.5,4125,0,3203,1,3860,0.5,4086,8.514693182963201,3916,17.029386365926403,3795,18.029386365926403,3862
2149,Chris Wallace,micro_theory,Europe,Manchester,13,1348,15,1353,136.05513588247965,2190,431.0,1957,21,1766,2,1169,11,832,11.5,1753,2,1039,15,1379,9.5,1356,275.889736213063,1397,85.77947242612596,2492,254.3384172783779,1859
2150,Chenyang Wang,finance,Europe,Manchester,1,4388,0,4385,7.0,4221,7.0,4303,1,4577,0,3283,0,3965,0.5,4588,0,3203,0,4408,0.0,4504,3.5,4237,7.0,4171,8.0,4195
2151,Xiaobing Wang,development,Europe,Manchester,15,1141,20,1048,153.89281984550158,2073,577.0,1711,29,1320,0,3283,0,3965,14.5,1436,0,3203,20,1065,10.0,1294,76.94640992275079,2358,153.89281984550158,1892,154.89281984550158,2258
2152,Mazhar Waseem,p_finance,Europe,Manchester,7,2425,7,2254,297.6995129320839,1395,503.0,1827,8,3159,2,1169,7,1234,5.0,2983,2,1039,7,2299,5.0,2147,767.0451608829317,932,57.78530272392541,2881,170.35590817177624,2188
2153,Craig Webb,micro_theory,Europe,Manchester,4,3256,2,3404,27.83882181415011,3593,59.0,3453,11,2737,0,3283,1,2917,5.5,2853,0,3203,2,3459,1.0,3730,13.919410907075054,3649,27.83882181415011,3481,28.83882181415011,3589
2154,Ada Wossink,multiple-field,Europe,Manchester,28,386,44,375,445.34593295549473,1029,2261.0,701,58,546,0,3283,0,3965,29.0,616,0,3203,44,387,22.0,518,222.67296647774737,1508,445.34593295549473,836,446.34593295549473,1406
2155,Horst Zank,micro_theory,Europe,Manchester,16,1038,24,859,267.8245694479877,1506,996.0,1275,32,1187,0,3283,3,2072,16.0,1305,0,3203,24,876,12.0,1098,133.91228472399385,1908,267.8245694479877,1325,268.8245694479877,1818
2156,Nicolas Ajzenman,multiple-field,North America,McGill,9,1992,9,1961,74.90660852021001,2775,223.0,2522,12,2609,1,1576,5,1568,6.5,2616,1,1424,9,2003,6.5,1818,50.79334178897046,2692,74.58668357794092,2637,149.17336715588183,2286
2157,Francisco Alvarez-Cuadrado,macro,North America,McGill,12,1477,13,1510,240.74883177286657,1623,662.0,1606,15,2273,0,3283,2,2431,7.5,2418,0,3203,13,1535,6.5,1818,120.37441588643328,1990,240.74883177286657,1431,241.74883177286657,1905
2158,Francesco Amodio,multiple-field,North America,McGill,7,2425,4,2824,64.24951361683604,2920,142.0,2879,15,2273,2,1169,7,1234,8.5,2203,1,1424,5,2654,4.5,2297,65.16140324545823,2481,63.02458520956943,2807,186.07375562870828,2114
2159,Daniel Barczyk,multiple-field,North America,McGill,6,2677,4,2824,85.9534757877772,2646,158.0,2801,8,3159,2,1169,3,2072,5.0,2983,1,1424,5,2654,4.0,2445,143.19394146566685,1850,62.02499479383568,2828,183.07498438150705,2126
2160,Leonie Baumann,micro_theory,North America,McGill,1,4388,1,3809,21.0,3765,21.0,3971,3,4085,0,3283,2,2431,1.5,4125,0,3203,1,3860,1.5,3437,10.5,3804,21.0,3670,22.0,3749
2161,Hassan Benchekroun,multiple-field,North America,McGill,17,948,33,565,223.91739548324512,1690,1065.0,1232,65,467,0,3283,6,1392,32.5,531,0,3203,33,579,17.0,742,111.95869774162256,2038,223.91739548324512,1492,224.91739548324512,1945
2162,Claire Boone,multiple-field,North America,McGill,8,2197,7,2254,151.0529708413575,2089,303.0,2259,12,2609,0,3283,1,2917,6.0,2731,0,3203,7,2299,3.5,2589,75.52648542067875,2366,151.0529708413575,1908,152.0529708413575,2271
2163,Robert D. Cairns,multiple-field,North America,McGill,18,872,39,455,194.95384069055936,1832,1017.0,1264,78,323,0,3283,6,1392,39.0,379,0,3203,39,464,19.5,610,97.47692034527968,2145,194.95384069055936,1637,195.95384069055936,2063
2164,Santiago Camara,i_finance,North America,McGill,2,3967,0,4385,6.324555320336759,4256,8.0,4272,2,4322,0,3283,0,3965,1.0,4350,0,3203,0,4408,0.0,4504,3.1622776601683795,4269,6.324555320336759,4207,7.324555320336759,4227
2165,Rui Castro,multiple-field,North America,McGill,7,2425,7,2254,125.16389255691917,2272,268.0,2357,14,2384,2,1169,7,1234,8.0,2304,2,1039,7,2299,6.0,1923,310.28301535483365,1334,55.98147830506312,2904,164.94443491518936,2209
2166,Saraswata Chaudhuri,econometrics,North America,McGill,5,2944,3,3094,55.52476924760696,3046,109.0,3074,12,2609,0,3283,4,1786,6.0,2731,0,3203,3,3149,3.0,2752,27.76238462380348,3185,55.52476924760696,2912,56.52476924760696,3106
2167,Matthieu Chemin,development,North America,McGill,12,1477,14,1430,189.47823093959897,1863,604.0,1679,23,1634,0,3283,8,1097,11.5,1753,0,3203,14,1453,8.5,1487,94.73911546979949,2176,189.47823093959897,1666,190.47823093959897,2089
2168,Russell Davidson,econometrics,North America,McGill,29,352,47,332,1392.1433115882862,328,4663.0,374,88,257,4,749,20,383,46.0,276,4,656,47,340,27.0,375,5531.967640218068,410,617.4028040366297,608,3072.0140201831487,533
2169,Jean-Marie Dufour,econometrics,North America,McGill,31,296,61,204,505.5670084172819,915,2886.0,568,106,170,5,627,43,79,55.5,187,5,545,61,209,39.5,174,2944.622969158139,553,365.6327772124991,999,2169.7966632749944,635
2170,Rohan Dutta,micro_theory,North America,McGill,4,3256,3,3094,33.406586176980134,3461,74.0,3321,13,2492,1,1576,5,1568,7.0,2517,0,3203,4,2882,4.0,2445,18.673332000533065,3479,34.34666400106613,3333,68.69332800213226,2955
2171,Mayssun El-Attar,labor,North America,McGill,4,3256,2,3404,46.37887450122092,3206,83.0,3240,8,3159,0,3283,0,3965,4.0,3242,0,3203,2,3459,1.0,3730,23.18943725061046,3318,46.37887450122092,3080,47.37887450122092,3251
2172,Jim Engle-Warnick,behavior-experiment,North America,McGill,10,1802,10,1828,162.8649747490233,2021,393.0,2037,15,2273,0,3283,2,2431,7.5,2418,0,3203,10,1859,5.0,2147,81.43248737451165,2313,162.8649747490233,1834,163.8649747490233,2217
2173,Larry Epstein,micro_theory,North America,McGill,33,250,56,237,1071.2338680232249,461,4670.0,370,71,395,15,142,44,75,43.0,305,15,113,56,241,37.0,203,18196.463381231308,204,766.7147065210312,487,12043.4353043365,199
2174,John W Galbraith,econometrics,North America,McGill,18,872,26,777,218.23611066915572,1713,941.0,1325,40,899,0,3283,9,991,20.0,1011,0,3203,26,797,15.0,864,109.11805533457787,2055,218.23611066915572,1519,219.23611066915572,1965
2175,Nicolas Gendron-Carrier,multiple-field,North America,McGill,3,3600,3,3094,74.65252842335616,2778,99.0,3133,3,4085,1,1576,1,2917,2.0,3907,1,1424,3,3149,2.0,3174,46.98986347636336,2754,74.97972695272672,2632,149.95945390545344,2281
2176,Silvia Goncalves,econometrics,North America,McGill,20,726,26,777,446.0134527119109,1028,1370.0,1019,37,989,1,1576,19,415,19.0,1075,1,1424,26,797,16.5,766,296.65825729983385,1363,440.3165145996677,846,880.6330291993353,1007
2177,Franque Grimard,development,North America,McGill,13,1348,14,1430,305.2949393619226,1370,927.0,1336,19,1915,0,3283,4,1786,9.5,2035,0,3203,14,1453,7.5,1649,152.6474696809613,1789,305.2949393619226,1172,306.2949393619226,1703
2178,Fabian Lange,labor,North America,McGill,17,948,19,1100,548.2718303907287,859,1748.0,838,25,1518,5,627,15,589,15.0,1386,5,545,19,1119,12.5,1053,2112.267225532104,623,426.0819397694468,872,2532.4916386166806,585
2179,Sonia Laszlo,development,North America,McGill,11,1625,15,1353,158.5023659129415,2046,501.0,1829,21,1766,0,3283,1,2917,10.5,1890,0,3203,15,1379,7.5,1649,79.25118295647076,2332,158.5023659129415,1857,159.5023659129415,2237
2180,Markus Poschke,multiple-field,North America,McGill,13,1348,13,1510,291.9349242553895,1413,970.0,1300,17,2079,0,3283,5,1568,8.5,2203,0,3203,13,1535,7.0,1731,145.96746212769474,1835,291.9349242553895,1219,292.9349242553895,1743
2181,Francisco Ruge-Murcia,macro,North America,McGill,18,872,23,906,235.6544079791422,1646,1011.0,1267,39,924,1,1576,18,453,20.0,1011,1,1424,23,925,14.5,901,180.81511423563776,1661,226.63022847127556,1484,453.2604569425511,1393
2182,Fernando Saltiel,labor,North America,McGill,5,2944,3,3094,86.85044617041412,2636,141.0,2888,12,2609,0,3283,3,2072,6.0,2731,0,3203,3,3149,2.0,3174,43.42522308520706,2823,86.85044617041412,2481,87.85044617041412,2748
2183,Licun Xue,micro_theory,North America,McGill,10,1802,10,1828,170.384858482202,1982,449.0,1921,16,2168,0,3283,4,1786,8.0,2304,0,3203,10,1859,5.0,2147,85.192429241101,2279,170.384858482202,1789,171.384858482202,2184
2184,Victoria Zinde-Walsh,econometrics,North America,McGill,11,1625,11,1709,130.92364186807515,2231,399.0,2019,37,989,0,3283,7,1234,18.5,1111,0,3203,11,1737,7.5,1649,65.46182093403758,2477,130.92364186807515,2051,131.92364186807515,2389
2185,Sushant Acharya,macro,Oceania,Melbourne,6,2677,5,2603,62.928530890209096,2947,136.0,2924,11,2737,2,1169,7,1234,6.5,2616,2,1039,5,2654,5.5,2026,151.76829668359096,1798,33.921779399024736,3348,98.7653381970742,2661
2186,Reshad Ahsan,i_trade,Oceania,Melbourne,6,2677,4,2824,125.76963067449948,2265,250.0,2430,11,2737,0,3283,3,2072,5.5,2853,0,3203,4,2882,2.5,2945,62.88481533724974,2509,125.76963067449948,2089,126.76963067449948,2426
2187,Georgy Artemov,micro_theory,Oceania,Melbourne,4,3256,1,3809,21.236760581595306,3752,39.0,3705,8,3159,0,3283,3,2072,4.0,3242,0,3203,1,3860,1.5,3437,10.618380290797653,3791,21.236760581595306,3656,22.236760581595306,3736
2188,Ivan Balbuzanov,micro_theory,Oceania,Melbourne,4,3256,3,3094,19.131126469708992,3826,40.0,3695,6,3475,1,1576,2,2431,3.5,3382,1,1424,3,3149,2.5,2945,18.154753215150045,3492,17.30950643030009,3785,34.61901286060018,3475
2189,Kathryn Baragwanath,development,Oceania,Melbourne,3,3600,3,3094,127.64403628842204,2256,175.0,2728,5,3656,0,3283,0,3965,2.5,3719,0,3203,3,3149,1.5,3437,63.822018144211015,2503,127.64403628842204,2076,128.64403628842203,2414
2190,Victoria Baranov,multiple-field,Oceania,Melbourne,11,1625,12,1604,142.24275025462634,2151,425.0,1969,19,1915,1,1576,4,1786,10.0,1962,1,1424,12,1632,7.0,1731,149.54852083231876,1813,104.0970416646375,2285,208.194083329275,2010
2191,Aaron Barkley,i_organization,Oceania,Melbourne,2,3967,0,4385,6.082762530298219,4266,11.0,4176,5,3656,0,3283,2,2431,2.5,3719,0,3203,0,4408,1.0,3730,3.0413812651491097,4278,6.082762530298219,4217,7.082762530298219,4236
2192,Jeff Borland,labor,Oceania,Melbourne,20,726,36,503,579.7706443068672,818,1984.0,768,79,311,1,1576,1,2917,40.0,354,1,1424,36,514,18.5,651,432.609102140828,1164,560.2182042816561,669,1120.4364085633122,894
2193,James Bugden,p_finance,Oceania,Melbourne,0,4667,0,4385,0.0,4667,0.0,4667,1,4577,0,3283,0,3965,0.5,4588,0,3203,0,4408,0.0,4504,0.0,4667,0.0,4669,1.0,4669
2194,David Byrne,i_organization,Oceania,Melbourne,9,1992,8,2100,117.6775254668452,2344,296.0,2283,19,1915,3,924,7,1234,11.0,1825,2,1039,9,2003,6.5,1818,249.5874530693968,1440,75.18725649309579,2630,292.74902597238315,1744
2195,Enrique Calderin,other,Oceania,Melbourne,12,1477,16,1280,240.12913192696965,1629,720.0,1540,51,654,0,3283,0,3965,25.5,733,0,3203,16,1309,8.0,1567,120.06456596348482,1993,240.12913192696965,1434,241.12913192696965,1907
2196,Alexandra De Gendre,labor,Oceania,Melbourne,1,4388,0,4385,2.0,4497,2.0,4502,1,4577,0,3283,0,3965,0.5,4588,0,3203,0,4408,0.0,4504,1.0,4501,2.0,4473,3.0,4474
2197,Andrew Clarke,labor,Oceania,Melbourne,6,2677,4,2824,58.172158288995945,3012,118.0,3016,7,3309,0,3283,1,2917,3.5,3382,0,3203,4,2882,2.0,3174,29.08607914449797,3157,58.172158288995945,2877,59.172158288995945,3079
2198,David Harris,multiple-field,Oceania,Melbourne,16,1038,21,998,243.52823244954575,1611,936.0,1328,47,731,0,3283,6,1392,23.5,827,0,3203,21,1017,12.0,1098,121.76411622477288,1980,243.52823244954575,1419,244.52823244954575,1893
2199,James Hansen,finance,Oceania,Melbourne,4,3256,2,3404,36.51027252705737,3397,67.0,3375,6,3475,0,3283,3,2072,3.0,3545,0,3203,2,3459,2.5,2945,18.255136263528684,3488,36.51027252705737,3289,37.51027252705737,3420
2200,Jenny Lye,multiple-field,Oceania,Melbourne,12,1477,15,1353,129.95383795794567,2237,480.0,1869,45,770,0,3283,2,2431,22.5,866,0,3203,15,1379,8.5,1487,64.97691897897283,2483,129.95383795794567,2057,130.95383795794567,2395
2201,Joe Hirschberg,multiple-field,Oceania,Melbourne,13,1348,16,1280,132.93607486307093,2216,550.0,1743,50,671,0,3283,9,991,25.0,750,0,3203,16,1309,11.0,1189,66.46803743153546,2461,132.93607486307093,2032,133.93607486307093,2372
2202,Leslie Martin,multiple-field,Oceania,Melbourne,9,1992,8,2100,164.93938280471406,2006,381.0,2065,11,2737,2,1169,3,2072,6.5,2616,2,1039,8,2146,5.0,2147,205.4010651081142,1567,155.08820986607688,1881,462.2646295982306,1378
2203,Liana Jacobi,econometrics,Oceania,Melbourne,6,2677,6,2423,52.64978632435273,3091,136.0,2924,16,2168,1,1576,5,1568,8.5,2203,1,1424,6,2464,4.0,2445,57.874507866387546,2580,32.74901573277509,3369,65.49803146555018,2996
2204,Marc Chan,multiple-field,Oceania,Melbourne,9,1992,8,2100,84.61087400565013,2661,239.0,2472,18,1994,2,1169,8,1097,10.0,1962,2,1039,8,2146,7.0,1731,130.72349076966876,1927,78.4525996941896,2581,232.3577990825688,1928
2205,Li Shuyun May,multiple-field,Oceania,Melbourne,5,2944,2,3404,26.0768096208106,3626,76.0,3301,14,2384,0,3283,1,2917,7.0,2517,0,3203,2,3459,1.5,3437,13.038404810405298,3680,26.0768096208106,3520,27.0768096208106,3618
2206,Mei Dong,macro,Oceania,Melbourne,3,3600,2,3404,19.313207915827967,3821,41.0,3682,6,3475,0,3283,6,1392,3.0,3545,0,3203,2,3459,3.0,2752,9.656603957913983,3851,19.313207915827967,3723,20.313207915827967,3802
2207,Michael Coelli,labor,Oceania,Melbourne,10,1802,11,1709,207.8966089189528,1758,499.0,1830,17,2079,0,3283,1,2917,8.5,2203,0,3203,11,1737,5.5,2026,103.9483044594764,2096,207.8966089189528,1565,208.8966089189528,2007
2208,Nisvan Erkal,behavior-experiment,Oceania,Melbourne,13,1348,17,1215,443.9740983435858,1031,1235.0,1096,30,1275,1,1576,5,1568,15.5,1343,1,1424,17,1241,9.5,1356,359.7534430853776,1249,418.5068861707553,885,837.0137723415105,1036
2209,Phillip Mccalman,i_trade,Oceania,Melbourne,11,1625,14,1430,197.50443033005612,1819,586.0,1698,25,1518,1,1576,3,2072,13.0,1571,1,1424,14,1453,8.0,1567,133.09788875150684,1915,195.1957775030137,1635,390.3915550060274,1508
2210,Ross Garnaut,multiple-field,Oceania,Melbourne,14,1239,20,1048,312.6355705929829,1353,981.0,1291,93,233,0,3283,0,3965,46.5,267,0,3203,20,1065,10.0,1294,156.31778529649145,1781,312.6355705929829,1160,313.6355705929829,1687
2211,Simon Loertscher,micro_theory,Oceania,Melbourne,12,1477,16,1280,85.80209787645055,2647,388.0,2051,47,731,3,924,16,541,25.0,750,2,1039,17,1241,14.0,936,168.99362263397285,1721,84.51073548925933,2505,330.0429419570373,1646
2212,Svetlana Danilkina,i_organization,Oceania,Melbourne,2,3967,0,4385,6.708203932499369,4230,9.0,4234,4,3855,0,3283,0,3965,2.0,3907,0,3203,0,4408,0.0,4504,3.3541019662496847,4246,6.708203932499369,4183,7.708203932499369,4204
2213,Wasana Karunarathne,multiple-field,Oceania,Melbourne,6,2677,4,2824,48.85693400122443,3164,105.0,3091,7,3309,0,3283,0,3965,3.5,3382,0,3203,4,2882,2.0,3174,24.428467000612216,3278,48.85693400122443,3035,49.85693400122443,3206
2214,Ping Chen,finance,Oceania,Melbourne,13,1348,15,1353,186.86626233753375,1875,599.0,1686,34,1095,0,3283,0,3965,17.0,1221,0,3203,15,1379,7.5,1649,93.43313116876688,2189,186.86626233753375,1678,187.86626233753375,2102
2215,Shuanming Li,other,Oceania,Melbourne,20,726,37,484,287.3899789484665,1425,1353.0,1030,73,372,0,3283,0,3965,36.5,427,0,3203,37,494,18.5,651,143.69498947423324,1843,287.3899789484665,1234,288.3899789484665,1758
2216,Han Li,multiple-field,Oceania,Melbourne,10,1802,10,1828,62.369864518050704,2957,224.0,2519,24,1571,0,3283,0,3965,12.0,1681,0,3203,10,1859,5.0,2147,31.184932259025352,3104,62.369864518050704,2819,63.369864518050704,3026
2217,Joshua B. Miller,behavior-experiment,Oceania,Melbourne,6,2677,4,2824,135.84918107960755,2191,223.0,2522,10,2874,2,1169,4,1786,6.0,2731,2,1039,4,2882,3.5,2589,339.38667878947643,1281,24.93468988235943,3548,71.80406964707828,2916
2218,Alexandru Nichifor,micro_theory,Oceania,Melbourne,4,3256,2,3404,102.3083574298796,2487,139.0,2905,8,3159,1,1576,1,2917,4.5,3116,1,1424,2,3459,1.5,3437,110.80509139248716,2046,22.61018278497431,3614,45.22036556994862,3281
2219,Mehmet Ozmen,other,Oceania,Melbourne,5,2944,4,2824,146.47184029703456,2121,250.0,2430,7,3309,0,3283,0,3965,3.5,3382,0,3203,4,2882,2.0,3174,73.23592014851728,2389,146.47184029703456,1942,147.47184029703456,2296
2220,Siqi Pan,multiple-field,Oceania,Melbourne,4,3256,1,3809,22.781571499789035,3709,41.0,3682,7,3309,0,3283,2,2431,3.5,3382,0,3203,1,3860,1.0,3730,11.390785749894516,3749,22.781571499789035,3604,23.781571499789035,3694
2221,Laura Panza,history,Oceania,Melbourne,9,1992,9,1961,63.42712353559792,2936,213.0,2561,24,1571,0,3283,5,1568,12.0,1681,0,3203,9,2003,7.0,1731,31.71356176779896,3086,63.42712353559792,2798,64.42712353559793,3008
2222,David Pitt,multiple-field,Oceania,Melbourne,9,1992,7,2254,45.08880127038199,3221,183.0,2686,28,1363,0,3283,0,3965,14.0,1485,0,3203,7,2299,3.5,2589,22.544400635190996,3331,45.08880127038199,3093,46.08880127038199,3264
2223,Maria Ptashkina,political_econ,Oceania,Melbourne,3,3600,0,4385,7.14142842854285,4210,13.0,4130,5,3656,0,3283,0,3965,2.5,3719,0,3203,0,4408,0.0,4504,3.570714214271425,4226,7.14142842854285,4159,8.14142842854285,4183
2224,Roberto Raimondo,micro_theory,Oceania,Melbourne,7,2425,4,2824,57.105166141076936,3026,125.0,2973,18,1994,1,1576,1,2917,9.5,2035,1,1424,4,2882,2.5,2945,63.84523257866513,2502,26.69046515733026,3502,53.38093031466052,3147
2225,Maria Recalde,behavior-experiment,Oceania,Melbourne,6,2677,5,2603,379.1938818071832,1174,550.0,1743,9,3018,2,1169,4,1786,5.5,2853,2,1039,5,2654,3.5,2589,634.9434692277379,1003,97.68698971124547,2369,290.0609691337365,1751
2226,Kalvinder Shields,macro,Oceania,Melbourne,10,1802,13,1510,214.12846611321905,1730,543.0,1754,36,1023,0,3283,4,1786,18.0,1148,0,3203,13,1535,6.5,1818,107.06423305660952,2070,214.12846611321905,1534,215.12846611321905,1981
2228,Rhonda Smith,i_organization,Oceania,Melbourne,3,3600,1,3809,16.852299546352718,3896,38.0,3711,33,1137,0,3283,0,3965,16.5,1262,0,3203,1,3860,0.5,4086,8.426149773176359,3926,16.852299546352718,3807,17.852299546352718,3873
2229,Faisal Sohail,labor,Oceania,Melbourne,2,3967,0,4385,8.06225774829855,4171,13.0,4130,4,3855,0,3283,0,3965,2.0,3907,0,3203,0,4408,0.0,4504,4.031128874149275,4187,8.06225774829855,4117,9.06225774829855,4146
2230,Yong Song,econometrics,Oceania,Melbourne,7,2425,6,2423,81.83520025025906,2681,199.0,2619,13,2492,0,3283,4,1786,6.5,2616,0,3203,6,2464,4.5,2297,40.91760012512953,2860,81.83520025025906,2533,82.83520025025906,2790
2231,Kevin Staub,multiple-field,Oceania,Melbourne,11,1625,13,1510,352.53226802663045,1233,823.0,1426,17,2079,0,3283,3,2072,8.5,2203,0,3203,13,1535,7.0,1731,176.26613401331522,1673,352.53226802663045,1026,353.53226802663045,1575
2232,Zhenting Sun,econometrics,Oceania,Melbourne,2,3967,1,3809,15.84297951775486,3933,23.0,3937,6,3475,0,3283,3,2072,3.0,3545,0,3203,1,3860,1.5,3437,7.92148975887743,3961,15.84297951775486,3850,16.84297951775486,3908
2233,Eik Leong Swee,multiple-field,Oceania,Melbourne,6,2677,5,2603,78.7337284776988,2723,167.0,2764,13,2492,0,3283,3,2072,6.5,2616,0,3203,5,2654,3.0,2752,39.3668642388494,2890,78.7337284776988,2578,79.7337284776988,2824
2234,Chong It Tan,finance,Oceania,Melbourne,4,3256,3,3094,32.341923257592455,3486,70.0,3350,9,3018,0,3283,0,3965,4.5,3116,0,3203,3,3149,1.5,3437,16.170961628796228,3559,32.341923257592455,3378,33.341923257592455,3495
2235,Jonathan Thong,macro,Oceania,Melbourne,1,4388,1,3809,36.0,3408,36.0,3736,1,4577,0,3283,0,3965,0.5,4588,0,3203,1,3860,0.5,4086,18.0,3498,36.0,3302,37.0,3429
2236,Lawrence Uren,multiple-field,Oceania,Melbourne,5,2944,1,3809,17.146428199482248,3879,48.0,3588,12,2609,0,3283,4,1786,6.0,2731,0,3203,1,3860,2.5,2945,8.573214099741124,3907,17.146428199482248,3788,18.146428199482248,3855
2237,Shu Lin Wee,labor,Oceania,Melbourne,3,3600,2,3404,20.904544960366877,3771,37.0,3719,6,3475,1,1576,4,1786,3.5,3382,0,3203,3,3149,3.5,2589,12.404326023342406,3702,21.808652046684813,3645,43.617304093369626,3320
2238,Tom Wilkening,multiple-field,Oceania,Melbourne,9,1992,9,1961,233.54228739138443,1656,514.0,1801,22,1700,3,924,8,1097,12.5,1623,2,1039,10,1859,8.0,1567,431.0930622034527,1165,141.06158046321215,1978,556.2463218528486,1273
2239,Jenny Williams,labor,Oceania,Melbourne,20,726,25,816,265.5428402348668,1522,1135.0,1169,40,899,0,3283,11,832,20.0,1011,0,3203,25,834,12.5,1053,132.7714201174334,1917,265.5428402348668,1331,266.5428402348668,1827
2240,Steven Williams,micro_theory,Oceania,Melbourne,10,1802,10,1828,239.8728830026437,1631,611.0,1668,20,1840,3,924,13,700,11.5,1753,3,816,10,1859,9.5,1356,697.8258642261791,966,203.4345279636221,1594,805.7381118544884,1062
2241,Tomasz Wozniak,econometrics,Oceania,Melbourne,5,2944,3,3094,27.60434748368452,3599,56.0,3480,6,3475,0,3283,1,2917,3.0,3545,0,3203,3,3149,2.0,3174,13.80217374184226,3655,27.60434748368452,3488,28.60434748368452,3595
2242,Xueyuan Wu,other,Oceania,Melbourne,9,1992,6,2423,98.42255838983256,2522,273.0,2344,32,1187,0,3283,0,3965,16.0,1305,0,3203,6,2464,3.0,2752,49.21127919491628,2721,98.42255838983256,2360,99.42255838983256,2651
2243,Andy Xiaosong Wu,i_organization,Oceania,Melbourne,2,3967,0,4385,2.8284271247461903,4454,4.0,4413,3,4085,1,1576,2,2431,2.0,3907,0,3203,1,3860,1.5,3437,3.0000000000000004,4280,3.0,4407,6.0,4300
2244,Jun Xiao,micro_theory,Oceania,Melbourne,3,3600,3,3094,26.83281572999748,3610,48.0,3588,5,3656,0,3283,2,2431,2.5,3719,0,3203,3,3149,1.5,3437,13.41640786499874,3664,26.83281572999748,3498,27.83281572999748,3604
2245,Rui Zhou,finance,Oceania,Melbourne,10,1802,10,1828,100.40418317978587,2500,307.0,2253,24,1571,0,3283,0,3965,12.0,1681,0,3203,10,1859,5.0,2147,50.20209158989295,2704,100.40418317978587,2334,101.40418317978587,2631
2246,Rüdiger Bachmann,macro,North America,Michigan,13,1348,16,1280,697.657509097408,694,1536.0,937,34,1095,1,1576,11,832,17.5,1186,1,1424,16,1309,10.5,1239,420.8609231377902,1177,694.7218462755804,541,1389.443692551161,800
2247,Hoyt Bleakley,multiple-field,North America,Michigan,18,872,19,1100,880.2187228183686,569,2729.0,590,26,1461,5,627,12,763,15.5,1343,5,545,19,1119,12.5,1053,3780.450993796661,499,616.3812231333245,609,3674.287338799947,478
2248,Tilman Börgers,micro_theory,North America,Michigan,17,948,23,906,566.1793002221116,831,1433.0,987,35,1061,5,627,17,493,20.0,1011,5,545,23,925,15.5,820,1190.1752500723985,786,552.5664343255529,678,3291.398605953317,513
2249,Zach Brown,i_organization,North America,Michigan,7,2425,4,2824,68.4178339323893,2866,149.0,2836,8,3159,2,1169,3,2072,5.0,2983,0,3203,6,2464,4.0,2445,55.55358074718443,2609,69.94115100585212,2697,206.82345301755635,2015
2250,Ronald Caldwell,p_finance,North America,Michigan,4,3256,4,2824,35.04283093587046,3423,66.0,3386,4,3855,0,3283,0,3965,2.0,3907,0,3203,4,2882,2.0,3174,17.52141546793523,3511,35.04283093587046,3318,36.04283093587046,3444
2251,Luming Chen,i_organization,North America,Michigan,1,4388,0,4385,1.0,4570,1.0,4570,1,4577,0,3283,0,3965,0.5,4588,0,3203,0,4408,0.0,4504,0.5,4572,1.0,4561,2.0,4561
2253,Javier Cravino,multiple-field,North America,Michigan,8,2197,8,2100,126.20221868097248,2262,337.0,2176,11,2737,3,924,7,1234,7.0,2517,2,1039,9,2003,7.0,1731,318.22964812408446,1320,104.5036945140422,2281,410.0147780561688,1472
2254,Cesi Cruz,political_econ,North America,Michigan,7,2425,7,2254,201.64076968708488,1799,487.0,1857,14,2384,1,1576,3,2072,7.5,2418,1,1424,7,2299,4.5,2297,207.64528687401463,1560,154.29057374802926,1889,308.5811474960585,1697
2255,Kathryn M. E. Dominguez,i_finance,North America,Michigan,19,797,21,998,461.28082552822417,991,1622.0,894,30,1275,3,924,5,1568,16.5,1262,3,816,21,1017,12.0,1098,649.2263864629228,997,450.8515379006753,820,1795.4061516027011,704
2256,Maciej Dudek,multiple-field,North America,Michigan,2,3967,0,4385,6.4031242374328485,4247,9.0,4234,7,3309,0,3283,2,2431,3.5,3382,0,3203,0,4408,1.0,3730,3.2015621187164243,4260,6.4031242374328485,4198,7.403124237432848,4218
2257,Gabriel Ehrlich,multiple-field,North America,Michigan,5,2944,5,2603,89.7217922246318,2604,182.0,2693,9,3018,0,3283,2,2431,4.5,3116,0,3203,5,2654,2.5,2945,44.8608961123159,2792,89.7217922246318,2446,90.7217922246318,2718
2258,Christine Exley,behavior-experiment,North America,Michigan,11,1625,11,1709,243.58160850113455,1610,640.0,1634,15,2273,6,525,8,1097,10.5,1890,5,545,12,1632,9.0,1418,1791.205027696155,675,121.68923891183655,2122,816.824672382856,1051
2259,Ying Fan,i_organization,North America,Michigan,5,2944,5,2603,207.17142660125697,1761,348.0,2140,7,3309,1,1576,4,1786,4.0,3242,1,1424,5,2654,3.5,2589,231.62349193271567,1482,94.24698386543128,2398,188.49396773086252,2099
2260,Amanda Friedenberg,micro_theory,North America,Michigan,9,1992,9,1961,190.53608582103288,1858,440.0,1940,18,1994,2,1169,6,1392,10.0,1962,2,1039,9,2003,6.0,1923,290.3838716698483,1375,140.78040207464454,1981,419.3412062239336,1459
2261,Joshua Hausman,multiple-field,North America,Michigan,7,2425,6,2423,167.21842003798506,1994,344.0,2156,14,2384,2,1169,3,2072,8.0,2304,2,1039,6,2464,4.0,2445,239.9857073027012,1464,158.97452022541748,1855,473.92356067625246,1356
2262,Sara Heller,labor,North America,Michigan,6,2677,5,2603,266.6758331757867,1512,526.0,1779,7,3309,3,924,5,1568,5.0,2983,3,816,5,2654,4.5,2297,913.135372374485,875,142.20488497175666,1974,560.8195398870266,1265
2263,James R. Hines Jr.,p_finance,North America,Michigan,30,323,45,357,1390.1629400901177,329,5583.0,303,76,341,4,749,22,327,40.0,354,3,816,46,357,26.5,389,3909.1692909901785,489,1182.844773496494,307,5899.223867482469,358
2264,Christopher L. House,multiple-field,North America,Michigan,10,1802,11,1709,250.38969627362863,1578,565.0,1725,15,2273,4,749,12,763,9.5,2035,4,656,11,1737,8.5,1487,1406.588608495181,737,70.15134163416491,2692,335.75670817082454,1628
2265,Brian Jacob,labor,North America,Michigan,38,176,55,243,1288.006211165148,357,6758.0,242,77,332,8,386,25,268,42.5,312,8,320,55,250,33.0,258,14383.868160838929,242,1033.3179994518773,357,9236.861995066896,259
2266,Eva Janssens,macro,North America,Michigan,1,4388,0,4385,6.244997998398398,4261,9.0,4234,5,3656,0,3283,1,2917,2.5,3719,0,3203,0,4408,0.5,4086,3.122498999199199,4274,6.244997998398398,4212,7.244997998398398,4232
2267,Amanda Kowalski,multiple-field,North America,Michigan,17,948,24,859,421.7522969706271,1080,1633.0,890,36,1023,12,216,24,285,24.0,802,10,231,26,797,21.0,550,7429.439054200888,356,325.9729287693447,1117,4094.648074001481,449
2268,Francine Lafontaine,i_organization,North America,Michigan,25,490,38,469,1089.147372948216,454,3940.0,443,48,712,2,1169,12,763,25.0,750,2,1039,38,480,20.0,589,850.4038775129675,905,1073.2749413665942,343,3216.8248240997827,520
2269,Olga Lazareva,labor,North America,Michigan,3,3600,3,3094,30.43024810940588,3520,58.0,3462,6,3475,0,3283,0,3965,3.0,3545,0,3203,3,3149,1.5,3437,15.215124054702938,3585,30.43024810940588,3408,31.43024810940588,3525
2270,Andrei A. Levchenko,multiple-field,North America,Michigan,27,420,35,527,854.7929573879279,585,3237.0,521,50,671,11,246,27,228,30.5,577,10,231,36,514,25.0,431,9263.414312102925,321,506.0575724095128,738,5952.690868914153,352
2271,Brian Mccall,labor,North America,Michigan,28,386,53,259,397.7298077841288,1129,2359.0,678,84,277,1,1576,7,1234,42.5,312,1,1424,53,270,28.0,353,289.8600528880981,1377,386.7201057761962,946,773.4402115523924,1082
2272,David A. Miller,micro_theory,North America,Michigan,7,2425,7,2254,92.097774131626,2577,226.0,2513,13,2492,4,749,6,1392,8.5,2203,4,656,7,2299,6.0,1923,455.7327968965218,1138,75.25307010929424,2629,361.2653505464712,1560
2273,Nicholas Montgomery,other,North America,Michigan,3,3600,3,3094,385.2285036183071,1159,503.0,1827,3,4085,0,3283,0,3965,1.5,4125,0,3203,3,3149,1.5,3437,192.61425180915356,1616,385.2285036183071,951,386.2285036183071,1516
2274,Mike Mueller-Smith,labor,North America,Michigan,7,2425,6,2423,88.2269800004511,2618,214.0,2556,10,2874,3,924,4,1786,6.5,2616,3,816,6,2464,4.5,2297,298.9870296174484,1356,64.34329629226,2780,249.37318516904003,1876
2275,Charles Murry,i_organization,North America,Michigan,6,2677,4,2824,42.0,3305,100.0,3122,9,3018,3,924,5,1568,6.0,2731,2,1039,5,2654,4.5,2297,155.3822328615971,1784,29.514147167125703,3433,110.0565886685028,2552
2276,Edward C. Norton,multiple-field,North America,Michigan,49,85,156,20,3955.8904180980544,84,14175.0,92,226,28,0,3283,23,303,113.0,34,0,3203,156,21,78.5,31,1977.9452090490272,646,3955.8904180980544,56,3956.8904180980544,459
2277,Scott Page,multiple-field,North America,Michigan,35,216,61,204,2704.446523782639,142,10531.0,138,93,233,1,1576,6,1392,47.0,257,1,1424,61,209,31.5,281,1435.570845349958,729,2704.141690699916,91,5408.283381399832,384
2278,Minseon Park,labor,North America,Michigan,1,4388,0,4385,8.06225774829855,4171,9.0,4234,4,3855,0,3283,0,3965,2.0,3907,0,3203,0,4408,0.0,4504,4.031128874149275,4187,8.06225774829855,4117,9.06225774829855,4146
2279,Esteban Peralta,micro_theory,North America,Michigan,1,4388,0,4385,2.0,4497,2.0,4502,5,3656,0,3283,3,2072,2.5,3719,0,3203,0,4408,1.5,3437,1.0,4501,2.0,4473,3.0,4474
2280,J.J. Prescott,multiple-field,North America,Michigan,13,1348,15,1353,193.5613597803033,1841,604.0,1679,32,1187,0,3283,2,2431,16.0,1305,0,3203,15,1379,8.0,1567,96.78067989015165,2156,193.5613597803033,1643,194.5613597803033,2070
2281,Chris Proulx,behavior-experiment,North America,Michigan,3,3600,3,3094,71.87489130426563,2816,120.0,3002,3,4085,0,3283,2,2431,1.5,4125,0,3203,3,3149,1.5,3437,35.937445652132816,2976,71.87489130426563,2673,72.87489130426563,2907
2282,Doron Ravid,micro_theory,North America,Michigan,5,2944,4,2824,58.642987645583,3006,115.0,3034,9,3018,5,627,7,1234,7.0,2517,4,656,5,2654,6.0,1923,460.5540363075054,1133,11.70820393249937,3971,46.24922359499622,3262
2283,Ana Reynoso,labor,North America,Michigan,5,2944,2,3404,25.88435821108957,3632,48.0,3588,5,3656,2,1169,3,2072,3.5,3382,1,1424,3,3149,3.0,2752,40.81475315365971,2862,25.345235059857504,3535,73.03570517957252,2904
2284,Paul W. Rhode,history,North America,Michigan,25,490,36,503,443.41853817809647,1032,2142.0,734,63,491,7,445,9,991,35.0,460,7,384,36,514,22.5,503,3249.1624202738417,527,377.03648468765886,974,2968.291877501271,545
2285,Emma Riley,development,North America,Michigan,5,2944,4,2824,253.2824510304652,1571,412.0,1991,7,3309,1,1576,4,1786,4.0,3242,1,1424,4,2882,3.0,2752,143.3556488646234,1847,253.71129772924675,1380,507.4225954584935,1323
2286,Tanya Rosenblat,behavior-experiment,North America,Michigan,13,1348,13,1510,628.9944355874701,765,1556.0,918,24,1571,5,627,7,1234,14.5,1436,5,545,13,1535,9.0,1418,5007.023153213716,431,180.1485084150019,1721,1056.8910504900114,919
2287,Matthew Shapiro,multiple-field,North America,Michigan,26,451,30,633,1447.9485488096598,313,3775.0,457,46,750,16,128,23,303,31.0,565,11,201,35,538,26.5,389,20529.71761528856,184,342.8944783871395,1063,5574.206132581371,373
2288,Sebastian Sotelo,i_trade,North America,Michigan,7,2425,5,2603,138.44854639901425,2169,298.0,2272,8,3159,2,1169,4,1786,5.0,2983,1,1424,6,2464,4.5,2297,126.8522801544856,1946,123.70456030897115,2108,368.1136809269135,1549
2289,Mel Stephens,labor,North America,Michigan,17,948,20,1048,460.9989154000256,993,1634.0,889,26,1461,3,924,16,541,14.5,1436,3,816,20,1065,12.5,1053,1250.4212500317385,770,400.8077425088657,916,1595.2309700354629,753
2290,Adam Stevenson,labor,North America,Michigan,3,3600,1,3809,13.152946437965904,4001,21.0,3971,3,4085,0,3283,0,3965,1.5,4125,0,3203,1,3860,0.5,4086,6.576473218982953,4021,13.152946437965904,3924,14.152946437965904,3972
2291,Betsey Stevenson,labor,North America,Michigan,13,1348,13,1510,1115.1381080386411,436,3115.0,536,18,1994,3,924,5,1568,10.5,1890,3,816,13,1535,8.0,1567,2996.607604384764,550,979.3928512642848,379,3909.57140505714,461
2292,Dmitriy L. Stolyarov,macro,North America,Michigan,8,2197,8,2100,101.45442326483357,2494,255.0,2407,10,2874,3,924,6,1392,6.5,2616,3,816,8,2146,5.5,2026,403.5702976719844,1195,69.09084656743322,2710,268.36338626973287,1820
2293,Stephen Terry,macro,North America,Michigan,9,1992,9,1961,638.1089248709816,753,891.0,1365,12,2609,4,749,9,991,8.0,2304,4,656,9,2003,7.5,1649,1863.7659516703093,666,99.65040512198576,2343,483.2520256099288,1349
2294,Linda Tesar,multiple-field,North America,Michigan,22,617,24,859,981.8421461721838,510,3250.0,520,41,868,6,525,13,700,23.5,827,6,456,24,876,16.0,788,3201.7146671522287,530,942.1111045169798,391,6559.7777316188585,323
2295,Damian Vergara,multiple-field,North America,Michigan,4,3256,1,3809,65.83312236253116,2896,84.0,3232,8,3159,1,1576,1,2917,4.5,3116,0,3203,2,3459,1.5,3437,32.91656118126558,3054,66.83312236253116,2739,133.6662447250623,2374
2296,Toni Whited,finance,North America,Michigan,32,272,42,412,2978.1547978572235,126,9746.0,154,52,637,4,749,24,285,28.0,646,3,816,43,408,25.5,418,3811.783165894544,496,2907.028763205766,85,14520.14381602883,174
2297,Justin Wolfers,multiple-field,North America,Michigan,29,352,34,548,1905.977701863272,226,7681.0,205,42,840,8,386,11,832,25.0,750,8,320,34,558,21.0,550,16829.596064387842,216,1713.5503510597391,176,15358.953159537654,167
2298,Kaspar Wuthrich,econometrics,North America,Michigan,12,1477,13,1510,153.5545505675426,2074,419.0,1980,17,2079,1,1576,7,1234,9.0,2114,1,1424,13,1535,8.5,1487,101.66868572930284,2115,152.3373714586057,1896,304.6747429172114,1712
2299,Wei Xiang,i_trade,North America,Michigan,1,4388,0,4385,1.0,4570,1.0,4570,1,4577,0,3283,0,3965,0.5,4588,0,3203,0,4408,0.0,4504,0.5,4572,1.0,4561,2.0,4561
2300,Dean Yang,multiple-field,North America,Michigan,23,568,32,583,1172.9045144426718,408,3939.0,444,44,790,4,749,18,453,24.0,802,4,656,32,600,19.0,627,2090.7862623251453,627,1016.5502456668509,361,5067.751228334254,393
2301,Basit Zafar,multiple-field,North America,Michigan,27,420,35,527,1273.109578944405,364,4404.0,397,44,790,9,329,27,228,26.5,696,9,268,35,538,23.5,479,8897.121761756804,329,1185.065899514139,304,11770.658995141386,209
2302,Mu Zhang,finance,North America,Michigan,1,4388,1,3809,16.0,3924,16.0,4062,1,4577,0,3283,0,3965,0.5,4588,0,3203,1,3860,0.5,4086,8.0,3952,16.0,3840,17.0,3899
2303,Alberto Abadie,econometrics,North America,MIT,25,490,27,733,5223.9253440301,45,17002.0,67,33,1137,9,329,17,493,21.0,953,9,268,27,755,18.5,651,65112.58322567039,77,3767.239348418352,61,37592.39348418352,83
2304,Daron Acemoglu,multiple-field,North America,MIT,115,1,224,4,10363.307338875944,14,69769.0,3,300,13,87,1,146,1,193.5,4,82,1,229,4,161.0,1,2170439.239022792,1,5843.138896864807,23,506628.222924103,3
2305,Nikhil Agarwal,multiple-field,North America,MIT,9,1992,9,1961,148.1181960462657,2103,381.0,2065,13,2492,7,445,7,1234,10.0,1962,6,456,10,1859,8.5,1487,1514.8228133563812,713,84.56287771866127,2504,628.5030217492902,1201
2306,Isaiah Andrews,econometrics,North America,MIT,12,1477,14,1430,460.6527976686997,995,851.0,1400,22,1700,13,186,18,453,17.5,1186,8,320,19,1119,17.5,716,2618.8197599188275,575,454.1349000022556,815,6189.888600031578,343
2307,Josh Angrist,labor,North America,MIT,58,45,82,108,9725.67082519247,15,31029.0,20,91,245,30,25,56,36,60.5,151,28,25,84,107,58.5,74,141760.29096762673,34,9604.321020312616,13,296834.95162969106,5
2308,David Atkin,multiple-field,North America,MIT,11,1625,11,1709,360.6660505231952,1215,970.0,1300,20,1840,12,216,14,640,16.0,1305,9,268,14,1453,14.0,936,8349.98172052826,344,44.63433774416144,3105,437.24639067409873,1424
2309,David H. Autor,labor,North America,MIT,48,90,59,219,6474.6306458361005,33,27954.0,27,76,341,29,30,41,91,52.5,206,26,32,62,201,46.5,131,228794.34341960115,22,4029.039624803735,53,120031.18874411203,22
2310,Ian Ball,micro_theory,North America,MIT,2,3967,1,3809,15.459624833740309,3945,25.0,3909,7,3309,2,1169,4,1786,4.5,3116,0,3203,3,3149,3.5,2589,21.25230722862884,3391,15.19090595827292,3872,42.57271787481876,3339
2311,Abhijit Banerjee,development,North America,MIT,64,26,102,66,4724.020850927735,55,21237.0,40,122,120,38,9,61,27,80.0,76,34,8,106,61,73.5,37,210944.35189084013,24,2199.02961571562,118,84319.15501290918,31
2312,Olivier Blanchard,macro,North America,MIT,53,62,79,115,3556.428264424857,99,17088.0,66,116,139,20,83,35,139,68.0,116,19,73,80,117,50.0,110,102809.71561194754,51,2172.4067924070487,121,45221.542640548025,67
2313,Ricardo Caballero,multiple-field,North America,MIT,36,203,50,291,1311.731298704121,348,6047.0,272,59,532,22,67,40,98,40.5,343,22,51,50,299,36.5,210,48113.776550804185,99,779.1578435174531,480,17437.63040090142,141
2314,Victor Chernozhukov,econometrics,North America,MIT,54,55,96,74,2445.371137475864,162,13472.0,98,123,118,23,62,41,91,73.0,92,21,57,98,74,63.0,63,76912.28579215126,65,2036.7691029509813,133,48354.45847082355,61
2315,Arnaud Costinot,i_trade,North America,MIT,22,617,25,816,1097.8556371399657,449,3237.0,521,27,1408,20,83,22,327,23.5,827,18,84,27,755,23.5,479,32738.485732183315,133,547.4902842707153,685,11098.29596968502,220
2316,Peter Diamond,p_finance,North America,MIT,35,216,50,291,1354.983763740363,338,6289.0,264,85,272,17,114,36,128,51.0,216,15,113,52,280,36.0,215,26373.776727706983,156,1084.5293906961062,336,19233.529032529917,129
2317,Dave Donaldson,i_trade,North America,MIT,14,1239,15,1353,1136.9643793892578,419,2836.0,575,19,1915,13,186,13,700,16.0,1305,11,201,17,1241,15.0,864,20801.006680910225,182,367.9915491951886,994,4983.88168873264,396
2318,Esther Duflo,development,North America,MIT,61,35,84,106,7499.273164780704,27,29980.0,23,108,163,36,12,47,61,72.0,95,28,25,92,85,64.0,60,285945.5541022771,16,3300.153642217229,73,120810.68476203748,21
2319,Sara Fisher Ellison,i_organization,North America,MIT,11,1625,12,1604,466.5533195680854,981,1100.0,1195,14,2384,1,1576,5,1568,7.5,2418,1,1424,12,1632,6.5,1818,519.538769375247,1073,246.07753875049423,1404,492.15507750098845,1341
2320,Glenn Ellison,multiple-field,North America,MIT,32,272,38,469,2568.868233288737,152,9308.0,162,43,813,16,128,29,197,29.5,601,16,105,38,480,28.5,340,89309.45384404925,58,704.8533951429723,528,11727.50771743053,211
2321,Amy Finkelstein,p_finance,North America,MIT,51,71,81,110,1829.6450475433755,240,10423.0,139,100,192,34,16,48,55,67.0,119,31,16,84,107,60.0,69,129114.01791972932,38,1242.1779670230706,288,42321.22884580747,76
2322,Drew Fudenberg,micro_theory,North America,MIT,49,85,93,81,1599.8299909677903,280,9992.0,149,143,83,25,49,78,14,84.0,68,21,57,97,77,65.5,56,35973.55698056633,123,1400.0450901697734,247,35777.17234441411,84
2323,Robert Gibbons,micro_theory,North America,MIT,29,352,36,503,1548.4676296261412,286,6032.0,276,43,813,10,280,14,640,26.5,696,10,231,36,514,23.0,493,22018.52900650161,172,845.1431015101543,440,9197.574116611697,261
2324,Jonathan Gruber,p_finance,North America,MIT,58,45,124,49,2212.4303378863706,182,14332.0,91,164,64,29,30,74,18,96.5,52,26,32,127,46,80.0,29,118145.67205599086,43,1456.269420957375,230,42848.08262872125,75
2325,Jeffrey Harris,other,North America,MIT,18,872,27,733,368.8265174848468,1196,1397.0,1003,49,693,0,3283,5,1568,24.5,776,0,3203,27,755,13.5,969,184.4132587424234,1644,368.8265174848468,992,369.8265174848468,1543
2326,Jerry Hausman,econometrics,North America,MIT,40,151,66,179,2195.25511045983,184,9259.0,165,100,192,9,329,43,79,54.5,193,7,384,68,173,42.0,155,11459.59297818982,283,1476.7254511658507,227,14687.254511658506,171
2327,Nathaniel Hendren,labor,North America,MIT,20,726,22,952,2445.537568715721,161,6886.0,237,29,1320,16,128,17,493,22.5,866,14,128,24,876,20.0,589,55435.98746455839,84,690.8866571506655,547,11490.073171561316,217
2328,Bengt Holmström,multiple-field,North America,MIT,25,490,27,733,2870.6967795293185,131,10170.0,146,31,1232,13,186,18,453,22.0,892,13,148,27,755,20.0,589,65367.68287274322,76,1402.4031092523148,245,19465.643529532408,128
2329,Paul L. Joskow,i_organization,North America,MIT,37,189,63,191,1228.460418572776,386,6745.0,243,93,233,4,749,13,700,48.5,239,4,656,63,196,34.5,235,3834.855650815583,494,1126.3118996072349,323,5616.559498036175,369
2330,Anna Mikusheva,econometrics,North America,MIT,11,1625,12,1604,142.52719038836062,2147,388.0,2051,20,1840,8,386,11,832,14.0,1485,6,456,14,1453,11.5,1143,1271.02934970159,766,85.27871634544663,2495,704.5084471090196,1134
2331,Stephen Morris,micro_theory,North America,MIT,38,176,66,179,1502.9351283405415,300,7064.0,231,103,179,24,56,54,40,63.5,134,18,84,72,147,52.0,100,50556.65673965763,90,820.259379850561,454,19931.484496264024,126
2332,Jacob Moscona,multiple-field,North America,MIT,4,3256,4,2824,137.6735268670052,2173,236.0,2483,5,3656,5,627,5,1568,5.0,2983,4,656,5,2654,5.0,2147,874.4953865511156,891,5.0,4288,6.0,4300
2333,Sendhil Mullainathan,multiple-field,North America,MIT,61,35,96,74,8344.30530361875,21,30901.0,21,117,136,35,14,39,104,76.0,85,33,10,98,74,66.5,53,355009.4197861423,6,4491.6309023745725,38,160474.7124854846,11
2334,Whitney Newey,econometrics,North America,MIT,45,105,75,128,3444.900869401034,105,13674.0,96,106,170,27,41,57,33,66.5,122,24,40,78,122,56.0,81,92149.7559792696,54,2633.045279729422,95,72997.26783242382,37
2335,Benjamin Olken,development,North America,MIT,37,189,44,375,2415.5763287464133,163,9451.0,160,47,731,18,103,23,303,32.5,531,18,84,44,387,31.0,292,52250.523643297216,87,2067.3452612968854,128,38956.55996464082,80
2336,Parag Pathak,multiple-field,North America,MIT,32,272,45,357,1105.743641175476,445,5143.0,337,60,517,29,30,41,91,44.5,290,26,32,48,326,39.5,174,74973.48342445816,67,634.7128032326872,595,18201.38409698061,134
2337,Michael J. Piore,multiple-field,North America,MIT,15,1141,21,998,266.4301034042512,1517,951.0,1316,53,615,1,1576,1,2917,27.0,674,1,1424,21,1017,11.0,1189,158.57922159976653,1767,266.15844319953305,1329,532.3168863990661,1291
2338,James Poterba,multiple-field,North America,MIT,46,100,74,134,1882.3724392372517,230,8810.0,173,108,163,19,95,45,71,63.5,134,17,95,76,130,48.5,117,35982.93815573756,122,1683.5972485859754,185,33311.94497171951,91
2339,Drazen Prelec,behavior-experiment,North America,MIT,31,296,39,455,3287.5340302421205,113,11918.0,110,58,546,3,924,3,2072,30.5,577,3,816,39,464,21.0,550,12076.399816126848,269,2513.786928434988,103,10047.14771373995,241
2340,Ashesh Rambachan,econometrics,North America,MIT,4,3256,3,3094,413.6266432424295,1096,485.0,1863,9,3018,3,924,3,2072,6.0,2731,1,1424,5,2654,4.0,2445,493.5897406224513,1102,49.49731175025068,3020,189.98924700100272,2091
2341,Nancy L. Rose,i_organization,North America,MIT,12,1477,12,1604,350.1728144787942,1244,959.0,1309,18,1994,4,749,7,1234,11.0,1825,4,656,12,1632,8.0,1567,1068.1584180607665,830,274.65660900853686,1297,1358.2830450426843,806
2342,Nina Roussille,labor,North America,MIT,2,3967,2,3404,24.75883680627989,3656,35.0,3754,2,4322,2,1169,2,2431,2.0,3907,2,1039,2,3459,2.0,3174,69.9857113690718,2422,2.0,4473,3.0,4474
2343,Tobias Salz,i_organization,North America,MIT,4,3256,3,3094,77.85884663928692,2737,112.0,3057,6,3475,2,1169,4,1786,4.0,3242,1,1424,4,2882,3.5,2589,62.24922683059346,2523,78.90253571892151,2576,233.7076071567645,1927
2344,Frank Schilbach,development,North America,MIT,7,2425,7,2254,754.1213430211347,643,1319.0,1049,10,2874,5,627,5,1568,7.5,2418,3,816,9,2003,7.0,1731,1477.3762217382327,720,724.5102501007195,516,4323.061500604317,433
2345,Richard Schmalensee,i_organization,North America,MIT,34,230,53,259,1368.9338917566472,333,5738.0,288,95,222,8,386,17,493,51.5,211,8,320,53,270,31.0,292,8717.032951390465,335,1089.7814012082108,335,9745.032610873895,244
2346,Peter Temin,history,North America,MIT,32,272,62,197,507.6583496801762,910,3139.0,533,115,141,4,749,7,1234,59.5,158,2,1039,64,192,34.5,235,702.3927479847506,961,498.5260357150066,749,2477.630178575033,591
2347,Robert M. Townsend,multiple-field,North America,MIT,30,323,50,291,1539.6571046827278,288,4666.0,372,73,372,18,103,38,108,45.5,281,13,148,55,250,38.5,191,13884.303301327553,250,1527.7234846156432,215,28703.746207697222,98
2348,Iván Werning,multiple-field,North America,MIT,27,420,31,605,503.9880950974933,917,2350.0,681,38,953,28,35,29,197,33.0,516,27,28,32,600,30.0,313,48792.0233670721,94,219.4993472573732,1515,5582.481070463822,372
2349,William C. Wheaton,multiple-field,North America,MIT,28,386,41,427,676.3505008499661,715,3082.0,544,45,770,0,3283,2,2431,22.5,866,0,3203,41,434,20.5,567,338.17525042498306,1285,676.3505008499661,554,677.3505008499661,1162
2350,Michael Whinston,multiple-field,North America,MIT,25,490,30,633,1181.8743588046912,402,4077.0,427,33,1137,16,128,24,285,24.5,776,15,113,31,620,23.5,479,31601.93469664475,136,728.7762622310033,512,12134.196457927055,198
2351,Christian Wolf,macro,North America,MIT,7,2425,7,2254,274.9181696432595,1484,432.0,1954,9,3018,6,525,7,1234,7.5,2418,4,656,9,2003,7.5,1649,980.5362051416316,855,71.31462317123173,2678,464.2023621986221,1373
2352,Alexander Wolitzky,micro_theory,North America,MIT,13,1348,18,1155,216.7579294974004,1716,680.0,1578,33,1137,16,128,23,303,24.5,776,9,268,25,834,22.0,518,3707.117925701923,503,170.68678030135607,1786,2646.675265123053,573
2353,Muhamet Yildiz,micro_theory,North America,MIT,12,1477,16,1280,155.57634781675523,2060,508.0,1814,27,1408,6,525,14,640,16.5,1262,6,456,16,1309,13.0,1007,1428.0446469426822,730,78.84229540589725,2577,516.8960678412807,1312
2354,Andreas Leibbrandt,behavior-experiment,Oceania,Monash,17,948,21,998,348.14508469889387,1252,1141.0,1161,35,1061,0,3283,7,1234,17.5,1186,0,3203,21,1017,11.0,1189,174.07254234944693,1689,348.14508469889387,1045,349.14508469889387,1593
2355,Andrew Rendall,development,Oceania,Monash,2,3967,2,3404,63.06346010171025,2942,77.0,3292,2,4322,0,3283,0,3965,1.0,4350,0,3203,2,3459,1.0,3730,31.531730050855124,3092,63.06346010171025,2805,64.06346010171025,3016
2356,Anke Leroux,multiple-field,Oceania,Monash,8,2197,7,2254,121.41663806908838,2310,294.0,2288,15,2273,0,3283,0,3965,7.5,2418,0,3203,7,2299,3.5,2589,60.70831903454419,2544,121.41663806908838,2128,122.41663806908838,2461
2357,Anthony Niu,labor,Oceania,Monash,1,4388,1,3809,17.0,3891,17.0,4044,2,4322,0,3283,0,3965,1.0,4350,0,3203,1,3860,0.5,4086,8.5,3921,17.0,3801,18.0,3868
2358,Anthony Venables,i_trade,Oceania,Monash,48,90,91,85,3353.984197935345,109,14112.0,93,120,125,3,924,20,383,61.5,143,3,816,91,88,47.5,124,3712.429362528645,502,3074.3768899306383,81,12289.507559722551,197
2359,Anupama Sethi,development,Oceania,Monash,1,4388,0,4385,1.0,4570,1.0,4570,2,4322,0,3283,0,3965,1.0,4350,0,3203,0,4408,0.0,4504,0.5,4572,1.0,4561,2.0,4561
2360,Arthur Campbell,micro_theory,Oceania,Monash,6,2677,4,2824,103.61949623502326,2470,173.0,2737,10,2874,2,1169,6,1392,6.0,2731,1,1424,5,2654,5.0,2147,115.22086715828858,2022,38.4417343165772,3251,112.3252029497316,2530
2361,Ayushi Bajaj,multiple-field,Oceania,Monash,4,3256,1,3809,19.467922333931785,3815,39.0,3705,5,3656,0,3283,2,2431,2.5,3719,0,3203,1,3860,1.0,3730,9.733961166965893,3846,19.467922333931785,3717,20.467922333931785,3797
2362,Birendra Rai,behavior-experiment,Oceania,Monash,4,3256,2,3404,57.27128425310541,3022,90.0,3198,10,2874,0,3283,3,2072,5.0,2983,0,3203,2,3459,2.5,2945,28.635642126552707,3166,57.27128425310541,2889,58.27128425310541,3087
2363,Chengsi Wang,multiple-field,Oceania,Monash,6,2677,3,3094,57.9396237474839,3014,123.0,2984,14,2384,0,3283,9,991,7.0,2517,0,3203,3,3149,5.0,2147,28.96981187374195,3160,57.9396237474839,2879,58.9396237474839,3081
2364,Chongwoo Choe,multiple-field,Oceania,Monash,17,948,24,859,322.4655020308374,1323,1200.0,1120,47,731,0,3283,3,2072,23.5,827,0,3203,24,876,13.0,1007,161.2327510154187,1754,322.4655020308374,1128,323.4655020308374,1665
2365,Christis Tombazos,multiple-field,Oceania,Monash,7,2425,5,2603,35.08560958569767,3422,119.0,3011,26,1461,0,3283,3,2072,13.0,1571,0,3203,5,2654,3.5,2589,17.542804792848834,3510,35.08560958569767,3317,36.08560958569767,3443
2366,Claudio Labanca,labor,Oceania,Monash,2,3967,1,3809,13.96424004376894,3988,21.0,3971,5,3656,0,3283,1,2917,2.5,3719,0,3203,1,3860,0.5,4086,6.98212002188447,4009,13.96424004376894,3909,14.96424004376894,3957
2367,Corey White,multiple-field,Oceania,Monash,10,1802,10,1828,418.9928400342898,1088,855.0,1396,11,2737,0,3283,4,1786,5.5,2853,0,3203,10,1859,5.0,2147,209.4964200171449,1550,418.9928400342898,882,419.9928400342898,1456
2368,Darryl Biggar,i_organization,Oceania,Monash,13,1348,17,1215,235.84740829612693,1645,742.0,1501,49,693,0,3283,0,3965,24.5,776,0,3203,17,1241,8.5,1487,117.92370414806346,2006,235.84740829612693,1447,236.84740829612693,1917
2369,Dyuti Banerjee,multiple-field,Oceania,Monash,9,1992,9,1961,121.3424904969401,2312,282.0,2317,17,2079,0,3283,0,3965,8.5,2203,0,3203,9,2003,4.5,2297,60.67124524847005,2546,121.3424904969401,2131,122.3424904969401,2463
2370,Edwyna Harris,history,Oceania,Monash,9,1992,8,2100,120.9958676980334,2315,308.0,2251,23,1634,0,3283,0,3965,11.5,1753,0,3203,8,2146,4.0,2445,60.4979338490167,2549,120.9958676980334,2135,121.9958676980334,2466
2371,Erte Xiao,behavior-experiment,Oceania,Monash,19,797,27,733,652.4775858219192,739,1955.0,774,49,693,0,3283,10,906,24.5,776,0,3203,27,755,15.5,820,326.2387929109596,1301,652.4775858219192,573,653.4775858219192,1175
2372,Filip Premik,macro,Oceania,Monash,1,4388,1,3809,17.0,3891,17.0,4044,1,4577,0,3283,0,3965,0.5,4588,0,3203,1,3860,0.5,4086,8.5,3921,17.0,3801,18.0,3868
2373,Gary Magee,history,Oceania,Monash,9,1992,9,1961,365.3217759729086,1205,588.0,1695,39,924,0,3283,1,2917,19.5,1041,0,3203,9,2003,5.0,2147,182.6608879864543,1653,365.3217759729086,1001,366.3217759729086,1551
2374,Gaurav Datt,development,Oceania,Monash,19,797,21,998,834.2187962399313,594,2665.0,605,43,813,0,3283,3,2072,21.5,923,0,3203,21,1017,10.5,1239,417.1093981199657,1179,834.2187962399313,445,835.2187962399313,1038
2375,George Rivers,multiple-field,Oceania,Monash,10,1802,10,1828,120.48236385463228,2321,318.0,2224,17,2079,0,3283,0,3965,8.5,2203,0,3203,10,1859,5.0,2147,60.24118192731613,2555,120.48236385463228,2144,121.48236385463228,2474
2376,Giovanni Caggiano,macro,Oceania,Monash,17,948,25,816,527.0493335542699,884,1637.0,885,29,1320,0,3283,7,1234,14.5,1436,0,3203,25,834,12.5,1053,263.52466677713494,1417,527.0493335542699,712,528.0493335542699,1298
2377,Gordon Leslie,i_organization,Oceania,Monash,7,2425,4,2824,50.29910535983717,3125,138.0,2912,13,2492,1,1576,2,2431,7.0,2517,0,3203,5,2654,3.0,2752,33.74368606331724,3031,50.48737212663449,2995,100.97474425326898,2635
2378,He-Ling Shi,multiple-field,Oceania,Monash,5,2944,4,2824,63.05553108173778,2943,132.0,2945,14,2384,0,3283,0,3965,7.0,2517,0,3203,4,2882,2.0,3174,31.52776554086889,3093,63.05553108173778,2806,64.05553108173778,3017
2379,Horag Choi,multiple-field,Oceania,Monash,10,1802,10,1828,152.44015219095002,2077,404.0,2003,14,2384,1,1576,4,1786,7.5,2418,1,1424,10,1859,6.0,1923,165.4519969263123,1737,99.90399385262458,2339,199.8079877052492,2048
2380,Isaac Gross,macro,Oceania,Monash,3,3600,0,4385,10.63014581273465,4079,17.0,4044,5,3656,0,3283,2,2431,2.5,3719,0,3203,0,4408,1.0,3730,5.315072906367325,4095,10.63014581273465,4014,11.63014581273465,4052
2381,Jaai Parasnis,labor,Oceania,Monash,7,2425,7,2254,58.56620185738529,3008,170.0,2751,19,1915,0,3283,0,3965,9.5,2035,0,3203,7,2299,3.5,2589,29.283100928692644,3152,58.56620185738529,2872,59.56620185738529,3075
2382,Jakob Madsen,multiple-field,Oceania,Monash,41,139,133,35,682.4543940806594,706,5912.0,280,274,18,0,3283,52,43,137.0,20,0,3203,133,36,72.5,40,341.2271970403297,1278,682.4543940806594,548,683.4543940806594,1155
2383,Keaton Ellis,behavior-experiment,Oceania,Monash,1,4388,0,4385,2.0,4497,2.0,4502,2,4322,0,3283,1,2917,1.0,4350,0,3203,0,4408,0.5,4086,1.0,4501,2.0,4473,3.0,4474
2384,Lata Gangadharan,behavior-experiment,Oceania,Monash,31,296,58,227,599.6890861104611,794,3309.0,512,91,245,1,1576,14,640,46.0,276,1,1424,58,228,31.5,281,441.1835625944378,1156,581.3671251888755,650,1162.734250377751,883
2385,Laura Puzzello,i_trade,Oceania,Monash,5,2944,4,2824,229.3163753420152,1663,310.0,2245,9,3018,1,1576,2,2431,5.0,2983,1,1424,4,2882,2.5,2945,131.34268669224105,1923,229.6853733844821,1467,459.3707467689642,1383
2386,Liang Choon Wang,multiple-field,Oceania,Monash,12,1477,12,1604,191.07851789251453,1851,537.0,1767,33,1137,0,3283,3,2072,16.5,1262,0,3203,12,1632,6.5,1818,95.53925894625728,2167,191.07851789251453,1657,192.07851789251453,2079
2387,Lionel Frost,history,Oceania,Monash,12,1477,15,1353,87.840765023991,2625,404.0,2003,65,467,0,3283,0,3965,32.5,531,0,3203,15,1379,7.5,1649,43.9203825119955,2815,87.840765023991,2470,88.840765023991,2740
2388,Mallory Avery,multiple-field,Oceania,Monash,2,3967,0,4385,4.242640687119285,4365,6.0,4335,3,4085,0,3283,1,2917,1.5,4125,0,3203,0,4408,0.5,4086,2.1213203435596424,4370,4.242640687119285,4326,5.242640687119285,4338
2390,Mark Crosby,multiple-field,Oceania,Monash,7,2425,6,2423,142.75853739794337,2146,278.0,2332,26,1461,0,3283,1,2917,13.0,1571,0,3203,6,2464,3.0,2752,71.37926869897169,2411,142.75853739794337,1968,143.75853739794337,2319
2391,Matthew Leister,micro_theory,Oceania,Monash,4,3256,3,3094,30.397368307141328,3523,62.0,3427,8,3159,1,1576,6,1392,4.5,3116,1,1424,3,3149,4.5,2297,26.738631664034084,3211,28.47726332806817,3459,56.954526656136345,3101
2392,Michael Ward,multiple-field,Oceania,Monash,16,1038,19,1100,456.17978911828175,1002,1550.0,922,22,1700,0,3283,1,2917,11.0,1825,0,3203,19,1119,9.5,1356,228.08989455914087,1491,456.17978911828175,807,457.17978911828175,1386
2393,Michelle Teresita Rendall,labor,Oceania,Monash,7,2425,5,2603,71.37226352022192,2820,158.0,2801,9,3018,1,1576,4,1786,5.0,2983,1,1424,5,2654,4.0,2445,54.25638626592128,2634,69.51277253184256,2706,139.02554506368512,2339
2394,Mita Bhattacharya,multiple-field,Oceania,Monash,27,420,44,375,1499.240140871368,302,4277.0,409,71,395,0,3283,0,3965,35.5,448,0,3203,44,387,22.0,518,749.620070435684,943,1499.240140871368,221,1500.240140871368,770
2395,Moshe Hazan,multiple-field,Oceania,Monash,12,1477,12,1604,248.3223711227001,1587,696.0,1561,17,2079,2,1169,8,1097,9.5,2035,2,1039,12,1632,7.0,1731,438.8118863614331,1158,219.04147069166297,1516,654.1244120749889,1174
2396,Paul Raschky,multiple-field,Oceania,Monash,19,797,22,952,737.962736186591,655,2407.0,664,43,813,1,1576,7,1234,22.0,892,1,1424,22,972,12.0,1098,783.3171143048417,925,521.6342286096833,718,1043.2684572193666,925
2397,Paulo Santos,development,Oceania,Monash,9,1992,9,1961,103.34892355511016,2474,271.0,2350,15,2273,0,3283,2,2431,7.5,2418,0,3203,9,2003,4.5,2297,51.674461777555074,2677,103.34892355511016,2302,104.34892355511016,2601
2398,Philip Grossman,behavior-experiment,Oceania,Monash,31,296,54,251,1626.4190726869874,273,6713.0,244,81,293,1,1576,19,415,41.0,333,1,1424,54,259,28.5,340,1022.9388934652552,844,1612.8777869305104,194,3225.755573861021,517
2399,Pushkar Maitra,development,Oceania,Monash,20,726,41,427,314.09393499397595,1348,1469.0,969,77,332,1,1576,10,906,39.0,379,1,1424,41,434,22.5,503,243.00499991666945,1458,301.0099998333389,1187,602.0199996666778,1224
2400,Qingyuan Du,i_finance,Oceania,Monash,5,2944,2,3404,34.07345007480164,3445,59.0,3453,9,3018,0,3283,1,2917,4.5,3116,0,3203,2,3459,1.5,3437,17.03672503740082,3530,34.07345007480164,3341,35.07345007480164,3464
2401,Quoc-Anh Do,political_econ,Oceania,Monash,6,2677,6,2423,315.691304916686,1343,601.0,1683,7,3309,2,1169,4,1786,4.5,3116,2,1039,6,2464,4.5,2297,850.415373465252,904,122.64824905484538,2116,364.9447471645361,1555
2402,Ratbek Dzhumashev,multiple-field,Oceania,Monash,13,1348,14,1430,314.48688366925575,1347,920.0,1339,25,1518,0,3283,0,3965,12.5,1623,0,3203,14,1453,7.0,1731,157.24344183462787,1772,314.48688366925575,1153,315.48688366925575,1683
2403,Ricardo Dahis,political_econ,Oceania,Monash,3,3600,1,3809,12.84523257866513,4011,21.0,3971,3,4085,0,3283,1,2917,1.5,4125,0,3203,1,3860,0.5,4086,6.422616289332565,4030,12.84523257866513,3936,13.84523257866513,3983
2404,Rigissa Megalokonomou,labor,Oceania,Monash,7,2425,5,2603,49.58830507286975,3146,147.0,2849,17,2079,1,1576,7,1234,9.0,2114,1,1424,5,2654,5.5,2026,49.11218536111876,2724,41.22437072223753,3194,82.44874144447506,2796
2405,Russell Smyth,multiple-field,Oceania,Monash,70,16,268,1,1761.8081620880291,252,17796.0,60,394,3,0,3283,1,2917,197.0,3,0,3203,268,1,134.5,5,880.9040810440147,887,1761.8081620880291,171,1762.8081620880291,717
2406,Sahar Shafiei,other,Oceania,Monash,4,3256,4,2824,1003.996513938171,502,1541.0,930,4,3855,0,3283,0,3965,2.0,3907,0,3203,4,2882,2.0,3174,501.9982569690855,1091,1003.996513938171,370,1004.996513938171,941
2407,Santiago Hermo,labor,Oceania,Monash,1,4388,1,3809,12.0,4037,12.0,4154,1,4577,1,1576,1,2917,1.0,4350,1,1424,1,3860,1.0,3730,11.999999999999998,3721,1.0,4561,2.0,4561
2408,Sascha Becker,multiple-field,Oceania,Monash,51,71,82,108,1663.4851968081953,267,10181.0,144,128,107,10,280,27,228,69.0,108,10,231,82,112,46.5,131,14954.540373271557,236,1291.916143903337,270,14112.077582936705,180
2409,Sebastiano Della Lena,micro_theory,Oceania,Monash,3,3600,1,3809,14.66287829861518,3969,27.0,3874,4,3855,0,3283,3,2072,2.0,3907,0,3203,1,3860,2.0,3174,7.33143914930759,3991,14.66287829861518,3885,15.66287829861518,3939
2410,Siew Ling Yew,multiple-field,Oceania,Monash,10,1802,10,1828,91.2797896579522,2589,282.0,2317,18,1994,0,3283,1,2917,9.0,2114,0,3203,10,1859,5.0,2147,45.6398948289761,2779,91.2797896579522,2430,92.2797896579522,2706
2411,Solmaz Moslehi,multiple-field,Oceania,Monash,6,2677,5,2603,173.10112651279886,1962,288.0,2302,16,2168,0,3283,0,3965,8.0,2304,0,3203,5,2654,2.5,2945,86.55056325639943,2260,173.10112651279886,1768,174.10112651279886,2169
2412,Stefanie Fischer,labor,Oceania,Monash,5,2944,5,2603,96.90717207719972,2536,193.0,2644,7,3309,0,3283,2,2431,3.5,3382,0,3203,5,2654,3.0,2752,48.453586038599866,2735,96.90717207719972,2378,97.90717207719972,2668
2413,Stephen King,i_organization,Oceania,Monash,16,1038,24,859,246.60697475943377,1593,1033.0,1253,68,428,1,1576,5,1568,34.5,474,1,1424,24,876,13.5,969,196.6351147810984,1597,234.2702295621968,1454,468.5404591243936,1364
2414,Timothy Moore,multiple-field,Oceania,Monash,11,1625,12,1604,172.53985046939155,1965,526.0,1779,23,1634,1,1576,8,1097,12.0,1681,0,3203,13,1535,8.0,1567,94.17714314132256,2183,173.35428628264515,1766,346.7085725652903,1600
2415,Vai-Lam Mui,behavior-experiment,Oceania,Monash,13,1348,16,1280,273.8831867785973,1487,732.0,1518,20,1840,1,1576,5,1568,10.5,1890,1,1424,16,1309,9.0,1418,149.78724355728497,1812,274.57448711456993,1298,549.1489742291399,1281
2416,Vinod Mishra,multiple-field,Oceania,Monash,23,568,43,396,498.7905371997348,928,2310.0,688,68,428,0,3283,1,2917,34.0,490,0,3203,43,408,22.0,518,249.3952685998674,1441,498.7905371997348,747,499.7905371997348,1335
2417,Weijia Li,political_econ,Oceania,Monash,2,3967,1,3809,14.422205101855956,3973,20.0,3989,3,4085,0,3283,1,2917,1.5,4125,0,3203,1,3860,0.5,4086,7.211102550927978,3995,14.422205101855956,3891,15.422205101855956,3943
2418,Wenli Cheng,multiple-field,Oceania,Monash,11,1625,13,1510,127.30278865759382,2258,406.0,1998,32,1187,0,3283,0,3965,16.0,1305,0,3203,13,1535,6.5,1818,63.65139432879691,2504,127.30278865759382,2078,128.30278865759382,2416
2419,Xiaodong Fan,labor,Oceania,Monash,5,2944,3,3094,43.0,3277,87.0,3214,7,3309,1,1576,4,1786,4.0,3242,0,3203,4,2882,3.0,2752,29.124630174277613,3156,43.24926034855522,3149,86.49852069711044,2757
2420,Xiaojian Zhao,micro_theory,Oceania,Monash,8,2197,7,2254,65.19202405202648,2905,218.0,2544,26,1461,2,1169,5,1568,14.0,1485,2,1039,7,2299,6.0,1923,157.88892755866726,1769,44.24926034855522,3115,129.74778104566565,2403
2421,Yew-Kwang Ng,multiple-field,Oceania,Monash,26,451,61,204,451.8594914351141,1011,2733.0,589,187,48,2,1169,6,1392,94.5,54,2,1039,61,209,32.0,272,521.4416819450724,1071,441.048972211529,844,1320.1469166345871,827
2422,Yves Zenou,labor,Oceania,Monash,71,14,202,10,1818.8204969155147,242,16132.0,72,302,12,10,280,116,5,156.0,13,8,320,204,10,121.5,8,12579.21442523123,262,1420.996102049896,240,15531.957122548854,160
2423,Zhijun Chen,i_organization,Oceania,Monash,7,2425,7,2254,130.0884314610642,2236,281.0,2322,10,2874,1,1576,6,1392,5.5,2853,1,1424,7,2299,5.0,2147,108.45452836636804,2059,121.90905673273612,2119,243.81811346547224,1898
2424,Stefan Hirsch,multiple-field,Europe,Munich,23,568,34,548,270.74896121684384,1499,1285.0,1066,45,770,0,3283,0,3965,22.5,866,0,3203,34,558,17.0,742,135.37448060842192,1901,270.74896121684384,1314,271.74896121684384,1814
2425,Johannes Sauer,multiple-field,Europe,Munich,30,323,75,128,419.2564847441241,1086,2840.0,574,141,87,0,3283,2,2431,70.5,101,0,3203,75,134,38.5,191,209.6282423720621,1548,419.2564847441241,881,420.2564847441241,1455
2426,Helmut Farbmacher,econometrics,Europe,Munich,8,2197,8,2100,202.83737328214443,1790,473.0,1879,18,1994,0,3283,2,2431,9.0,2114,0,3203,8,2146,4.5,2297,101.4186866410722,2117,202.83737328214443,1597,203.83737328214443,2032
2427,Sebastian Schwenen,i_organization,Europe,Munich,10,1802,10,1828,275.46869150594955,1477,577.0,1711,19,1915,0,3283,2,2431,9.5,2035,0,3203,10,1859,5.5,2026,137.73434575297478,1883,275.46869150594955,1291,276.46869150594955,1798
2428,Sebastian J. Goerg,behavior-experiment,Europe,Munich,12,1477,14,1430,105.4371850914088,2452,431.0,1957,32,1187,1,1576,8,1097,16.5,1262,1,1424,14,1453,9.5,1356,69.02883815731425,2431,105.05767631462852,2275,210.11535262925705,1999
2429,Alois Heissenhuber,multiple-field,Europe,Munich,8,2197,7,2254,169.0,1986,371.0,2087,31,1232,0,3283,0,3965,15.5,1343,0,3203,7,2299,3.5,2589,84.5,2284,169.0,1796,170.0,2189
2430,Robert K. Frhr. Von Weizsäcker,multiple-field,Europe,Munich,7,2425,7,2254,68.93475175845634,2856,180.0,2705,15,2273,0,3283,4,1786,7.5,2418,0,3203,7,2299,4.0,2445,34.46737587922817,3011,68.93475175845634,2714,69.93475175845634,2941
2431,Hanna Hottenrott,multiple-field,Europe,Munich,23,568,31,605,594.6789049562798,803,2263.0,699,54,596,0,3283,1,2917,27.0,674,0,3203,31,620,15.5,820,297.3394524781399,1360,594.6789049562798,634,595.6789049562798,1232
2432,Philipp Lergetporer,behavior-experiment,Europe,Munich,14,1239,18,1155,212.40291900065785,1740,689.0,1568,30,1275,0,3283,15,589,15.0,1386,0,3203,18,1177,12.0,1098,106.20145950032892,2079,212.40291900065785,1543,213.40291900065785,1988
2433,Luisa Menapace,multiple-field,Europe,Munich,17,948,20,1048,385.4166576576576,1158,1322.0,1048,30,1275,0,3283,1,2917,15.0,1386,0,3203,20,1065,10.5,1239,192.7083288288288,1614,385.4166576576576,950,386.4166576576576,1515
2434,Svetlana Ikonnikova,other,Europe,Munich,19,797,28,696,259.91729453808955,1541,1089.0,1207,52,637,0,3283,2,2431,26.0,718,0,3203,28,718,14.0,936,129.95864726904475,1931,259.91729453808955,1351,260.91729453808955,1840
2435,Livia Cabernard,other,Europe,Munich,8,2197,8,2100,550.2490345289121,852,1096.0,1197,12,2609,0,3283,0,3965,6.0,2731,0,3203,8,2146,4.0,2445,275.1245172644561,1398,550.2490345289121,681,551.2490345289121,1278
2436,Hubert Röder,other,Europe,Munich,10,1802,10,1828,163.3278910657944,2016,446.0,1926,17,2079,0,3283,0,3965,8.5,2203,0,3203,10,1859,5.0,2147,81.6639455328972,2308,163.3278910657944,1830,164.3278910657944,2214
2437,Martin Moog,multiple-field,Europe,Munich,6,2677,5,2603,150.81114017207085,2090,278.0,2332,12,2609,0,3283,0,3965,6.0,2731,0,3203,5,2654,2.5,2945,75.40557008603542,2367,150.81114017207085,1909,151.81114017207085,2273
2438,Michael Suda,other,Europe,Munich,7,2425,7,2254,49.77951385861457,3142,144.0,2864,17,2079,0,3283,0,3965,8.5,2203,0,3203,7,2299,3.5,2589,24.88975692930729,3263,49.77951385861457,3010,50.77951385861457,3190
2439,Timm Betz,political_econ,Europe,Munich,11,1625,13,1510,105.72606112023658,2447,368.0,2093,23,1634,0,3283,0,3965,11.5,1753,0,3203,13,1535,6.5,1818,52.86303056011829,2653,105.72606112023658,2267,106.72606112023658,2575
2440,Tim Buthe,political_econ,Europe,Munich,22,617,26,777,1015.918795967473,494,3381.0,504,42,840,0,3283,0,3965,21.0,953,0,3203,26,797,13.0,1007,507.9593979837365,1084,1015.918795967473,362,1016.918795967473,933
2441,Michael Kurschilgen,behavior-experiment,Europe,Munich,8,2197,7,2254,49.58830507286975,3146,151.0,2826,19,1915,0,3283,1,2917,9.5,2035,0,3203,7,2299,4.0,2445,24.79415253643488,3266,49.58830507286975,3017,50.58830507286975,3193
2442,Kimberley Scharf,p_finance,Europe,Nottingham,12,1477,12,1604,134.43957750603056,2201,440.0,1940,26,1461,1,1576,12,763,13.5,1526,1,1424,12,1632,9.5,1356,95.52480446365333,2168,132.04960892730662,2040,264.09921785461324,1834
2443,Facundo Albornoz Crespo,multiple-field,Europe,Nottingham,10,1802,12,1604,301.54104198267936,1383,721.0,1537,28,1363,0,3283,7,1234,14.0,1485,0,3203,12,1632,8.0,1567,150.77052099133968,1803,301.54104198267936,1184,302.54104198267936,1717
2444,Marta Aloi,macro,Europe,Nottingham,6,2677,3,3094,43.87482193696061,3251,101.0,3112,11,2737,0,3283,2,2431,5.5,2853,0,3203,3,3149,2.5,2945,21.937410968480304,3354,43.87482193696061,3125,44.87482193696061,3289
2445,Simon Appleton,development,Europe,Nottingham,17,948,23,906,427.1908238714872,1069,1564.0,915,44,790,0,3283,0,3965,22.0,892,0,3203,23,925,11.5,1143,213.5954119357436,1532,427.1908238714872,868,428.1908238714872,1437
2446,Abigail Barr,behavior-experiment,Europe,Nottingham,23,568,30,633,2061.0965528087227,198,5089.0,340,42,840,0,3283,6,1392,21.0,953,0,3203,30,649,15.0,864,1030.548276404361,842,2061.0965528087227,130,2062.0965528087227,654
2447,Mattia Bertazzini,history,Europe,Nottingham,3,3600,2,3404,23.664319132398465,3681,40.0,3695,4,3855,1,1576,1,2917,2.5,3719,1,1424,2,3459,1.5,3437,25.681145747868605,3239,16.362291495737217,3820,32.724582991474435,3506
2448,Spiros Bougheas,multiple-field,Europe,Nottingham,15,1141,16,1280,416.50450177639135,1092,1284.0,1068,52,637,0,3283,3,2072,26.0,718,0,3203,16,1309,9.0,1418,208.25225088819568,1558,416.50450177639135,887,417.50450177639135,1460
2449,Jake Bradley,labor,Europe,Nottingham,6,2677,4,2824,49.15282290977803,3155,114.0,3041,9,3018,0,3283,4,1786,4.5,3116,0,3203,4,2882,2.5,2945,24.576411454889016,3272,49.15282290977803,3029,50.15282290977803,3199
2450,Pavel Brendler,p_finance,Europe,Nottingham,2,3967,0,4385,5.916079783099616,4280,9.0,4234,3,4085,0,3283,2,2431,1.5,4125,0,3203,0,4408,1.0,3730,2.958039891549808,4291,5.916079783099616,4232,6.916079783099616,4248
2451,Sarah Bridges,labor,Europe,Nottingham,9,1992,9,1961,280.4763804672329,1448,647.0,1623,23,1634,0,3283,1,2917,11.5,1753,0,3203,9,2003,4.5,2297,140.23819023361645,1867,280.4763804672329,1262,281.4763804672329,1780
2452,Guillermo Cruces,multiple-field,Europe,Nottingham,18,872,26,777,510.4360880658812,908,1419.0,991,37,989,1,1576,4,1786,19.0,1075,1,1424,26,797,13.5,969,325.5945367580225,1305,506.1890735160451,737,1012.3781470320902,938
2453,Robin Cubitt,behavior-experiment,Europe,Nottingham,18,872,22,952,289.03460000491293,1419,1137.0,1168,35,1061,1,1576,10,906,18.0,1148,1,1424,22,972,13.5,969,160.29570333173473,1757,289.59140666346946,1227,579.1828133269389,1250
2454,Gianni De Fraja,multiple-field,Europe,Nottingham,19,797,30,633,548.2818618192654,858,1665.0,874,68,428,2,1169,20,383,35.0,460,2,1039,30,649,19.0,627,448.5827326215895,1147,546.0514681535194,688,1635.1544044605582,744
2455,Bouwe Dijkstra,multiple-field,Europe,Nottingham,12,1477,15,1353,106.20263650211326,2444,387.0,2053,29,1320,0,3283,2,2431,14.5,1436,0,3203,15,1379,7.5,1649,53.10131825105663,2652,106.20263650211326,2264,107.20263650211326,2574
2456,Markus Eberhardt,multiple-field,Europe,Nottingham,16,1038,20,1048,731.4642848423974,659,2014.0,760,26,1461,0,3283,3,2072,13.0,1571,0,3203,20,1065,10.0,1294,365.7321424211987,1239,731.4642848423974,509,732.4642848423974,1115
2457,Giovanni Facchini,multiple-field,Europe,Nottingham,19,797,32,583,391.58013228456826,1143,1457.0,978,68,428,2,1169,9,991,35.0,460,1,1424,33,579,18.0,684,206.71279978580856,1562,393.4255995716172,928,1177.2767987148516,876
2458,Simon Gaechter,behavior-experiment,Europe,Nottingham,49,85,71,148,5988.862078892784,37,21157.0,41,99,200,4,749,19,415,51.5,211,4,656,71,153,38.5,191,17067.150523190765,213,5187.822045556733,27,25924.11022778367,104
2459,John Gathergood,finance,Europe,Nottingham,19,797,23,906,551.4888938138283,847,1720.0,849,35,1061,1,1576,5,1568,18.0,1148,1,1424,23,925,12.5,1053,343.5141678231678,1272,548.0283356463356,684,1096.0566712926711,904
2460,Alejandro Graziano,i_trade,Europe,Nottingham,4,3256,4,2824,79.22120928135344,2711,136.0,2924,7,3309,0,3283,2,2431,3.5,3382,0,3203,4,2882,2.5,2945,39.61060464067672,2882,79.22120928135344,2567,80.22120928135344,2816
2461,David Harvey,econometrics,Europe,Nottingham,25,490,45,357,1348.4939747733397,342,3490.0,490,87,263,0,3283,16,541,43.5,299,0,3203,45,370,25.5,418,674.2469873866697,985,1348.4939747733397,264,1349.4939747733397,811
2462,Toomas Hinnosaar,micro_theory,Europe,Nottingham,5,2944,3,3094,27.129319932501076,3605,68.0,3366,11,2737,0,3283,6,1392,5.5,2853,0,3203,3,3149,4.0,2445,13.564659966250536,3660,27.129319932501076,3495,28.129319932501076,3600
2463,Marit Hinnosaar,behavior-experiment,Europe,Nottingham,4,3256,3,3094,39.344631145812,3345,74.0,3321,6,3475,0,3283,2,2431,3.0,3545,0,3203,3,3149,2.0,3174,19.672315572906,3434,39.344631145812,3232,40.344631145812,3371
2464,Giammario Impullitti,i_trade,Europe,Nottingham,9,1992,8,2100,130.49521064008442,2233,339.0,2169,11,2737,0,3283,6,1392,5.5,2853,0,3203,8,2146,4.5,2297,65.24760532004221,2479,130.49521064008442,2054,131.49521064008442,2391
2465,Giuseppe Ippedico,labor,Europe,Nottingham,1,4388,1,3809,18.0,3855,18.0,4028,1,4577,0,3283,0,3965,0.5,4588,0,3203,1,3860,0.5,4086,9.0,3886,18.0,3762,19.0,3835
2466,Martin Jensen,micro_theory,Europe,Nottingham,7,2425,7,2254,204.2743253568593,1780,402.0,2011,14,2384,3,924,5,1568,8.5,2203,2,1039,8,2146,6.0,1923,222.1295109833055,1509,203.53179299053804,1591,806.1271719621521,1060
2467,Richard Kneller,i_trade,Europe,Nottingham,36,203,53,259,1218.8076140228202,391,5712.0,290,84,277,0,3283,7,1234,42.0,319,0,3203,53,270,27.0,375,609.4038070114101,1018,1218.8076140228202,294,1219.8076140228202,860
2468,Kevin Lee,macro,Europe,Nottingham,17,948,24,859,472.6002539144473,970,1537.0,934,48,712,1,1576,13,700,24.5,776,1,1424,24,876,12.5,1053,336.27972120879423,1289,461.55944241758846,800,923.1188848351768,982
2469,Steve Leybourne,other,Europe,Nottingham,10,1802,10,1828,206.74863965695155,1764,489.0,1852,18,1994,0,3283,0,3965,9.0,2114,0,3203,10,1859,5.0,2147,103.37431982847578,2100,206.74863965695155,1572,207.74863965695155,2013
2470,Eugene Malthouse,behavior-experiment,Europe,Nottingham,4,3256,2,3404,22.781571499789035,3709,41.0,3682,6,3475,0,3283,0,3965,3.0,3545,0,3203,2,3459,1.0,3730,11.390785749894516,3749,22.781571499789035,3604,23.781571499789035,3694
2471,Patrick Marsh,econometrics,Europe,Nottingham,0,4667,0,4385,0.0,4667,0.0,4667,4,3855,0,3283,0,3965,2.0,3907,0,3203,0,4408,0.0,4504,0.0,4667,0.0,4669,1.0,4669
2472,Maria Montero,micro_theory,Europe,Nottingham,11,1625,12,1604,91.67878707749138,2580,345.0,2151,27,1408,0,3283,9,991,13.5,1526,0,3203,12,1632,7.0,1731,45.83939353874569,2772,91.67878707749138,2422,92.67878707749138,2699
2473,Yoshi Morozumi,multiple-field,Europe,Nottingham,7,2425,7,2254,65.02307282803544,2907,148.0,2842,8,3159,0,3283,1,2917,4.0,3242,0,3203,7,2299,3.5,2589,32.51153641401772,3064,65.02307282803544,2767,66.02307282803544,2986
2474,Oliver Morrissey,development,Europe,Nottingham,31,296,61,204,426.44460367086367,1070,2683.0,598,118,132,0,3283,3,2072,59.0,163,0,3203,61,209,30.5,304,213.22230183543184,1534,426.44460367086367,869,427.44460367086367,1440
2475,Rahul Mukherjee,i_finance,Europe,Nottingham,4,3256,2,3404,37.73592452822641,3378,66.0,3386,6,3475,0,3283,0,3965,3.0,3545,0,3203,2,3459,1.0,3730,18.867962264113206,3469,37.73592452822641,3266,38.73592452822641,3405
2476,Trudy Owens,development,Europe,Nottingham,17,948,21,998,431.047561180898,1057,1646.0,879,38,953,0,3283,0,3965,19.0,1075,0,3203,21,1017,10.5,1239,215.523780590449,1527,431.047561180898,861,432.047561180898,1432
2477,Alex Possajennikov,micro_theory,Europe,Nottingham,8,2197,7,2254,93.37558567420072,2567,251.0,2425,23,1634,0,3283,1,2917,11.5,1753,0,3203,7,2299,4.0,2445,46.68779283710036,2761,93.37558567420072,2410,94.37558567420072,2690
2478,Elke Renner,behavior-experiment,Europe,Nottingham,12,1477,12,1604,599.4430748619922,795,1582.0,908,13,2492,0,3283,2,2431,6.5,2616,0,3203,12,1632,6.0,1923,299.7215374309961,1353,599.4430748619922,630,600.4430748619922,1227
2479,Margarita Rubio,macro,Europe,Nottingham,12,1477,14,1430,188.68492255609613,1866,570.0,1718,33,1137,0,3283,2,2431,16.5,1262,0,3203,14,1453,7.0,1731,94.34246127804808,2179,188.68492255609613,1669,189.68492255609613,2093
2480,Valeria Rueda,multiple-field,Europe,Nottingham,4,3256,4,2824,93.58952932887313,2564,143.0,2870,9,3018,0,3283,1,2917,4.5,3116,0,3203,4,2882,2.0,3174,46.79476466443656,2758,93.58952932887313,2407,94.58952932887313,2687
2481,Joris Schroeder,behavior-experiment,Europe,Nottingham,3,3600,1,3809,37.589892258425,3382,53.0,3520,5,3656,0,3283,0,3965,2.5,3719,0,3203,1,3860,0.5,4086,18.7949461292125,3473,37.589892258425,3271,38.589892258425,3408
2482,Martin Sefton,behavior-experiment,Europe,Nottingham,28,386,44,375,1623.8392777611953,275,4342.0,400,57,557,0,3283,17,493,28.5,630,0,3203,44,387,23.0,493,811.9196388805976,917,1623.8392777611953,192,1624.8392777611953,746
2483,Daniel Seidmann,micro_theory,Europe,Nottingham,11,1625,11,1709,160.61755819336813,2033,486.0,1860,26,1461,4,749,16,541,15.0,1386,4,656,11,1737,12.0,1098,762.1907877596997,934,120.92732785794772,2137,589.6366392897387,1241
2484,Silvia Sonderegger,micro_theory,Europe,Nottingham,8,2197,6,2423,69.02173570694958,2853,212.0,2564,19,1915,1,1576,10,906,10.0,1962,1,1424,6,2464,6.5,1818,59.54362059117501,2560,64.08724118235003,2787,128.17448236470003,2417
2485,Chris Starmer,behavior-experiment,Europe,Nottingham,30,323,39,455,1286.3693093353868,359,4078.0,426,63,491,2,1169,10,906,32.5,531,2,1039,39,464,20.5,567,1135.7757187232437,803,1266.206470478616,279,3795.619411435848,471
2486,Benjamin Tatlow,econometrics,Europe,Nottingham,0,4667,0,4385,0.0,4667,0.0,4667,1,4577,0,3283,0,3965,0.5,4588,0,3203,0,4408,0.0,4504,0.0,4667,0.0,4669,1.0,4669
2487,Cecilia Testa,political_econ,Europe,Nottingham,8,2197,7,2254,190.77997798511248,1855,339.0,2169,18,1994,2,1169,6,1392,10.0,1962,1,1424,8,2146,5.5,2026,106.23129737644028,2078,192.46259475288053,1649,574.3877842586417,1256
2488,Gregory Thwaites,macro,Europe,Nottingham,9,1992,9,1961,734.5855974629505,656,1120.0,1181,11,2737,0,3283,3,2072,5.5,2853,0,3203,9,2003,4.5,2297,367.2927987314753,1236,734.5855974629505,503,735.5855974629505,1107
2489,Richard Upward,labor,Europe,Nottingham,16,1038,24,859,344.2121438880389,1267,1142.0,1159,43,813,0,3283,5,1568,21.5,923,0,3203,24,876,13.0,1007,172.10607194401945,1697,344.2121438880389,1057,345.2121438880389,1605
2490,Azamat Valei,multiple-field,Europe,Nottingham,1,4388,0,4385,2.23606797749979,4467,3.0,4453,5,3656,0,3283,0,3965,2.5,3719,0,3203,0,4408,0.0,4504,1.118033988749895,4470,2.23606797749979,4440,3.23606797749979,4442
2491,Adrien Vigier,micro_theory,Europe,Nottingham,5,2944,3,3094,87.72114910328068,2626,155.0,2814,10,2874,2,1169,7,1234,6.0,2731,1,1424,4,2882,5.0,2147,137.71825349730048,1884,35.436506994600975,3312,103.30952098380293,2612
2492,Juan Ignacio Vizcaino,macro,Europe,Nottingham,1,4388,1,3809,48.0,3177,48.0,3588,1,4577,1,1576,1,2917,1.0,4350,1,1424,1,3860,1.0,3730,47.99999999999999,2741,1.0,4561,2.0,4561
2493,Zhihong Yu,i_trade,Europe,Nottingham,13,1348,15,1353,296.7608464740589,1399,931.0,1332,25,1518,0,3283,2,2431,12.5,1623,0,3203,15,1379,7.5,1649,148.38042323702948,1817,296.7608464740589,1202,297.7608464740589,1730
2494,Yang Zu,econometrics,Europe,Nottingham,5,2944,4,2824,68.98550572402873,2854,143.0,2870,13,2492,0,3283,4,1786,6.5,2616,0,3203,4,2882,3.5,2589,34.49275286201436,3010,68.98550572402873,2713,69.98550572402873,2940
2495,Maria Garcia De La Vega,multiple-field,Europe,Nottingham,8,2197,8,2100,330.5253394219572,1307,523.0,1786,14,2384,0,3283,2,2431,7.0,2517,0,3203,8,2146,4.5,2297,165.2626697109786,1738,330.5253394219572,1100,331.5253394219572,1641
2496,Norman Gemmell,p_finance,Europe,Nottingham,21,669,37,484,693.6771583380845,698,2390.0,669,100,192,0,3283,8,1097,50.0,222,0,3203,37,494,20.0,589,346.83857916904225,1268,693.6771583380845,543,694.6771583380845,1143
2497,Sir David Greenaway,i_trade,Europe,Nottingham,44,113,90,88,1576.7672624709076,282,7967.0,198,173,59,0,3283,17,493,86.5,65,0,3203,90,92,46.5,131,788.3836312354538,923,1576.7672624709076,201,1577.7672624709076,755
2498,Chris Milner,i_trade,Europe,Nottingham,24,528,42,412,454.9285658210528,1005,2240.0,706,118,132,0,3283,7,1234,59.0,163,0,3203,42,422,21.5,536,227.4642829105264,1494,454.9285658210528,812,455.9285658210528,1389
2499,David Whynes,multiple-field,Europe,Nottingham,40,151,132,37,883.3430817072152,567,6345.0,263,189,46,0,3283,16,541,94.5,54,0,3203,132,38,67.0,51,441.6715408536076,1155,883.3430817072152,424,884.3430817072152,1006
2500,Siew Yee Lau,development,Europe,Nottingham,1,4388,0,4385,8.0,4180,8.0,4272,2,4322,0,3283,0,3965,1.0,4350,0,3203,0,4408,0.0,4504,4.0,4196,8.0,4126,9.0,4155
2501,Pek Kim Ng,labor,Europe,Nottingham,4,3256,1,3809,13.228756555322953,3999,29.0,3841,8,3159,0,3283,0,3965,4.0,3242,0,3203,1,3860,0.5,4086,6.614378277661476,4019,13.228756555322953,3920,14.228756555322953,3970
2502,Luke Okafor,i_trade,Europe,Nottingham,17,948,23,906,257.268342397583,1553,979.0,1295,41,868,0,3283,0,3965,20.5,981,0,3203,23,925,11.5,1143,128.6341711987915,1939,257.268342397583,1368,258.268342397583,1850
2503,Rasyad Parinduri,multiple-field,Europe,Nottingham,8,2197,8,2100,120.72282302862206,2319,290.0,2297,22,1700,0,3283,0,3965,11.0,1825,0,3203,8,2146,4.0,2445,60.36141151431103,2553,120.72282302862206,2141,121.72282302862206,2470
2504,Wing Leong Teo,multiple-field,Europe,Nottingham,7,2425,5,2603,47.60252094164762,3182,126.0,2967,15,2273,0,3283,2,2431,7.5,2418,0,3203,5,2654,3.0,2752,23.80126047082381,3294,47.60252094164762,3054,48.60252094164762,3225
2505,Saizi Xiao,labor,Europe,Nottingham,2,3967,0,4385,3.605551275463989,4413,5.0,4375,2,4322,0,3283,0,3965,1.0,4350,0,3203,0,4408,0.0,4504,1.8027756377319943,4417,3.605551275463989,4374,4.60555127546399,4383
2506,Chew Lian Chua,multiple-field,Europe,Nottingham,10,1802,10,1828,66.53570470055908,2889,263.0,2370,34,1095,0,3283,2,2431,17.0,1221,0,3203,10,1859,5.5,2026,33.26785235027954,3045,66.53570470055908,2744,67.53570470055908,2972
2507,Paolo Epifani,i_trade,Europe,Nottingham,10,1802,10,1828,205.0780339285512,1777,581.0,1705,13,2492,1,1576,5,1568,7.0,2517,1,1424,10,1859,6.0,1923,188.7997772825746,1630,180.5995545651492,1719,361.1991091302984,1561
2508,Chee-Ruey Hsieh,multiple-field,Europe,Nottingham,17,948,20,1048,216.349254678633,1721,879.0,1372,31,1232,0,3283,5,1568,15.5,1343,0,3203,20,1065,10.5,1239,108.1746273393165,2062,216.349254678633,1525,217.349254678633,1971
2509,Jingong Huang,macro,Europe,Nottingham,5,2944,2,3404,34.85685011586675,3427,65.0,3397,7,3309,0,3283,0,3965,3.5,3382,0,3203,2,3459,1.0,3730,17.428425057933374,3513,34.85685011586675,3322,35.85685011586675,3448
2510,Tom Lane,behavior-experiment,Europe,Nottingham,6,2677,5,2603,192.80560157837735,1842,384.0,2058,19,1915,1,1576,6,1392,10.0,1962,1,1424,5,2654,4.5,2297,123.38081568114208,1967,191.76163136228416,1654,383.5232627245683,1520
2511,Chee Kian Leong,multiple-field,Europe,Nottingham,6,2677,6,2423,149.9566604055985,2096,337.0,2176,13,2492,0,3283,0,3965,6.5,2616,0,3203,6,2464,3.0,2752,74.97833020279926,2373,149.9566604055985,1917,150.9566604055985,2279
2512,Zhenjiang Lin,econometrics,Europe,Nottingham,1,4388,0,4385,2.0,4497,2.0,4502,3,4085,0,3283,1,2917,1.5,4125,0,3203,0,4408,0.5,4086,1.0,4501,2.0,4473,3.0,4474
2513,Chang Liu,multiple-field,Europe,Nottingham,19,797,22,952,423.92452158373663,1076,1380.0,1011,29,1320,0,3283,0,3965,14.5,1436,0,3203,22,972,11.0,1189,211.96226079186832,1538,423.92452158373663,875,424.92452158373663,1445
2514,Wai-Heng Loke,i_trade,Europe,Nottingham,3,3600,1,3809,13.784048752090222,3992,30.0,3824,10,2874,0,3283,0,3965,5.0,2983,0,3203,1,3860,0.5,4086,6.892024376045111,4012,13.784048752090222,3912,14.784048752090222,3961
2515,Xuyan Lou,multiple-field,Europe,Nottingham,2,3967,0,4385,3.741657386773941,4405,8.0,4272,8,3159,0,3283,1,2917,4.0,3242,0,3203,0,4408,0.5,4086,1.8708286933869709,4410,3.741657386773941,4367,4.741657386773941,4376
2516,Shravan Luckraz,micro_theory,Europe,Nottingham,6,2677,2,3404,29.3598365118064,3549,92.0,3183,26,1461,0,3283,2,2431,13.0,1571,0,3203,2,3459,1.5,3437,14.679918255903198,3609,29.3598365118064,3435,30.3598365118064,3550
2517,Stuart Mcdonald,multiple-field,Europe,Nottingham,5,2944,4,2824,42.98837052040936,3279,104.0,3096,21,1766,0,3283,2,2431,10.5,1890,0,3203,4,2882,2.5,2945,21.49418526020468,3379,42.98837052040936,3157,43.98837052040936,3311
2518,Xuewen Qian,micro_theory,Europe,Nottingham,1,4388,0,4385,4.358898943540674,4360,7.0,4303,7,3309,0,3283,0,3965,3.5,3382,0,3203,0,4408,0.0,4504,2.179449471770337,4365,4.358898943540674,4321,5.358898943540674,4333
2519,Chen Qu,micro_theory,Europe,Nottingham,2,3967,1,3809,10.862780491200215,4071,16.0,4062,6,3475,0,3283,0,3965,3.0,3545,0,3203,1,3860,0.5,4086,5.431390245600108,4089,10.862780491200215,4006,11.862780491200215,4046
2520,Eric M. Scheffel,multiple-field,Europe,Nottingham,4,3256,3,3094,53.53503525729669,3080,106.0,3088,11,2737,0,3283,0,3965,5.5,2853,0,3203,3,3149,1.5,3437,26.767517628648346,3210,53.53503525729669,2939,54.53503525729669,3135
2521,Robert Anderton,multiple-field,Europe,Nottingham,7,2425,6,2423,33.58571124749333,3458,104.0,3096,19,1915,0,3283,0,3965,9.5,2035,0,3203,6,2464,3.0,2752,16.792855623746664,3541,33.58571124749333,3354,34.58571124749333,3477
2522,Martin Wolf,multiple-field,Europe,Nottingham,7,2425,6,2423,658.3357805861687,731,796.0,1439,28,1363,1,1576,4,1786,14.5,1436,0,3203,7,2299,5.0,2147,330.1675105474415,1295,659.335021094883,566,1318.670042189766,828
2523,Christopher Firth,finance,Europe,Nottingham,4,3256,2,3404,514.0418270919206,901,575.0,1714,7,3309,0,3283,0,3965,3.5,3382,0,3203,2,3459,1.0,3730,257.0209135459603,1429,514.0418270919206,724,515.0418270919206,1314
2524,Min Zhu,i_trade,Europe,Nottingham,2,3967,2,3404,15.620499351813308,3940,22.0,3954,2,4322,0,3283,0,3965,1.0,4350,0,3203,2,3459,1.0,3730,7.810249675906654,3967,15.620499351813308,3857,16.620499351813308,3914
2525,Jose Vicente Guinot Saporta,behavior-experiment,Europe,Nottingham,0,4667,0,4385,0.0,4667,0.0,4667,1,4577,0,3283,0,3965,0.5,4588,0,3203,0,4408,0.0,4504,0.0,4667,0.0,4669,1.0,4669
2526,Jose Gregory Arcaya,development,Europe,Nottingham,1,4388,0,4385,5.0,4330,5.0,4375,1,4577,0,3283,0,3965,0.5,4588,0,3203,0,4408,0.0,4504,2.5,4337,5.0,4288,6.0,4300
2527,Kieran Stockley,finance,Europe,Nottingham,1,4388,0,4385,8.0,4180,8.0,4272,2,4322,0,3283,0,3965,1.0,4350,0,3203,0,4408,0.0,4504,4.0,4196,8.0,4126,9.0,4155
2528,Xue Wang,behavior-experiment,Europe,Nottingham,1,4388,0,4385,1.0,4570,1.0,4570,1,4577,0,3283,0,3965,0.5,4588,0,3203,0,4408,0.0,4504,0.5,4572,1.0,4561,2.0,4561
2529,Marcelo Woo,labor,Europe,Nottingham,1,4388,0,4385,5.0,4330,5.0,4375,1,4577,0,3283,0,3965,0.5,4588,0,3203,0,4408,0.0,4504,2.5,4337,5.0,4288,6.0,4300
2530,Akshar Saxena,p_finance,Asia,NTU(Singapore),7,2425,7,2254,245.2508919453709,1600,472.0,1881,16,2168,0,3283,0,3965,8.0,2304,0,3203,7,2299,3.5,2589,122.62544597268544,1971,245.2508919453709,1410,246.2508919453709,1883
2531,Euston Quah,multiple-field,Asia,NTU(Singapore),10,1802,12,1604,288.41116483243155,1421,741.0,1503,64,480,0,3283,0,3965,32.0,545,0,3203,12,1632,6.0,1923,144.20558241621578,1841,288.41116483243155,1232,289.41116483243155,1753
2532,Guiying Laura Wu,multiple-field,Asia,NTU(Singapore),8,2197,8,2100,171.70905625505023,1972,404.0,2003,15,2273,0,3283,3,2072,7.5,2418,0,3203,8,2146,4.0,2445,85.85452812752511,2268,171.70905625505023,1779,172.70905625505023,2175
2533,James Ang,multiple-field,Asia,NTU(Singapore),34,230,58,227,1534.2450912419436,292,5508.0,308,68,428,0,3283,11,832,34.0,490,0,3203,58,228,29.0,327,767.1225456209718,931,1534.2450912419436,212,1535.2450912419436,761
2534,Jonathan Yeo,behavior-experiment,Asia,NTU(Singapore),2,3967,2,3404,52.3354564325181,3097,71.0,3344,4,3855,0,3283,0,3965,2.0,3907,0,3203,2,3459,1.0,3730,26.16772821625905,3225,52.3354564325181,2959,53.3354564325181,3150
2535,Joseph Dennis Alba,multiple-field,Asia,NTU(Singapore),10,1802,10,1828,106.70988707706518,2440,361.0,2108,35,1061,0,3283,2,2431,17.5,1186,0,3203,10,1859,5.0,2147,53.35494353853259,2650,106.70988707706518,2260,107.70988707706518,2570
2536,Jubo Yan,multiple-field,Asia,NTU(Singapore),11,1625,14,1430,185.1053753946654,1888,564.0,1727,25,1518,0,3283,1,2917,12.5,1623,0,3203,14,1453,7.0,1731,92.5526876973327,2201,185.1053753946654,1690,186.1053753946654,2113
2537,Nattavudh Powdthavee,multiple-field,Asia,NTU(Singapore),31,296,51,279,790.9677616692098,616,3972.0,437,74,360,0,3283,9,991,37.0,418,0,3203,51,289,25.5,418,395.4838808346049,1204,790.9677616692098,474,791.9677616692098,1069
2538,Qu Feng,econometrics,Asia,NTU(Singapore),10,1802,10,1828,698.7753573216503,691,1087.0,1215,24,1571,0,3283,3,2072,12.0,1681,0,3203,10,1859,5.0,2147,349.38767866082515,1262,698.7753573216503,537,699.7753573216503,1140
2539,Seok Young Hong,econometrics,Asia,NTU(Singapore),4,3256,1,3809,22.67156809750927,3715,40.0,3695,4,3855,0,3283,2,2431,2.0,3907,0,3203,1,3860,1.0,3730,11.335784048754634,3756,22.67156809750927,3611,23.67156809750927,3700
2540,Hui Ying Sng,multiple-field,Asia,NTU(Singapore),2,3967,0,4385,4.242640687119285,4365,6.0,4335,5,3656,0,3283,0,3965,2.5,3719,0,3203,0,4408,0.0,4504,2.1213203435596424,4370,4.242640687119285,4326,5.242640687119285,4338
2541,Swati Sharma,political_econ,Asia,NTU(Singapore),5,2944,3,3094,50.1098792654702,3131,99.0,3133,8,3159,0,3283,0,3965,4.0,3242,0,3203,3,3149,1.5,3437,25.0549396327351,3256,50.1098792654702,3001,51.1098792654702,3184
2542,Tai-Sen He,behavior-experiment,Asia,NTU(Singapore),5,2944,3,3094,37.97367509209505,3374,80.0,3267,11,2737,0,3283,1,2917,5.5,2853,0,3203,3,3149,1.5,3437,18.986837546047525,3464,37.97367509209505,3263,38.97367509209505,3402
2543,Kong Yam​​ Tan,development,Asia,NTU(Singapore),6,2677,2,3404,58.54912467321779,3009,112.0,3057,16,2168,0,3283,0,3965,8.0,2304,0,3203,2,3459,1.0,3730,29.27456233660889,3153,58.54912467321779,2873,59.54912467321779,3076
2544,Cheng Keat Tang,p_finance,Asia,NTU(Singapore),5,2944,4,2824,88.7130204648675,2613,176.0,2724,11,2737,0,3283,1,2917,5.5,2853,0,3203,4,2882,2.0,3174,44.35651023243375,2804,88.7130204648675,2459,89.7130204648675,2729
2545,Yang Tang,multiple-field,Asia,NTU(Singapore),9,1992,9,1961,89.3364427319557,2607,233.0,2491,17,2079,0,3283,1,2917,8.5,2203,0,3203,9,2003,4.5,2297,44.66822136597785,2796,89.3364427319557,2451,90.3364427319557,2722
2546,Te Bao,behavior-experiment,Asia,NTU(Singapore),16,1038,20,1048,158.00949338568236,2048,625.0,1654,42,840,0,3283,3,2072,21.0,953,0,3203,20,1065,10.0,1294,79.00474669284118,2335,158.00949338568236,1859,159.00949338568236,2240
2547,Tat-How Teh,i_organization,Asia,NTU(Singapore),5,2944,5,2603,110.81064930772672,2396,215.0,2553,10,2874,0,3283,4,1786,5.0,2983,0,3203,5,2654,4.0,2445,55.40532465386337,2614,110.81064930772672,2213,111.81064930772672,2534
2548,Wai Mun Chia,multiple-field,Asia,NTU(Singapore),9,1992,9,1961,133.42038824707413,2211,397.0,2027,38,953,0,3283,0,3965,19.0,1075,0,3203,9,2003,4.5,2297,66.71019412353706,2458,133.42038824707413,2029,134.42038824707413,2369
2549,Wei Siang Wang,multiple-field,Asia,NTU(Singapore),3,3600,0,4385,11.04536101718726,4064,18.0,4028,5,3656,0,3283,0,3965,2.5,3719,0,3203,0,4408,0.0,4504,5.522680508593631,4081,11.04536101718726,3996,12.04536101718726,4036
2550,Wenjie Wang,econometrics,Asia,NTU(Singapore),5,2944,3,3094,23.43074902771996,3687,69.0,3358,13,2492,0,3283,5,1568,6.5,2616,0,3203,3,3149,3.0,2752,11.71537451385998,3730,23.43074902771996,3585,24.43074902771996,3670
2551,Yeow Hwee Chua,finance,Asia,NTU(Singapore),2,3967,1,3809,111.16204388189342,2391,117.0,3021,5,3656,0,3283,2,2431,2.5,3719,0,3203,1,3860,1.5,3437,55.58102194094671,2608,111.16204388189342,2210,112.16204388189342,2531
2552,Yohanes Eko Riyanto,behavior-experiment,Asia,NTU(Singapore),15,1141,20,1048,203.28551350256123,1788,777.0,1466,67,442,0,3283,10,906,33.5,504,0,3203,20,1065,13.5,969,101.6427567512806,2116,203.28551350256123,1595,204.28551350256123,2029
2553,Zhaoneng Yuan,micro_theory,Asia,NTU(Singapore),1,4388,0,4385,1.0,4570,1.0,4570,1,4577,0,3283,0,3965,0.5,4588,0,3203,0,4408,0.0,4504,0.5,4572,1.0,4561,2.0,4561
2554,Qinan Wang,other,Asia,NTU(Singapore),21,669,28,696,936.6269267963633,538,2272.0,697,37,989,0,3283,0,3965,18.5,1111,0,3203,28,718,14.0,936,468.3134633981816,1123,936.6269267963633,398,937.6269267963633,974
2555,Byoung-Hyoun Hwang,finance,Asia,NTU(Singapore),10,1802,10,1828,1004.1922126764376,501,2058.0,749,16,2168,0,3283,6,1392,8.0,2304,0,3203,10,1859,5.5,2026,502.0961063382189,1090,1004.1922126764376,369,1005.1922126764376,940
2556,Michael Li Zhi-Feng,multiple-field,Asia,NTU(Singapore),10,1802,10,1828,342.6689364386565,1272,670.0,1593,16,2168,0,3283,0,3965,8.0,2304,0,3203,10,1859,5.0,2147,171.33446821932824,1701,342.6689364386565,1064,343.6689364386565,1609
2558,Chang Xin,finance,Asia,NTU(Singapore),17,948,21,998,707.5386915215308,679,2143.0,733,32,1187,0,3283,4,1786,16.0,1305,0,3203,21,1017,10.5,1239,353.7693457607654,1255,707.5386915215308,527,708.5386915215308,1131
2559,Chen Chien-Ming,multiple-field,Asia,NTU(Singapore),17,948,17,1215,387.6660934360909,1152,1363.0,1021,26,1461,0,3283,0,3965,13.0,1571,0,3203,17,1241,8.5,1487,193.83304671804547,1606,387.6660934360909,944,388.6660934360909,1510
2560,Yuyan Guan,finance,Asia,NTU(Singapore),12,1477,12,1604,360.3831294608559,1216,874.0,1379,14,2384,0,3283,0,3965,7.0,2517,0,3203,12,1632,6.0,1923,180.19156473042796,1662,360.3831294608559,1010,361.3831294608559,1559
2561,Li Dong,other,Asia,NTU(Singapore),7,2425,6,2423,137.1203850636367,2179,314.0,2237,18,1994,0,3283,0,3965,9.0,2114,0,3203,6,2464,3.0,2752,68.56019253181834,2438,137.1203850636367,2005,138.1203850636367,2347
2562,Jaecheol Park,behavior-experiment,Asia,NTU(Singapore),0,4667,0,4385,0.0,4667,0.0,4667,1,4577,0,3283,0,3965,0.5,4588,0,3203,0,4408,0.0,4504,0.0,4667,0.0,4669,1.0,4669
2563,Shiu-Sheng Chen,multiple-field,Asia,NTU(Taiwan),16,1038,24,859,592.9949409564975,807,1809.0,822,50,671,0,3283,2,2431,25.0,750,0,3203,24,876,12.0,1098,296.4974704782488,1365,592.9949409564975,636,593.9949409564975,1237
2564,Chih-Sheng Hsieh,multiple-field,Asia,NTU(Taiwan),8,2197,7,2254,116.15937327654622,2353,249.0,2433,14,2384,0,3283,3,2072,7.0,2517,0,3203,7,2299,5.0,2147,58.07968663827311,2578,116.15937327654622,2170,117.15937327654622,2499
2565,Yi-Chan Tsai,macro,Asia,NTU(Taiwan),4,3256,1,3809,28.03569153775237,3583,46.0,3618,6,3475,0,3283,1,2917,3.0,3545,0,3203,1,3860,0.5,4086,14.017845768876189,3642,28.03569153775237,3472,29.03569153775237,3581
2566,Tai-Kuang Ho,multiple-field,Asia,NTU(Taiwan),6,2677,2,3404,79.13911801378633,2713,151.0,2826,27,1408,0,3283,1,2917,13.5,1526,0,3203,2,3459,1.0,3730,39.569559006893165,2883,79.13911801378633,2568,80.13911801378633,2817
2567,Jin-Tan Liu,multiple-field,Asia,NTU(Taiwan),26,451,58,227,529.8244992447972,881,2674.0,600,94,227,1,1576,12,763,47.5,249,1,1424,58,228,30.0,313,299.33359604862943,1355,529.6671920972589,708,1059.3343841945175,918
2568,Ming-Jen Lin,labor,Asia,NTU(Taiwan),13,1348,17,1215,347.81891840439044,1254,1020.0,1261,39,924,1,1576,7,1234,20.0,1011,1,1424,17,1241,10.5,1239,197.4949566990349,1594,347.9899133980698,1046,695.9798267961396,1142
2569,Elliott Fan,multiple-field,Asia,NTU(Taiwan),7,2425,5,2603,144.55448799674122,2130,308.0,2251,15,2273,0,3283,4,1786,7.5,2418,0,3203,5,2654,4.0,2445,72.27724399837061,2398,144.55448799674122,1952,145.55448799674122,2306
2570,Chun-Fang Chiang,political_econ,Asia,NTU(Taiwan),5,2944,3,3094,212.61232325526197,1738,284.0,2311,8,3159,1,1576,2,2431,4.5,3116,1,1424,3,3149,2.0,3174,231.26417111710185,1485,49.52834223420371,3019,99.05668446840744,2656
2571,Hung-Jen Wang,multiple-field,Asia,NTU(Taiwan),12,1477,14,1430,810.6694764205694,606,1825.0,818,30,1275,0,3283,7,1234,15.0,1386,0,3203,14,1453,8.0,1567,405.3347382102847,1192,810.6694764205694,459,811.6694764205694,1056
2572,Nan-Kuang Chen,macro,Asia,NTU(Taiwan),12,1477,13,1510,178.72604734621083,1925,541.0,1760,24,1571,0,3283,1,2917,12.0,1681,0,3203,13,1535,6.5,1818,89.36302367310542,2229,178.72604734621083,1730,179.72604734621083,2139
2573,Hing Chi Jimmy Chan,micro_theory,Asia,NTU(Taiwan),8,2197,7,2254,122.90240030202828,2296,297.0,2277,12,2609,3,924,9,991,7.5,2418,3,816,7,2299,6.5,1818,508.7612349883009,1082,62.9749947894954,2809,243.8999791579816,1897
2574,Hung-Ju Chen,macro,Asia,NTU(Taiwan),11,1625,12,1604,67.22350779303324,2882,321.0,2212,44,790,0,3283,2,2431,22.0,892,0,3203,12,1632,6.0,1923,33.61175389651662,3036,67.22350779303324,2735,68.22350779303324,2963
2575,Ming-Ching Luoh,labor,Asia,NTU(Taiwan),7,2425,7,2254,308.7782375751245,1360,646.0,1626,12,2609,1,1576,3,2072,6.5,2616,1,1424,7,2299,4.0,2445,177.92205819829724,1666,308.8441163965945,1167,617.688232793189,1209
2576,Ching-I Huang,i_organization,Asia,NTU(Taiwan),4,3256,3,3094,43.243496620879306,3270,76.0,3301,7,3309,1,1576,2,2431,4.0,3242,1,1424,3,3149,2.0,3174,47.69842509920029,2743,26.39685019840059,3511,52.79370039680118,3160
2577,Chen-Ying Huang,micro_theory,Asia,NTU(Taiwan),8,2197,7,2254,124.42266674525185,2281,267.0,2359,12,2609,1,1576,3,2072,6.5,2616,1,1424,7,2299,4.5,2297,92.98333101787529,2190,120.9666620357506,2136,241.9333240715012,1904
2578,Joseph Tao-Yi Wang,behavior-experiment,Asia,NTU(Taiwan),11,1625,11,1709,706.4870840999147,680,1378.0,1012,20,1840,1,1576,6,1392,10.5,1890,1,1424,11,1737,7.0,1731,568.9519484850629,1036,666.9038969701259,560,1333.8077939402517,824
2579,Yusen Sung,micro_theory,Asia,NTU(Taiwan),0,4667,0,4385,0.0,4667,0.0,4667,1,4577,0,3283,0,3965,0.5,4588,0,3203,0,4408,0.0,4504,0.0,4667,0.0,4669,1.0,4669
2580,Pei-Ju Liao,development,Asia,NTU(Taiwan),4,3256,4,2824,49.95998398718719,3136,92.0,3183,7,3309,0,3283,3,2072,3.5,3382,0,3203,4,2882,2.5,2945,24.979991993593597,3259,49.95998398718719,3007,50.95998398718719,3187
2581,Chung-Ying Lee,i_organization,Asia,NTU(Taiwan),2,3967,0,4385,10.0,4097,14.0,4102,2,4322,0,3283,1,2917,1.0,4350,0,3203,0,4408,0.5,4086,5.0,4116,10.0,4036,11.0,4071
2582,Jui-Chung Yang,multiple-field,Asia,NTU(Taiwan),6,2677,4,2824,238.1281167775028,1637,375.0,2077,9,3018,0,3283,1,2917,4.5,3116,0,3203,4,2882,2.0,3174,119.0640583887514,1998,238.1281167775028,1439,239.1281167775028,1911
2583,Melody Pei-Yu Lo,micro_theory,Asia,NTU(Taiwan),1,4388,0,4385,4.242640687119285,4365,6.0,4335,3,4085,0,3283,1,2917,1.5,4125,0,3203,0,4408,0.5,4086,2.1213203435596424,4370,4.242640687119285,4326,5.242640687119285,4338
2584,Hsuan-Li Su,multiple-field,Asia,NTU(Taiwan),2,3967,1,3809,10.246950765959598,4088,13.0,4130,3,4085,0,3283,0,3965,1.5,4125,0,3203,1,3860,0.5,4086,5.123475382979799,4104,10.246950765959598,4024,11.246950765959598,4060
2585,Josie I Chen,behavior-experiment,Asia,NTU(Taiwan),4,3256,2,3404,32.28002478313795,3488,64.0,3405,9,3018,0,3283,2,2431,4.5,3116,0,3203,2,3459,1.5,3437,16.140012391568973,3561,32.28002478313795,3380,33.28002478313795,3497
2586,Po Han Fong,micro_theory,Asia,NTU(Taiwan),3,3600,3,3094,59.388551085204966,3001,89.0,3204,4,3855,1,1576,2,2431,2.5,3719,1,1424,3,3149,2.0,3174,66.35920709430827,2462,25.71841418861655,3527,51.4368283772331,3177
2587,Yu-Chi Chu,macro,Asia,NTU(Taiwan),1,4388,0,4385,1.0,4570,1.0,4570,1,4577,0,3283,1,2917,0.5,4588,0,3203,0,4408,0.5,4086,0.5,4572,1.0,4561,2.0,4561
2588,Ziho Park,i_trade,Asia,NTU(Taiwan),1,4388,0,4385,1.0,4570,1.0,4570,3,4085,0,3283,0,3965,1.5,4125,0,3203,0,4408,0.0,4504,0.5,4572,1.0,4561,2.0,4561
2589,Cheuk Shing Leung,i_organization,Asia,NTU(Taiwan),1,4388,0,4385,3.0,4440,3.0,4453,1,4577,0,3283,0,3965,0.5,4588,0,3203,0,4408,0.0,4504,1.5,4444,3.0,4407,4.0,4412
2590,Chien-Chiang Wang,macro,Asia,NTU(Taiwan),1,4388,0,4385,5.0,4330,5.0,4375,2,4322,0,3283,0,3965,1.0,4350,0,3203,0,4408,0.0,4504,2.5,4337,5.0,4288,6.0,4300
2591,Kwok Hon Ho,econometrics,Asia,NTU(Taiwan),1,4388,0,4385,4.123105625617661,4372,5.0,4375,2,4322,0,3283,1,2917,1.0,4350,0,3203,0,4408,0.5,4086,2.0615528128088303,4377,4.123105625617661,4333,5.123105625617661,4345
2592,Kuan-Ming Chen,i_organization,Asia,NTU(Taiwan),1,4388,0,4385,5.0,4330,5.0,4375,1,4577,0,3283,1,2917,0.5,4588,0,3203,0,4408,0.5,4086,2.5,4337,5.0,4288,6.0,4300
2593,Yu-Chang Chen,econometrics,Asia,NTU(Taiwan),1,4388,0,4385,1.0,4570,1.0,4570,1,4577,0,3283,0,3965,0.5,4588,0,3203,0,4408,0.0,4504,0.5,4572,1.0,4561,2.0,4561
2594,Kenji Wada,i_finance,Asia,NTU(Taiwan),1,4388,0,4385,3.0,4440,3.0,4453,1,4577,0,3283,0,3965,0.5,4588,0,3203,0,4408,0.0,4504,1.5,4444,3.0,4407,4.0,4412
2595,Alberto Salvo,multiple-field,Asia,NUS,10,1802,11,1709,351.32036661713767,1238,730.0,1521,18,1994,0,3283,3,2072,9.0,2114,0,3203,11,1737,6.5,1818,175.66018330856883,1679,351.32036661713767,1031,352.32036661713767,1579
2596,Ao Wang,behavior-experiment,Asia,NUS,2,3967,0,4385,6.324555320336759,4256,8.0,4272,2,4322,0,3283,0,3965,1.0,4350,0,3203,0,4408,0.0,4504,3.1622776601683795,4269,6.324555320336759,4207,7.324555320336759,4227
2597,David Steven Jacks,history,Asia,NUS,19,797,26,777,399.8474709185992,1124,1612.0,898,31,1232,1,1576,5,1568,16.0,1305,1,1424,26,797,14.5,901,311.5498622408319,1331,382.0997244816637,959,764.1994489633274,1088
2598,Denis Tkachenko,econometrics,Asia,NUS,3,3600,3,3094,54.092513345194085,3071,76.0,3301,4,3855,1,1576,1,2917,2.5,3719,1,1424,3,3149,2.0,3174,40.98557292037257,2858,52.97114584074513,2948,105.94229168149026,2583
2599,Eecheng Ong,other,Asia,NUS,2,3967,0,4385,4.47213595499958,4357,6.0,4335,2,4322,0,3283,0,3965,1.0,4350,0,3203,0,4408,0.0,4504,2.23606797749979,4362,4.47213595499958,4318,5.47213595499958,4330
2600,Eugene Choo,labor,Asia,NUS,5,2944,3,3094,298.46272799128536,1393,374.0,2080,7,3309,2,1169,4,1786,4.5,3116,2,1039,3,3149,3.5,2589,510.6633107743656,1080,39.81534080237808,3223,116.44602240713422,2503
2601,Haoming Liu,multiple-field,Asia,NUS,12,1477,13,1510,363.483149540663,1210,824.0,1425,38,953,0,3283,5,1568,19.0,1075,0,3203,13,1535,8.5,1487,181.7415747703315,1659,363.483149540663,1006,364.483149540663,1556
2602,Hsin-Tien Tsai,multiple-field,Asia,NUS,2,3967,1,3809,13.038404810405298,4003,18.0,4028,3,4085,0,3283,2,2431,1.5,4125,0,3203,1,3860,1.5,3437,6.519202405202649,4023,13.038404810405298,3927,14.038404810405298,3974
2603,Hui Ren Tan,history,Asia,NUS,5,2944,1,3809,16.401219466856727,3908,37.0,3719,8,3159,1,1576,4,1786,4.5,3116,0,3203,2,3459,2.5,2945,13.632168761236873,3657,16.264337522473745,3824,32.52867504494749,3508
2604,Joanne Kathryn Roberts,multiple-field,Asia,NUS,8,2197,7,2254,77.47902942086975,2741,217.0,2547,15,2273,2,1169,8,1097,8.5,2203,2,1039,7,2299,6.0,1923,140.58837722940987,1864,69.04476116744694,2711,204.1342835023408,2030
2605,Joris Michael Mueller,political_econ,Asia,NUS,1,4388,0,4385,1.0,4570,1.0,4570,1,4577,1,1576,1,2917,1.0,4350,0,3203,1,3860,1.0,3730,1.0,4501,1.0,4561,2.0,4561
2606,Kurt Gerrard Tiu See,labor,Asia,NUS,3,3600,3,3094,27.440845468024488,3601,47.0,3604,6,3475,1,1576,3,2072,3.5,3382,0,3203,4,2882,3.0,2752,15.683932183404009,3570,28.367864366808018,3464,56.73572873361604,3102
2607,Lorenz Fabian Goette,behavior-experiment,Asia,NUS,32,272,44,375,949.966315192281,529,4084.0,424,55,582,4,749,16,541,29.5,601,4,656,44,387,25.5,418,5180.660920283003,425,644.8907863279047,583,3209.4539316395235,521
2608,Martin Mattsson,political_econ,Asia,NUS,0,4667,0,4385,0.0,4667,0.0,4667,1,4577,0,3283,1,2917,0.5,4588,0,3203,0,4408,0.5,4086,0.0,4667,0.0,4669,1.0,4669
2609,Ming Li,econometrics,Asia,NUS,1,4388,0,4385,1.0,4570,1.0,4570,2,4322,0,3283,1,2917,1.0,4350,0,3203,0,4408,0.5,4086,0.5,4572,1.0,4561,2.0,4561
2610,Naila Maya Shofia,other,Asia,NUS,0,4667,0,4385,0.0,4667,0.0,4667,1,4577,0,3283,0,3965,0.5,4588,0,3203,0,4408,0.0,4504,0.0,4667,0.0,4669,1.0,4669
2611,Ngee Choon Chia,p_finance,Asia,NUS,6,2677,6,2423,68.8040696470783,2858,178.0,2715,16,2168,0,3283,2,2431,8.0,2304,0,3203,6,2464,3.0,2752,34.40203482353915,3013,68.8040696470783,2716,69.8040696470783,2943
2612,Parimal K Bag,micro_theory,Asia,NUS,10,1802,11,1709,66.70832032063167,2888,282.0,2317,39,924,0,3283,17,493,19.5,1041,0,3203,11,1737,10.0,1294,33.35416016031584,3044,66.70832032063167,2742,67.70832032063167,2969
2613,Paul Gabriel Jackson,macro,Asia,NUS,3,3600,0,4385,7.0,4221,13.0,4130,5,3656,0,3283,2,2431,2.5,3719,0,3203,0,4408,1.0,3730,3.5,4237,7.0,4171,8.0,4195
2614,Ran Song,labor,Asia,NUS,4,3256,3,3094,144.8274835796024,2129,191.0,2651,8,3159,0,3283,3,2072,4.0,3242,0,3203,3,3149,2.0,3174,72.4137417898012,2397,144.8274835796024,1950,145.8274835796024,2305
2615,Ruben Durante,political_econ,Asia,NUS,14,1239,15,1353,375.8936019673652,1179,1240.0,1091,24,1571,4,749,15,589,14.0,1485,3,816,16,1309,12.5,1053,1130.8589262842015,808,340.08481072491213,1076,1685.4240536245609,732
2616,Siddharth Eapen George,labor,Asia,NUS,0,4667,0,4385,0.0,4667,0.0,4667,1,4577,0,3283,0,3965,0.5,4588,0,3203,0,4408,0.0,4504,0.0,4667,0.0,4669,1.0,4669
2617,Xinming Du,multiple-field,Asia,NUS,7,2425,7,2254,275.40334057523705,1478,507.0,1818,11,2737,0,3283,0,3965,5.5,2853,0,3203,7,2299,3.5,2589,137.70167028761853,1885,275.40334057523705,1292,276.40334057523705,1799
2618,Ying Feng,development,Asia,NUS,3,3600,1,3809,11.575836902790224,4049,18.0,4028,3,4085,0,3283,2,2431,1.5,4125,0,3203,1,3860,1.0,3730,5.787918451395113,4066,11.575836902790224,3977,12.575836902790224,4019
2619,Yogita Shamdasani,labor,Asia,NUS,4,3256,4,2824,233.23593205164596,1657,391.0,2044,4,3855,2,1169,3,2072,3.0,3545,2,1039,4,2882,3.0,2752,402.2318505462969,1198,139.80058055030102,1987,416.4017416509031,1463
2620,Indranil Chakraborty,micro_theory,Asia,NUS,7,2425,4,2824,73.44385610791416,2793,174.0,2732,18,1994,0,3283,4,1786,9.0,2114,0,3203,4,2882,4.0,2445,36.72192805395708,2954,73.44385610791416,2650,74.44385610791416,2885
2621,Soo Hong Chew,multiple-field,Asia,NUS,30,323,56,237,607.1358991197934,787,3098.0,543,81,293,4,749,18,453,42.5,312,4,656,56,241,31.5,281,805.2659205947489,920,606.9320027996523,622,3019.660013998261,539
2622,Georgios Georgiou,multiple-field,Asia,NUS,4,3256,2,3404,22.64950330581225,3716,49.0,3575,11,2737,0,3283,0,3965,5.5,2853,0,3203,2,3459,1.0,3730,11.324751652906125,3757,22.64950330581225,3612,23.64950330581225,3701
2623,Ta-Cheng Huang,finance,Asia,NUS,4,3256,3,3094,71.17583859709698,2821,120.0,3002,5,3656,0,3283,0,3965,2.5,3719,0,3203,3,3149,1.5,3437,35.58791929854849,2980,71.17583859709698,2679,72.17583859709698,2911
2624,Basant Kumar Kapur,multiple-field,Asia,NUS,5,2944,2,3404,26.13426869074396,3624,71.0,3344,22,1700,2,1169,7,1234,12.0,1681,0,3203,4,2882,4.5,2297,18.718097341976904,3476,27.436194683953808,3491,79.30858405186143,2830
2625,Soo Ann Lee,multiple-field,Asia,NUS,2,3967,1,3809,28.861739379323623,3558,35.0,3754,3,4085,0,3283,0,3965,1.5,4125,0,3203,1,3860,0.5,4086,14.430869689661812,3620,28.861739379323623,3445,29.861739379323623,3560
2626,Yingkai Li,micro_theory,Asia,NUS,8,2197,4,2824,62.29767250869008,2961,185.0,2676,28,1363,0,3283,1,2917,14.0,1485,0,3203,4,2882,2.5,2945,31.14883625434504,3107,62.29767250869008,2822,63.29767250869008,3029
2627,Jingfeng Lu,micro_theory,Asia,NUS,19,797,36,503,301.28391925225617,1384,1276.0,1073,73,372,1,1576,22,327,37.0,418,1,1424,36,514,25.0,431,211.20394016465727,1541,295.40788032931454,1208,590.8157606586291,1238
2628,Xiao Luo,micro_theory,Asia,NUS,6,2677,6,2423,57.55866572463264,3020,157.0,2808,25,1518,0,3283,5,1568,12.5,1623,0,3203,6,2464,4.5,2297,28.77933286231632,3164,57.55866572463264,2887,58.55866572463264,3085
2630,John Quah Kim Ho,finance,Asia,NUS,11,1625,12,1604,108.30050784737809,2424,351.0,2134,29,1320,0,3283,0,3965,14.5,1436,0,3203,12,1632,6.0,1923,54.15025392368904,2637,108.30050784737809,2242,109.30050784737809,2558
2631,Jordan Aurelien F. Roulleau-Pasdeloup,macro,Asia,NUS,5,2944,3,3094,46.13025037868319,3208,84.0,3232,10,2874,0,3283,5,1568,5.0,2983,0,3203,3,3149,3.5,2589,23.065125189341597,3320,46.13025037868319,3082,47.13025037868319,3253
2632,Kelvin Seah Kah Cheng,labor,Asia,NUS,4,3256,1,3809,17.435595774162696,3872,40.0,3695,10,2874,0,3283,0,3965,5.0,2983,0,3203,1,3860,0.5,4086,8.717797887081348,3902,17.435595774162696,3782,18.435595774162696,3851
2633,Juwon Seo,econometrics,Asia,NUS,6,2677,4,2824,48.25971404805462,3172,107.0,3084,11,2737,1,1576,5,1568,6.0,2731,0,3203,5,2654,4.5,2297,31.796008068581592,3082,48.59201613716318,3040,97.18403227432636,2670
2634,Sorawoot Srisuma,econometrics,Asia,NUS,7,2425,4,2824,34.161381705077446,3444,99.0,3133,15,2273,0,3283,8,1097,7.5,2418,0,3203,4,2882,5.0,2147,17.080690852538723,3529,34.161381705077446,3338,35.161381705077446,3463
2635,Satoru Takahashi,micro_theory,Asia,NUS,13,1348,18,1155,143.11883174481267,2140,547.0,1747,40,899,5,627,20,383,22.5,866,3,816,20,1065,17.0,742,515.2802790235006,1077,131.9369922441839,2042,767.6219534651033,1086
2636,Serene Tan Sze Ching,micro_theory,Asia,NUS,6,2677,4,2824,34.91418050019218,3426,81.0,3257,8,3159,1,1576,6,1392,4.5,3116,1,1424,4,2882,4.0,2445,32.95827530165159,3053,30.916550603303182,3400,61.833101206606365,3048
2637,Albert Tsui Ka Cheng,multiple-field,Asia,NUS,14,1239,18,1155,791.907191531937,615,1327.0,1045,48,712,0,3283,2,2431,24.0,802,0,3203,18,1177,9.0,1418,395.9535957659685,1203,791.907191531937,472,792.907191531937,1068
2638,Allen Vong,micro_theory,Asia,NUS,0,4667,0,4385,0.0,4667,0.0,4667,1,4577,0,3283,1,2917,0.5,4588,0,3203,0,4408,0.5,4086,0.0,4667,0.0,4669,1.0,4669
2639,Wei Kang Wong,behavior-experiment,Asia,NUS,7,2425,6,2423,95.2260468569393,2549,202.0,2605,9,3018,0,3283,0,3965,4.5,3116,0,3203,6,2464,3.0,2752,47.61302342846965,2744,95.2260468569393,2392,96.2260468569393,2675
2640,Julian Wright,i_organization,Asia,NUS,30,323,50,291,1096.0287404990802,451,4087.0,422,73,372,5,627,24,285,39.0,379,4,656,51,289,29.5,320,1141.4653004578838,800,1096.716080306597,333,6556.296481839581,324
2641,Tingting Wu,behavior-experiment,Asia,NUS,1,4388,0,4385,4.0,4388,4.0,4413,1,4577,0,3283,0,3965,0.5,4588,0,3203,0,4408,0.0,4504,2.0,4394,4.0,4349,5.0,4360
2642,Luther Yap,econometrics,Asia,NUS,0,4667,0,4385,0.0,4667,0.0,4667,2,4322,0,3283,1,2917,1.0,4350,0,3203,0,4408,0.5,4086,0.0,4667,0.0,4669,1.0,4669
2643,Jinli Zeng,macro,Asia,NUS,11,1625,12,1604,78.26237921249263,2730,281.0,2322,18,1994,0,3283,4,1786,9.0,2114,0,3203,12,1632,6.0,1923,39.13118960624632,2896,78.26237921249263,2585,79.26237921249263,2831
2644,Donghai Zhang,macro,Asia,NUS,2,3967,0,4385,4.795831523312719,4347,9.0,4234,5,3656,0,3283,4,1786,2.5,3719,0,3203,0,4408,2.0,3174,2.39791576165636,4353,4.795831523312719,4308,5.795831523312719,4321
2645,Jie Zhang,macro,Asia,NUS,18,872,31,605,279.3868286086515,1455,1177.0,1132,47,731,0,3283,12,763,23.5,827,0,3203,31,620,16.0,788,139.69341430432576,1873,279.3868286086515,1271,280.3868286086515,1787
2647,Abi Adams,labor,North America,NW,2,3967,2,3404,348.4149824562658,1251,365.0,2101,2,4322,0,3283,0,3965,1.0,4350,0,3203,2,3459,1.0,3730,174.2074912281329,1688,348.4149824562658,1044,349.4149824562658,1592
2648,George-Marios Angeletos,macro,North America,NW,26,451,36,503,1208.652969218212,396,4478.0,391,48,712,24,56,35,139,36.0,438,19,73,41,434,33.5,251,42748.35121408542,105,700.0976260866473,535,16927.440652166184,144
2649,Eric Auerbach,econometrics,North America,NW,2,3967,1,3809,23.366642891095847,3690,28.0,3857,3,4085,2,1169,2,2431,2.5,3719,1,1424,2,3459,2.0,3174,46.68332609325087,2763,3.0,4407,6.0,4300
2650,Lori Beaman,development,North America,NW,12,1477,13,1510,974.6573756967113,516,2213.0,714,14,2384,6,525,11,832,10.0,1962,6,456,13,1535,9.5,1356,6418.41353145412,380,630.8583839559168,600,4381.008687691417,429
2651,Vivek Bhattacharya,multiple-field,North America,NW,5,2944,3,3094,43.60045871318328,3261,83.0,3240,7,3309,3,924,4,1786,5.0,2983,1,1424,5,2654,4.5,2297,81.94633154733647,2303,42.92492955535426,3161,163.69971822141704,2219
2652,Federico Bugni,econometrics,North America,NW,11,1625,11,1709,165.46903033498444,2002,464.0,1896,22,1700,3,924,7,1234,12.5,1623,2,1039,12,1632,8.5,1487,320.0808557496682,1316,138.83077707206124,1996,547.323108288245,1285
2653,Ivan Canay,econometrics,North America,NW,12,1477,12,1604,864.3037660452487,580,1437.0,985,18,1994,5,627,13,700,11.5,1753,4,656,13,1535,11.0,1189,1168.432025472049,790,864.4870563306931,431,5162.922337984159,390
2654,Lawrence Christiano,macro,North America,NW,36,203,47,332,3743.251527749638,92,11662.0,116,65,467,7,445,31,175,36.0,438,7,384,47,340,28.5,340,25662.935513288645,159,1928.7505040977612,146,15382.004032782092,165
2655,Eddie Dekel,micro_theory,North America,NW,27,420,36,503,550.7013709806795,851,2536.0,644,52,637,16,128,34,148,34.0,490,13,148,39,464,28.0,353,11925.247397677564,274,450.0253448820702,822,7395.430862995194,308
2656,Piotr Dworczak,micro_theory,North America,NW,9,1992,8,2100,137.1094453347398,2180,351.0,2134,15,2273,6,525,8,1097,10.5,1890,4,656,10,1859,8.0,1567,956.5944799240568,863,96.52071586106683,2380,640.645011027468,1190
2657,Martin Eichenbaum,macro,North America,NW,44,113,59,219,3599.2196376436937,98,12062.0,108,79,311,17,114,41,91,48.0,244,16,105,60,218,39.0,182,66943.24526934889,74,1725.8785796539205,175,30777.814433770563,95
2658,Jeffrey Ely,micro_theory,North America,NW,20,726,27,733,370.4780695263891,1193,1468.0,970,34,1095,15,142,22,327,24.5,776,13,148,29,684,22.0,518,10310.311505767397,299,192.44576636257065,1650,2855.13226180113,553
2659,Joseph Ferrie,history,North America,NW,20,726,24,859,434.9839077483212,1052,1635.0,887,30,1275,5,627,8,1097,17.5,1186,5,545,24,876,14.5,901,2382.518757572628,594,295.6836768723005,1207,1750.102061233803,719
2660,Benjamin Golub,micro_theory,North America,NW,12,1477,12,1604,1040.1120131985786,481,2105.0,740,20,1840,8,386,8,1097,14.0,1485,5,545,15,1379,11.5,1143,5637.72395394851,406,733.8512244255016,505,6541.661019829515,327
2661,W. Walker Hanlon,history,North America,NW,11,1625,12,1604,122.78436382536664,2297,390.0,2047,18,1994,3,924,10,906,10.5,1890,3,816,12,1632,9.0,1418,297.4397898990393,1359,106.22305943925514,2263,416.89223775702055,1461
2662,Igal Hendel,multiple-field,North America,NW,19,797,22,952,516.6855910512697,897,1930.0,783,25,1518,13,186,20,383,19.0,1075,12,173,23,925,18.0,684,13319.727016982437,256,302.26631328241456,1182,4063.728385953804,453
2663,Joel Horowitz,econometrics,North America,NW,45,105,91,85,1912.047070550304,222,9116.0,169,139,88,12,216,39,104,75.5,88,12,173,91,88,55.0,85,16401.09020432868,220,1863.09427096515,158,24077.22552254695,110
2664,Gaston Illanes,multiple-field,North America,NW,1,4388,1,3809,27.03701166919155,3607,29.0,3841,3,4085,1,1576,2,2431,2.0,3907,0,3203,2,3459,2.0,3174,14.509256086106296,3615,28.018512172212592,3474,56.037024344425184,3112
2665,Kirabo Jackson,labor,North America,NW,21,669,23,906,721.4527011523347,670,2380.0,671,32,1187,3,924,16,541,17.5,1186,3,816,23,925,14.0,936,2112.965211165152,622,473.67292252688594,781,1886.691690107544,684
2666,Elisa Jácome,labor,North America,NW,3,3600,2,3404,87.87491109526086,2624,102.0,3106,3,4085,2,1169,2,2431,2.5,3719,1,1424,3,3149,2.5,2945,128.31098884280703,1942,14.0,3906,39.0,3399
2667,Diego Känzig,macro,North America,NW,5,2944,2,3404,170.54031781370645,1980,236.0,2483,5,3656,1,1576,3,2072,3.0,3545,1,1424,2,3459,2.0,3174,188.07488783623964,1633,51.149775672479336,2982,102.29955134495869,2622
2668,Dean Karlan,development,North America,NW,50,78,88,96,2871.73849784412,130,15082.0,83,118,132,18,103,40,98,68.0,116,15,113,91,88,58.0,76,48138.84435048696,98,2596.583913701472,96,49012.09436032797,57
2669,Annie Liang,micro_theory,North America,NW,5,2944,3,3094,45.60701700396552,3213,100.0,3122,12,2609,4,749,5,1568,8.0,2304,2,1039,5,2654,5.0,2147,273.4381691336411,1403,19.459624833740307,3718,82.29812416870153,2800
2670,Frank Limbrock,i_organization,North America,NW,2,3967,1,3809,16.15549442140351,3914,21.0,3971,2,4322,0,3283,0,3965,1.0,4350,0,3203,1,3860,0.5,4086,8.077747210701755,3940,16.15549442140351,3829,17.15549442140351,3889
2671,Charles Manski,multiple-field,North America,NW,52,66,124,49,4329.615918300375,71,15590.0,78,188,47,13,186,52,43,100.5,44,12,173,125,50,73.5,37,36898.11724649032,117,1993.2684161496893,139,27737.75782609565,101
2672,Kiminori Matsuyama,multiple-field,North America,NW,26,451,40,441,939.9537222650912,536,3105.0,541,54,596,17,114,29,197,35.5,448,16,105,41,434,30.5,304,19149.03991464475,197,870.0380999697493,428,15372.685799455488,166
2673,Joel Mokyr,history,North America,NW,36,203,61,204,1910.689927748613,225,6850.0,240,102,184,4,749,5,1568,53.0,204,4,656,61,209,32.5,264,1799.1150894781326,672,1909.0900241195952,153,9530.450120597976,250
2674,Wojciech Olszewski,micro_theory,North America,NW,15,1141,23,906,159.2262541165872,2042,691.0,1566,51,654,7,445,20,383,29.0,616,7,384,23,925,18.0,684,2180.692656454118,612,83.2954782408499,2518,618.3638259267992,1208
2675,Alessandro Pavan,micro_theory,North America,NW,19,797,21,998,507.4455635829325,911,1715.0,850,33,1137,13,186,28,209,23.0,848,10,231,24,876,22.0,518,11237.867558335658,287,188.8323064740948,1668,2475.652290637327,593
2676,Harry Pei,micro_theory,North America,NW,4,3256,2,3404,26.90724809414742,3609,62.0,3427,13,2492,4,749,11,832,8.5,2203,1,1424,5,2654,7.5,1649,88.49349692800163,2235,26.56102834535696,3506,117.80514172678478,2493
2677,Robert Porter,i_organization,North America,NW,12,1477,12,1604,562.5237772752366,834,1393.0,1006,19,1915,3,924,7,1234,11.0,1825,3,816,12,1632,8.0,1567,1700.028135959982,685,313.48832506231213,1155,1245.9533002492483,851
2678,Giorgio Primiceri,multiple-field,North America,NW,18,872,20,1048,1991.306857317576,215,4729.0,369,23,1634,9,329,12,763,16.0,1305,9,268,20,1065,14.5,901,16010.076283697876,225,721.4149071994493,519,7134.149071994493,312
2679,Mar Reguant,i_organization,North America,NW,12,1477,14,1430,407.1965127552052,1112,1067.0,1230,17,2079,5,627,6,1392,11.0,1825,5,545,14,1453,9.5,1356,3029.6804860995867,546,210.4093474017188,1553,1238.4560844103128,852
2680,William Rogerson,micro_theory,North America,NW,13,1348,14,1430,323.37284981890485,1319,894.0,1360,18,1994,6,525,9,991,12.0,1681,5,545,15,1379,10.5,1239,2523.443443419934,583,158.69905042271873,1856,1075.893352959031,912
2681,Matthew Rognlie,macro,North America,NW,9,1992,8,2100,288.1457964295159,1424,584.0,1700,14,2384,4,749,6,1392,9.0,2114,2,1039,10,1859,7.0,1731,496.5968785898221,1095,283.00716836669267,1251,1400.035841833463,797
2682,Kunal Sangani,multiple-field,North America,NW,2,3967,1,3809,19.748417658131498,3806,26.0,3893,3,4085,2,1169,2,2431,2.5,3719,1,1424,2,3459,2.0,3174,44.49358868961794,2799,4.0,4349,9.0,4155
2683,Ian Savage,i_organization,North America,NW,17,948,21,998,269.97222079317714,1500,933.0,1331,49,693,0,3283,0,3965,24.5,776,0,3203,21,1017,10.5,1239,134.98611039658857,1903,269.97222079317714,1318,270.97222079317714,1815
2684,Molly Schnell,labor,North America,NW,9,1992,9,1961,271.4166538737076,1498,607.0,1677,11,2737,1,1576,3,2072,6.0,2731,1,1424,9,2003,5.0,2147,300.8979578117884,1350,152.79591562357663,1894,305.59183124715327,1707
2685,Garima Sharma,development,North America,NW,3,3600,2,3404,33.25657829663178,3462,50.0,3563,4,3855,1,1576,1,2917,2.5,3719,0,3203,3,3149,2.0,3174,19.5604951616792,3438,34.12099032335839,3339,68.24198064671678,2962
2686,Marciano Siniscalchi,micro_theory,North America,NW,16,1038,17,1215,367.1239572678416,1200,1254.0,1087,26,1461,6,525,15,589,16.0,1305,5,545,18,1177,14.0,936,1617.4803956611163,699,339.2911639992876,1080,2340.038147995013,611
2687,Maxim Sinitsyn,multiple-field,North America,NW,7,2425,7,2254,43.3589667773576,3267,132.0,2945,15,2273,0,3283,0,3965,7.5,2418,0,3203,7,2299,3.5,2589,21.6794833886788,3368,43.3589667773576,3145,44.3589667773576,3302
2688,Chiara Sotis,behavior-experiment,North America,NW,5,2944,5,2603,57.74945887192364,3018,111.0,3064,7,3309,0,3283,0,3965,3.5,3382,0,3203,5,2654,2.5,2945,28.87472943596182,3162,57.74945887192364,2883,58.74945887192364,3083
2689,Bruno Strulovici,micro_theory,North America,NW,12,1477,12,1604,162.8803241647069,2020,544.0,1752,19,1915,10,280,13,700,14.5,1436,7,384,15,1379,12.5,1053,2726.9024292515364,566,107.205966895042,2255,1080.265635845462,908
2690,Christopher Udry,development,North America,NW,28,386,44,375,1886.891888794904,228,7197.0,225,53,615,13,186,23,303,33.0,516,13,148,44,387,31.0,292,33631.96609849422,128,948.8050010552412,389,13115.270014773376,188
2691,Silvia Vannutelli,behavior-experiment,North America,NW,4,3256,3,3094,36.30426972134269,3402,62.0,3427,4,3855,0,3283,1,2917,2.0,3907,0,3203,3,3149,1.5,3437,18.152134860671342,3493,36.30426972134269,3295,37.30426972134269,3424
2692,Mark Witte,multiple-field,North America,NW,4,3256,2,3404,124.5672509129105,2279,189.0,2658,23,1634,0,3283,0,3965,11.5,1753,0,3203,2,3459,1.0,3730,62.28362545645525,2521,124.5672509129105,2103,125.5672509129105,2438
2693,Asher Wolinsky,micro_theory,North America,NW,18,872,25,816,1535.7291427852765,290,2806.0,578,30,1275,11,246,22,327,20.5,981,10,231,26,797,19.0,627,5509.819498284459,411,1524.3865996499374,217,18172.63919579925,135
2694,Dilip Abreu,micro_theory,North America,NYU,15,1141,16,1280,871.667941362994,576,2175.0,726,20,1840,6,525,16,541,13.0,1571,4,656,18,1177,12.0,1098,3145.1041373849944,534,592.670265140479,637,4113.691855983353,447
2695,Arjada Bardhi,micro_theory,North America,NYU,3,3600,1,3809,42.40283009422838,3296,50.0,3563,3,4085,2,1169,2,2431,2.5,3719,0,3203,3,3149,2.5,2945,36.74596669241483,2953,44.0,3122,129.0,2409
2696,Alberto Bisin,multiple-field,North America,NYU,28,386,51,279,1222.9623869931568,389,4413.0,396,67,442,9,329,31,175,38.0,399,8,320,52,280,32.0,272,8350.52750034674,343,1039.966536799328,354,10319.66536799328,232
2697,Corina Boar,macro,North America,NYU,5,2944,4,2824,36.19392214170772,3404,76.0,3301,8,3159,4,749,8,1097,6.0,2731,3,816,5,2654,6.0,1923,219.5940375985683,1517,23.026297590440446,3597,100.13148795220224,2641
2698,Jaroslav Borovička,finance,North America,NYU,7,2425,7,2254,96.84523736353792,2537,221.0,2527,10,2874,2,1169,6,1392,6.0,2731,2,1039,7,2299,5.0,2147,136.33235289423808,1892,88.68909966079934,2460,263.06729898239803,1835
2699,Andrew Caplin,multiple-field,North America,NYU,31,296,41,427,757.1122770104841,641,3363.0,508,73,372,21,73,34,148,47.0,257,16,105,46,357,35.0,228,29228.07297193515,146,356.9940475663222,1017,7413.869046459088,305
2700,David Cesarini,other,North America,NYU,47,95,62,197,3319.4437787075112,111,13503.0,97,70,404,4,749,7,1234,37.0,418,4,656,62,201,33.0,258,4302.589437791419,462,3301.972407404283,72,16494.862037021416,150
2701,Timothy Cogley,macro,North America,NYU,19,797,28,696,1275.171753137592,361,3445.0,496,42,840,5,627,18,453,23.5,827,2,1039,31,620,18.5,651,1682.882608223178,690,1237.5911730983637,290,7401.547038590181,306
2702,Joyee Deb,micro_theory,North America,NYU,9,1992,8,2100,51.69139193328034,3108,158.0,2801,16,2168,4,749,8,1097,10.0,1962,2,1039,10,1859,8.0,1567,156.02422041005724,1782,52.518037882832814,2952,247.5901894141641,1880
2703,Raquel Fernandez,multiple-field,North America,NYU,21,669,28,696,1167.753826797412,411,4071.0,428,41,868,12,216,26,250,26.5,696,12,173,28,718,23.0,493,19984.06573797415,189,899.2660254962994,418,11547.458331451891,216
2704,Christopher Flinn,labor,North America,NYU,15,1141,15,1353,441.8133089892155,1036,1229.0,1100,23,1634,7,445,18,453,15.0,1386,5,545,17,1241,13.0,1007,3470.223067879793,516,288.88295443321863,1230,2263.063635465749,621
2705,Guillaume Fréchette,behavior-experiment,North America,NYU,21,669,24,859,467.01605968103496,979,1768.0,831,28,1363,7,445,16,541,17.5,1186,6,456,25,834,16.5,766,3396.479237204056,521,324.1608424758643,1121,2545.2867398069143,583
2706,Roman Frydman,multiple-field,North America,NYU,15,1141,23,906,451.4022596310302,1012,1130.0,1173,33,1137,2,1169,5,1568,17.5,1186,2,1039,23,925,12.5,1053,680.7518339014994,978,206.70466531078375,1573,617.1139959323514,1210
2707,Alfred Galichon,multiple-field,North America,NYU,19,797,25,816,475.8676286531792,963,1594.0,903,49,693,9,329,16,541,29.0,616,8,320,26,797,18.5,651,3881.6097504033337,491,308.98333287034467,1166,3009.8333287034466,540
2708,Mark Gertler,macro,North America,NYU,41,139,47,332,5934.313439649106,38,24862.0,35,65,467,16,128,37,116,40.5,343,14,128,49,313,33.5,251,81576.26482272772,62,4749.621024120964,32,80488.55741005638,34
2709,Simon Gilchrist,macro,North America,NYU,24,528,26,777,3475.1073364717818,103,8941.0,171,31,1232,4,749,19,415,17.5,1186,4,656,26,797,16.0,788,9413.879811959969,319,3099.471692650411,80,15482.358463252056,163
2710,Boyan Jovanovic,multiple-field,North America,NYU,28,386,44,375,902.5342098779414,554,3820.0,451,60,517,25,49,40,98,42.5,312,20,64,49,313,39.0,182,36855.43679766984,118,584.0715517713273,647,14561.860346054513,172
2711,Ricardo Lagos,macro,North America,NYU,17,948,21,998,844.4228798416111,591,2210.0,715,30,1275,13,186,25,268,21.5,923,10,231,24,876,19.5,610,11912.43180695648,275,261.3102897586002,1346,3490.344056620403,494
2712,Lars Ljungqvist,multiple-field,North America,NYU,15,1141,17,1215,521.4182582150341,892,1345.0,1038,31,1232,6,525,15,589,18.5,1111,6,456,17,1241,12.5,1053,3987.849637926472,484,164.27507700203466,1817,1114.9255390142423,897
2713,Sydney Ludvigson,finance,North America,NYU,28,386,32,583,2449.69242967357,160,7329.0,219,35,1061,7,445,18,453,21.0,953,6,456,33,579,20.0,589,14455.240828771322,240,1454.5817766192,231,11588.6542129536,214
2714,Erik Madsen,micro_theory,North America,NYU,4,3256,1,3809,17.349351572897472,3874,35.0,3754,7,3309,4,749,4,1786,5.5,2853,1,1424,4,2882,4.0,2445,83.71761188056153,2290,10.0,4036,35.0,3469
2715,Konrad Menzel,econometrics,North America,NYU,7,2425,6,2423,70.80254232723568,2826,163.0,2783,10,2874,3,924,6,1392,6.5,2616,3,816,6,2464,5.0,2147,300.9913558855429,1349,32.66479394838265,3370,122.6591757935306,2458
2716,Guido Menzio,multiple-field,North America,NYU,18,872,21,998,265.05093850050787,1523,968.0,1303,31,1232,11,246,23,303,21.0,953,10,231,22,972,19.5,610,4708.7533403327725,447,175.49620056402517,1749,1985.954406768302,667
2717,Virgiliu Midrigan,macro,North America,NYU,15,1141,18,1155,622.6315122124803,773,1552.0,920,26,1461,14,160,20,383,20.0,1011,10,231,22,972,18.0,684,10842.134237099724,293,159.24806367039804,1853,2193.7209550559705,630
2718,Thi Mai Anh Nguyen,i_organization,North America,NYU,1,4388,0,4385,1.0,4570,1.0,4570,1,4577,0,3283,0,3965,0.5,4588,0,3203,0,4408,0.0,4504,0.5,4572,1.0,4561,2.0,4561
2719,Yaw Nyarko,multiple-field,North America,NYU,12,1477,16,1280,361.6697388502389,1214,917.0,1341,31,1232,3,924,9,991,17.0,1221,3,816,16,1309,11.0,1189,1605.418501577402,701,104.32127121192272,2284,409.2850848476909,1474
2720,Efe A. Ok,micro_theory,North America,NYU,26,451,43,396,820.1042616643325,600,3029.0,554,62,497,8,386,30,187,35.0,460,8,320,43,408,27.0,375,5945.300950278107,394,486.75881192934713,763,4317.829307364124,434
2721,David Pearce,micro_theory,North America,NYU,9,1992,9,1961,699.6970773127468,689,1164.0,1144,11,2737,2,1169,9,991,6.5,2616,2,1039,9,2003,6.0,1923,455.7812074078975,1137,700.3695296904068,533,2098.10858907122,650
2722,Diego Perez,i_finance,North America,NYU,6,2677,4,2824,64.03124237432849,2925,134.0,2933,9,3018,3,924,5,1568,6.0,2731,1,1424,6,2464,5.5,2026,107.13827471159914,2069,61.30094338859364,2841,237.20377355437452,1916
2723,Debraj Ray,micro_theory,North America,NYU,65,24,171,17,1539.2745044338258,289,14514.0,89,246,23,62,2,134,2,154.0,15,53,2,180,16,128.5,7,300864.66035181965,15,1184.315909180655,306,70768.90227838125,39
2724,Mario J. Rizzo,multiple-field,North America,NYU,10,1802,11,1709,159.31101656822105,2041,520.0,1790,50,671,0,3283,2,2431,25.0,750,0,3203,11,1737,6.5,1818,79.65550828411052,2329,159.31101656822105,1852,160.31101656822105,2234
2725,Martin Rotemberg,history,North America,NYU,2,3967,1,3809,49.8196748283246,3140,58.0,3462,2,4322,2,1169,2,2431,2.0,3907,1,1424,2,3459,2.0,3174,100.0,2131,2.0,4473,3.0,4474
2726,Ariel Rubinstein,micro_theory,North America,NYU,37,189,59,219,873.2158954118964,572,4960.0,351,101,188,14,160,49,49,57.5,174,14,128,59,224,40.0,169,15589.323078561109,231,801.1848575779389,464,11822.772863669084,207
2727,Thomas Sargent,multiple-field,North America,NYU,47,95,98,71,1651.5041628769816,269,9578.0,157,153,73,25,49,77,15,89.0,62,20,64,103,65,70.5,43,39625.599697753976,112,1547.5715089939126,206,39612.85923384173,79
2728,Andrew Schotter,behavior-experiment,North America,NYU,30,323,48,318,610.4899671575283,782,3188.0,529,66,453,10,280,34,148,38.0,399,8,320,50,299,32.0,272,7907.754156464403,351,452.5844552173065,818,4879.429007390372,401
2729,Sharon Traiberman,i_trade,North America,NYU,4,3256,3,3094,57.07889277132134,3028,96.0,3153,4,3855,2,1169,3,2072,3.0,3545,2,1039,3,3149,2.5,2945,159.25164237753367,1762,15.45362404707371,3861,43.36087214122113,3326
2730,Anna Vitali,labor,North America,NYU,2,3967,1,3809,77.23341245859851,2744,83.0,3240,2,4322,1,1576,2,2431,1.5,4125,1,1424,1,3860,1.5,3437,80.00000000000001,2325,7.0,4171,14.0,3977
2731,Quang Vuong,multiple-field,North America,NYU,20,726,26,777,1060.2160157250971,468,2916.0,564,46,750,11,246,25,268,28.5,630,8,320,29,684,22.0,518,8225.130181554767,346,965.357375410281,384,11464.288504923372,218
2732,Daniel Waldinger,p_finance,North America,NYU,3,3600,2,3404,27.910571473905726,3591,45.0,3632,3,4085,2,1169,2,2431,2.5,3719,2,1039,2,3459,2.0,3174,75.08323293158116,2371,11.0,4001,30.0,3556
2733,Edward Wolff,multiple-field,North America,NYU,37,189,74,134,602.528837484149,792,3949.0,441,134,97,7,445,13,700,70.5,101,7,384,74,138,41.0,161,3833.702499541204,495,530.0277239305772,707,4192.221791444617,440
2734,Sevgi Yuksel,behavior-experiment,North America,NYU,7,2425,7,2254,117.47765745025733,2346,283.0,2313,11,2737,5,627,8,1097,8.0,2304,2,1039,10,1859,8.0,1567,462.83219988794,1130,91.83317338436964,2421,526.9990403062179,1301
2735,Ayumu Banzawa,history,Asia,Osaka,0,4667,0,4385,0.0,4667,0.0,4667,1,4577,0,3283,0,3965,0.5,4588,0,3203,0,4408,0.0,4504,0.0,4667,0.0,4669,1.0,4669
2736,Pierre-Yves Donze,history,Asia,Osaka,11,1625,12,1604,81.85963596303125,2680,391.0,2044,76,341,0,3283,0,3965,38.0,399,0,3203,12,1632,6.0,1923,40.929817981515626,2859,81.85963596303125,2532,82.85963596303125,2789
2737,Yuichi Fukuta,finance,Asia,Osaka,4,3256,1,3809,16.97056274847714,3895,42.0,3670,10,2874,0,3283,1,2917,5.0,2983,0,3203,1,3860,1.0,3730,8.48528137423857,3925,16.97056274847714,3806,17.97056274847714,3872
2738,Shingo Ishiguro,micro_theory,Asia,Osaka,5,2944,2,3404,28.30194339616981,3576,71.0,3344,14,2384,1,1576,5,1568,7.5,2418,0,3203,3,3149,3.5,2589,18.92838827718412,3466,28.85677655436824,3446,57.71355310873648,3092
2739,Tatsuro Iwaisako,macro,Asia,Osaka,10,1802,11,1709,192.4967532193725,1845,569.0,1719,19,1915,0,3283,4,1786,9.5,2035,0,3203,11,1737,6.0,1923,96.24837660968626,2160,192.4967532193725,1647,193.4967532193725,2072
2740,Hayato Kato,i_trade,Asia,Osaka,5,2944,1,3809,19.131126469708992,3826,52.0,3533,10,2874,0,3283,2,2431,5.0,2983,0,3203,1,3860,1.0,3730,9.565563234854496,3856,19.131126469708992,3727,20.131126469708992,3807
2741,Dongya Koh,multiple-field,Asia,Osaka,3,3600,1,3809,88.19297024139736,2619,96.0,3153,3,4085,1,1576,2,2431,2.0,3907,1,1424,1,3860,1.5,3437,90.91547594742264,2216,6.830951894845301,4180,13.6619037896906,3986
2742,Yukihiro Nishimura,p_finance,Asia,Osaka,6,2677,2,3404,50.7247474118896,3120,121.0,2994,16,2168,0,3283,2,2431,8.0,2304,0,3203,2,3459,1.5,3437,25.3623737059448,3247,50.7247474118896,2990,51.7247474118896,3173
2743,Masato Nishiwaki,i_organization,Asia,Osaka,2,3967,0,4385,10.0,4097,14.0,4102,3,4085,0,3283,2,2431,1.5,4125,0,3203,0,4408,1.0,3730,5.0,4116,10.0,4036,11.0,4071
2744,Kazuki Onji,multiple-field,Asia,Osaka,5,2944,2,3404,47.23346271447817,3188,91.0,3190,13,2492,0,3283,1,2917,6.5,2616,0,3203,2,3459,1.0,3730,23.61673135723909,3301,47.23346271447817,3061,48.23346271447817,3231
2745,Tetsuo Ono,political_econ,Asia,Osaka,11,1625,11,1709,74.39758060582346,2781,335.0,2180,44,790,0,3283,4,1786,22.0,892,0,3203,11,1737,7.0,1731,37.19879030291173,2941,74.39758060582346,2640,75.39758060582346,2874
2746,Fumio Ohtake,multiple-field,Asia,Osaka,15,1141,22,952,194.42479265772664,1836,865.0,1389,89,252,0,3283,1,2917,44.5,290,0,3203,22,972,11.0,1189,97.21239632886332,2149,194.42479265772664,1640,195.42479265772664,2066
2747,Saisawat Samutpradit,labor,Asia,Osaka,1,4388,0,4385,1.0,4570,1.0,4570,1,4577,0,3283,1,2917,0.5,4588,0,3203,0,4408,0.5,4086,0.5,4572,1.0,4561,2.0,4561
2748,Masaru Sasaki,labor,Asia,Osaka,7,2425,4,2824,84.07734534343957,2665,183.0,2686,22,1700,0,3283,4,1786,11.0,1825,0,3203,4,2882,3.0,2752,42.03867267171979,2842,84.07734534343957,2509,85.07734534343957,2771
2749,Yoshiyuki Takeuchi,econometrics,Asia,Osaka,2,3967,1,3809,12.529964086141668,4018,17.0,4044,3,4085,0,3283,0,3965,1.5,4125,0,3203,1,3860,0.5,4086,6.264982043070834,4037,12.529964086141668,3943,13.529964086141668,3991
2750,Hisashi Tanizaki,econometrics,Asia,Osaka,15,1141,20,1048,156.55350523063993,2053,599.0,1686,33,1137,0,3283,1,2917,16.5,1262,0,3203,20,1065,10.0,1294,78.27675261531996,2343,156.55350523063993,1872,157.55350523063993,2246
2751,Ken Urai,micro_theory,Asia,Osaka,2,3967,0,4385,8.888194417315589,4136,15.0,4081,6,3475,0,3283,0,3965,3.0,3545,0,3203,0,4408,0.0,4504,4.444097208657794,4154,8.888194417315589,4080,9.888194417315589,4114
2752,Yosuke Yasuda,micro_theory,Asia,Osaka,4,3256,4,2824,172.4325955264839,1967,311.0,2242,9,3018,1,1576,3,2072,5.0,2983,1,1424,4,2882,3.5,2589,189.69381007432128,1628,104.38762014864255,2283,208.7752402972851,2008
2753,Johannes Abeler,behavior-experiment,Europe,Oxford,13,1348,13,1510,786.1596529967688,621,2049.0,750,15,2273,2,1169,6,1392,8.5,2203,2,1039,13,1535,8.0,1567,2054.615367651052,632,447.4447215985391,829,1339.3341647956172,819
2754,Alison Andrew,development,Europe,Oxford,5,2944,5,2603,255.64623994887936,1560,423.0,1974,10,2874,2,1169,3,2072,6.0,2731,0,3203,7,2299,5.0,2147,135.2774420769221,1902,257.6266809235687,1365,769.880042770706,1083
2755,Elizabeth Baldwin,micro_theory,Europe,Oxford,3,3600,2,3404,81.16033513977132,2692,115.0,3034,5,3656,2,1169,2,2431,3.5,3382,1,1424,3,3149,2.5,2945,133.18288736283355,1913,41.0,3197,120.0,2481
2756,Alan Beggs,micro_theory,Europe,Oxford,7,2425,6,2423,268.8977500835587,1502,586.0,1698,15,2273,1,1576,5,1568,8.0,2304,1,1424,6,2464,4.5,2297,264.86468950486324,1414,220.7293790097264,1506,441.4587580194528,1413
2757,Vanessa Berenguer Rico,econometrics,Europe,Oxford,5,2944,3,3094,39.74921382870358,3339,80.0,3267,9,3018,0,3283,1,2917,4.5,3116,0,3203,3,3149,1.5,3437,19.87460691435179,3428,39.74921382870358,3225,40.74921382870358,3365
2758,Steve Bond,multiple-field,Europe,Oxford,21,669,28,696,16861.295412867898,6,21761.0,39,37,989,2,1169,13,700,19.5,1041,2,1039,28,718,15.0,864,11565.875900715128,281,16815.688679168532,5,50444.0660375056,55
2759,Christopher Bowdler,multiple-field,Europe,Oxford,9,1992,9,1961,81.68231142664855,2682,266.0,2361,17,2079,0,3283,2,2431,8.5,2203,0,3203,9,2003,4.5,2297,40.84115571332428,2861,81.68231142664855,2534,82.68231142664855,2791
2760,Stephen Broadberry,history,Europe,Oxford,29,352,54,251,700.9336630523604,687,3070.0,545,91,245,0,3283,3,2072,45.5,281,0,3203,54,259,27.5,363,350.4668315261802,1258,700.9336630523604,531,701.9336630523604,1138
2761,Stefano Caria,behavior-experiment,Europe,Oxford,6,2677,3,3094,90.72485877641256,2594,181.0,2699,10,2874,2,1169,6,1392,6.0,2731,2,1039,3,3149,4.5,2297,193.7582939650084,1608,62.04997918400972,2826,183.14993755202917,2125
2762,Jean-Paul Carvalho,multiple-field,Europe,Oxford,7,2425,6,2423,131.67763667381033,2224,303.0,2259,20,1840,2,1169,11,832,11.0,1825,2,1039,6,2464,7.5,1649,298.93827630384,1357,64.1449917531574,2785,189.43497525947217,2096
2763,Eric Chaney,history,Europe,Oxford,7,2425,5,2603,206.1674077054858,1771,405.0,1999,12,2609,1,1576,2,2431,6.5,2616,1,1424,5,2654,3.0,2752,198.54623042051,1589,174.09246084101989,1760,348.18492168203977,1597
2764,Sarah Clifford,p_finance,Europe,Oxford,2,3967,1,3809,38.05259518088089,3370,40.0,3695,2,4322,0,3283,2,2431,1.0,4350,0,3203,1,3860,1.0,3730,19.026297590440446,3459,38.05259518088089,3259,39.05259518088089,3396
2765,Paola Conconi,i_trade,Europe,Oxford,15,1141,19,1100,240.1936718566915,1627,869.0,1385,36,1023,3,924,8,1097,19.5,1041,3,816,19,1119,12.0,1098,904.7019742327636,877,172.91468447429727,1770,683.6587378971891,1154
2766,Simon Cowan,i_organization,Europe,Oxford,13,1348,15,1353,175.3596304740632,1948,491.0,1848,22,1700,1,1576,9,991,11.5,1753,1,1424,15,1379,9.0,1418,194.56696408053523,1605,98.13392816107049,2364,196.26785632214091,2060
2767,Banu Demir,i_trade,Europe,Oxford,9,1992,9,1961,172.1772342674838,1969,353.0,2129,13,2492,1,1576,4,1786,7.0,2517,1,1424,9,2003,5.5,2026,95.94329525914164,2165,172.8865905182833,1772,345.7731810365666,1604
2768,Sergio De Ferra,i_finance,Europe,Oxford,3,3600,1,3809,22.40535650240808,3725,28.0,3857,5,3656,0,3283,1,2917,2.5,3719,0,3203,1,3860,1.0,3730,11.20267825120404,3764,22.40535650240808,3623,23.40535650240808,3708
2769,Stefan Dercon,development,Europe,Oxford,43,122,72,143,1576.4494917376833,283,8111.0,193,100,192,1,1576,14,640,50.5,219,1,1424,72,147,37.0,203,1097.1869098992795,820,1543.3738197985597,210,3086.74763959712,531
2770,Francis Ditraglia,econometrics,Europe,Oxford,4,3256,4,2824,44.49719092257398,3238,100.0,3122,10,2874,0,3283,5,1568,5.0,2983,0,3203,4,2882,3.5,2589,22.24859546128699,3343,44.49719092257398,3110,45.49719092257398,3276
2771,James Duffy,econometrics,Europe,Oxford,5,2944,2,3404,20.199009876724155,3789,46.0,3618,8,3159,0,3283,3,2072,4.0,3242,0,3203,2,3459,2.0,3174,10.099504938362076,3822,20.199009876724155,3690,21.199009876724155,3770
2772,Dennis Egger,development,Europe,Oxford,4,3256,4,2824,307.0537412245615,1365,402.0,2011,5,3656,1,1576,1,2917,3.0,3545,1,1424,4,2882,2.5,2945,214.1549199993127,1529,301.3098399986254,1185,602.6196799972508,1223
2773,Martin Ellison,macro,Europe,Oxford,11,1625,12,1604,201.43485299222675,1802,484.0,1865,26,1461,1,1576,12,763,13.5,1526,0,3203,13,1535,10.0,1294,104.69756700139284,2089,202.39513400278568,1602,404.79026800557136,1484
2774,Peter Eso,micro_theory,Europe,Oxford,8,2197,8,2100,214.40848863792684,1729,453.0,1916,13,2492,2,1169,7,1234,7.5,2418,2,1039,8,2146,5.5,2026,501.069962455997,1092,79.51773990513398,2561,235.55321971540195,1920
2775,Andrea Ferrero,macro,Europe,Oxford,10,1802,10,1828,391.111237373717,1146,1038.0,1247,14,2384,2,1169,10,906,8.0,2304,1,1424,11,1737,7.0,1731,343.0600182197126,1273,375.5010040147148,978,1123.5030120441445,892
2776,Douglas Gollin,development,Europe,Oxford,22,617,30,633,2092.047800601124,195,5892.0,281,42,840,6,525,11,832,24.0,802,6,456,30,649,18.5,651,11434.187862012715,284,1788.8308949533043,167,12486.81626467313,194
2777,Sanjay Jain,other,Europe,Oxford,2,3967,1,3809,84.29116205154607,2664,91.0,3190,3,4085,0,3283,0,3965,1.5,4125,0,3203,1,3860,0.5,4086,42.14558102577303,2841,84.29116205154607,2508,85.29116205154607,2770
2778,Beata Javorcik,i_trade,Europe,Oxford,28,386,40,441,2222.243236011756,180,5761.0,287,50,671,1,1576,15,589,25.5,733,1,1424,40,448,21.0,550,2473.0266281841355,587,799.0532563682702,466,1598.1065127365405,752
2779,Ian Crawford,micro_theory,Europe,Oxford,12,1477,16,1280,192.39022844209111,1846,610.0,1670,27,1408,7,445,14,640,17.0,1221,5,545,18,1177,13.5,969,2052.001431060105,633,80.2666363360568,2555,594.1330906884544,1236
2780,Ian Jewitt,micro_theory,Europe,Oxford,10,1802,10,1828,421.6289838234559,1082,889.0,1368,14,2384,3,924,9,991,8.5,2203,3,816,10,1859,7.0,1731,1718.1661259278058,683,126.10158406779338,2085,496.40633627117353,1339
2781,Maximilian Kasy,econometrics,Europe,Oxford,11,1625,12,1604,127.73409881468612,2254,392.0,2040,25,1518,3,924,9,991,14.0,1485,2,1039,13,1535,9.5,1356,202.10317504351585,1576,118.68059474259285,2153,466.7223789703714,1369
2782,Paul Klemperer,micro_theory,Europe,Oxford,23,568,26,777,1882.292219608847,231,6440.0,258,33,1137,9,329,20,383,21.0,953,8,320,27,755,18.0,684,13943.29444514597,248,1562.2182718471993,204,15542.182718471991,159
2783,Anders Kock,econometrics,Europe,Oxford,10,1802,10,1828,154.3729250872704,2071,385.0,2056,24,1571,1,1576,7,1234,12.5,1623,1,1424,10,1859,7.0,1731,88.9529076773581,2233,154.9058153547162,1882,309.8116307094324,1693
2784,Alexandre Kohlhas,macro,Europe,Oxford,3,3600,1,3809,45.19955751995809,3219,59.0,3453,6,3475,1,1576,4,1786,3.5,3382,1,1424,1,3860,2.5,2945,49.1720402163943,2723,11.3440804327886,3983,22.688160865577203,3728
2785,Sophocles Mavroeidis,econometrics,Europe,Oxford,13,1348,14,1430,254.3206637298668,1564,723.0,1535,28,1363,4,749,18,453,16.0,1305,4,656,14,1453,13.0,1007,685.9652495071058,973,245.074677226788,1412,1210.37338613394,865
2786,Margaret Meyer,micro_theory,Europe,Oxford,9,1992,9,1961,341.41323934493226,1279,721.0,1537,11,2737,4,749,7,1234,7.5,2418,4,656,9,2003,6.5,1818,1302.0836068966034,757,274.2979837142704,1301,1356.489918571352,808
2787,Michael Mcmahon,macro,Europe,Oxford,6,2677,6,2423,344.41835026606816,1266,670.0,1593,14,2384,2,1169,7,1234,8.0,2304,2,1039,6,2464,5.0,2147,496.49689778912494,1097,227.56595487794692,1481,679.6978646338408,1157
2788,Romuald Méango,labor,Europe,Oxford,3,3600,1,3809,34.20526275297414,3442,48.0,3588,6,3475,0,3283,2,2431,3.0,3545,0,3203,1,3860,1.5,3437,17.10263137648707,3527,34.20526275297414,3336,35.20526275297414,3461
2789,Silvia Miranda-Agrippino,multiple-field,Europe,Oxford,5,2944,4,2824,508.6914585483031,909,725.0,1533,6,3475,1,1576,3,2072,3.5,3382,1,1424,4,2882,3.0,2752,568.3541646068155,1037,211.70832921363123,1547,423.41665842726246,1448
2790,Bent Nielsen,econometrics,Europe,Oxford,20,726,28,696,263.0893384384856,1530,1120.0,1181,54,596,2,1169,3,2072,28.0,646,1,1424,29,684,15.5,820,159.28133339437196,1761,264.65376448853726,1335,790.9612934656118,1072
2791,Inés Moreno De Barreda,micro_theory,Europe,Oxford,4,3256,3,3094,26.15339366124404,3623,54.0,3505,7,3309,0,3283,2,2431,3.5,3382,0,3203,3,3149,2.0,3174,13.07669683062202,3678,26.15339366124404,3517,27.15339366124404,3616
2792,Cavit Pakel,econometrics,Europe,Oxford,2,3967,2,3404,55.072679252057455,3054,75.0,3312,3,4085,0,3283,2,2431,1.5,4125,0,3203,2,3459,1.5,3437,27.536339626028727,3190,55.072679252057455,2916,56.072679252057455,3110
2793,Alexei Parakhonyak,micro_theory,Europe,Oxford,6,2677,2,3404,31.368774282716245,3502,80.0,3267,11,2737,0,3283,5,1568,5.5,2853,0,3203,2,3459,3.5,2589,15.684387141358124,3569,31.368774282716245,3391,32.368774282716245,3511
2794,Barbara Petrongolo,labor,Europe,Oxford,23,568,27,733,1234.902425295213,381,3596.0,477,35,1061,3,924,13,700,19.0,1075,3,816,27,755,15.5,820,1480.5704697878846,719,1225.1137426606413,293,4892.454970642565,400
2795,Daniel Quigley,micro_theory,Europe,Oxford,2,3967,0,4385,5.385164807134504,4298,7.0,4303,2,4322,1,1576,2,2431,1.5,4125,0,3203,1,3860,1.5,3437,6.000000000000001,4053,3.0,4407,6.0,4300
2796,Natalie Naïri Quinn,development,Europe,Oxford,1,4388,0,4385,3.0,4440,3.0,4453,1,4577,0,3283,0,3965,0.5,4588,0,3203,0,4408,0.0,4504,1.5,4444,3.0,4407,4.0,4412
2797,Kevin Sheppard,finance,Europe,Oxford,12,1477,12,1604,16869.100479871475,5,19277.0,51,14,2384,0,3283,6,1392,7.0,2517,0,3203,12,1632,6.5,1818,8434.550239935737,340,16869.100479871475,4,16870.100479871475,146
2798,Federica Romei,multiple-field,Europe,Oxford,4,3256,4,2824,38.34057902536163,3363,76.0,3301,6,3475,1,1576,1,2917,3.5,3382,1,1424,4,2882,2.5,2945,33.421251390184345,3042,35.84250278036869,3305,71.68500556073738,2921
2799,Thiago Scarelli,labor,Europe,Oxford,1,4388,0,4385,1.0,4570,1.0,4570,2,4322,0,3283,0,3965,1.0,4350,0,3203,0,4408,0.0,4504,0.5,4572,1.0,4561,2.0,4561
2800,Francesco Zanetti,macro,Europe,Oxford,15,1141,24,859,202.54629100529093,1795,737.0,1512,36,1023,1,1576,13,700,18.5,1111,0,3203,25,834,15.0,864,103.26820823930876,2101,203.5364164786175,1590,407.072832957235,1478
2801,Martin Weidner,econometrics,Europe,Oxford,13,1348,15,1353,363.0564694369183,1211,1094.0,1199,26,1461,3,924,10,906,14.5,1436,2,1039,16,1309,11.5,1143,527.140129582283,1063,320.94496379090515,1134,1275.7798551636206,844
2802,John Vickers,i_organization,Europe,Oxford,27,420,41,427,878.2528109832613,570,3584.0,481,63,491,11,246,28,209,37.0,418,10,231,42,422,28.5,340,13944.294771553376,247,512.1377056259088,728,6025.652467510905,348
2803,Ludvig Sinander,micro_theory,Europe,Oxford,2,3967,0,4385,6.0,4274,10.0,4201,6,3475,3,924,4,1786,4.5,3116,0,3203,3,3149,3.5,2589,10.013611371934148,3826,8.099019513592784,4113,24.396078054371134,3672
2804,Howard Smith,i_organization,Europe,Oxford,8,2197,8,2100,146.79918255903198,2114,316.0,2233,10,2874,2,1169,3,2072,6.0,2731,2,1039,8,2146,5.0,2147,400.94484504396826,1199,64.12889826803627,2786,189.3866948041088,2097
2805,Séverine Toussaert,other,Europe,Oxford,8,2197,7,2254,303.6313554295735,1378,446.0,1926,10,2874,1,1576,2,2431,5.5,2853,1,1424,7,2299,4.5,2297,196.9858326642887,1595,300.97166532857733,1188,601.9433306571547,1225
2806,Karun Adusumilli,econometrics,North America,Penn,3,3600,2,3404,16.09347693943108,3917,29.0,3841,6,3475,2,1169,3,2072,4.0,3242,0,3203,4,2882,3.0,2752,9.031189202104503,3882,18.06237840420901,3759,51.18713521262703,3181
2807,Francesco Agostinelli,labor,North America,Penn,4,3256,3,3094,155.59562975867928,2059,248.0,2438,9,3018,5,627,9,991,7.0,2517,1,1424,7,2299,7.0,1731,188.43332266787007,1631,159.88705562441297,1850,935.322333746478,977
2808,Juan Pablo Atal,i_organization,North America,Penn,4,3256,0,4385,12.328828005937952,4020,26.0,3893,6,3475,2,1169,3,2072,4.0,3242,0,3203,2,3459,2.5,2945,17.260882132948158,3520,12.723805294763608,3939,35.17141588429082,3462
2809,Jere R. Behrman,development,North America,Penn,63,29,204,9,1933.1313974999216,219,15715.0,77,340,7,9,329,42,84,174.5,8,9,268,204,10,109.5,16,10444.3371140929,296,1851.1748016949969,159,18431.748016949965,133
2810,Aislinn Bohren,micro_theory,North America,Penn,4,3256,4,2824,180.61561394298116,1920,320.0,2217,7,3309,2,1169,5,1568,4.5,3116,2,1039,4,2882,3.5,2589,382.6235970620373,1218,101.30760293149764,2324,300.92280879449294,1724
2811,Juan Camilo Castillo,i_organization,North America,Penn,5,2944,4,2824,226.26312116648617,1681,357.0,2121,6,3475,1,1576,1,2917,3.5,3382,0,3203,5,2654,3.0,2752,117.1138806689966,2011,227.2277613379932,1482,454.4555226759864,1391
2812,Xu Cheng,econometrics,North America,Penn,11,1625,11,1709,184.0081519933288,1898,475.0,1874,14,2384,3,924,11,832,8.5,2203,3,816,11,1737,8.0,1567,617.7789022223542,1013,118.03043075638725,2160,464.121723025549,1374
2813,Harold L. Cole,multiple-field,North America,Penn,24,528,27,733,624.5374288223245,771,2195.0,719,41,868,12,216,27,228,26.5,696,9,268,30,649,23.5,479,7107.107386969779,367,460.571064604038,802,5844.423839852494,360
2814,David Dillenberger,micro_theory,North America,Penn,9,1992,8,2100,127.7928010491984,2252,353.0,2129,19,1915,6,525,12,763,12.5,1623,4,656,10,1859,9.5,1356,851.8932459233187,903,71.84831053261732,2674,467.9381737283212,1367
2815,Francis X. Diebold,multiple-field,North America,Penn,61,35,89,92,8748.78071504824,20,36454.0,17,124,115,7,445,53,42,65.5,127,7,384,89,96,52.0,100,17544.614432151648,208,8429.017513636503,15,67384.14010909203,42
2816,Alessandro Dovis,multiple-field,North America,Penn,9,1992,9,1961,98.14784765851977,2524,265.0,2363,11,2737,6,525,9,991,8.5,2203,6,456,9,2003,8.0,1567,1031.9406920077324,840,52.33573135281238,2958,331.35011946968666,1642
2817,Jesus Fernandez-Villaverde,macro,North America,Penn,29,352,43,396,900.8162964778112,557,4082.0,425,64,480,11,246,26,250,37.5,409,9,268,45,370,31.0,292,12059.27063259968,270,535.3786799632495,702,6304.544159558995,337
2818,Wayne Yuan Gao,econometrics,North America,Penn,2,3967,0,4385,7.54983443527075,4194,13.0,4130,6,3475,0,3283,4,1786,3.0,3545,0,3203,0,4408,2.0,3174,3.774917217635375,4211,7.54983443527075,4140,8.54983443527075,4168
2819,Shresth Garg,p_finance,North America,Penn,3,3600,0,4385,9.899494936611664,4103,16.0,4062,3,4085,0,3283,1,2917,1.5,4125,0,3203,0,4408,0.5,4086,4.949747468305833,4122,9.899494936611664,4045,10.899494936611664,4077
2820,Kevin He,micro_theory,North America,Penn,6,2677,5,2603,28.284271247461906,3578,76.0,3301,12,2609,1,1576,6,1392,6.5,2616,1,1424,5,2654,5.0,2147,27.6619037896906,3186,24.323807579381203,3560,48.647615158762406,3223
2821,Joachim Hubmer,multiple-field,North America,Penn,3,3600,3,3094,42.95346318982906,3281,63.0,3415,5,3656,1,1576,2,2431,3.0,3545,1,1424,3,3149,2.5,2945,32.62159062730128,3061,42.24318125460256,3182,84.48636250920512,2777
2822,Dirk Krueger,macro,North America,Penn,27,420,36,503,739.6370731649408,653,3127.0,535,46,750,8,386,27,228,27.0,674,7,384,37,494,24.0,461,5466.492070740877,413,486.5310857196218,764,4315.779771476596,435
2823,Xiao Lin,micro_theory,North America,Penn,1,4388,1,3809,15.0,3958,15.0,4081,1,4577,1,1576,1,2917,1.0,4350,1,1424,1,3860,1.0,3730,15.000000000000002,3597,1.0,4561,2.0,4561
2824,Michael Lipsitz,labor,North America,Penn,3,3600,1,3809,42.60281680828159,3290,55.0,3490,7,3309,1,1576,2,2431,4.0,3242,0,3203,2,3459,2.0,3174,21.301408404140798,3387,43.60281680828159,3136,87.20563361656318,2752
2825,Margaux Luflade,labor,North America,Penn,1,4388,0,4385,3.0,4440,3.0,4453,1,4577,0,3283,0,3965,0.5,4588,0,3203,0,4408,0.0,4504,1.5,4444,3.0,4407,4.0,4412
2826,George J. Mailath,micro_theory,North America,Penn,24,528,38,469,747.9498646299763,650,2647.0,608,55,582,13,186,35,139,34.0,490,10,231,41,434,29.5,320,6077.831588555868,388,708.0302151705349,526,9744.42301238749,245
2827,Iourii Manovskii,labor,North America,Penn,12,1477,12,1604,670.5885474715476,720,1507.0,945,16,2168,6,525,13,700,11.0,1825,6,456,12,1632,10.5,1239,4166.441454769008,473,381.51031943210296,962,2635.572236024721,576
2828,Steven Matthews,micro_theory,North America,Penn,11,1625,12,1604,235.0510582830888,1650,653.0,1618,14,2384,2,1169,9,991,8.0,2304,2,1039,12,1632,7.5,1649,419.1220618731254,1178,183.25948251057105,1702,546.778447531713,1286
2829,Enrique G. Mendoza,i_finance,North America,Penn,29,352,41,427,1339.7887893246457,344,5602.0,301,60,517,9,329,26,250,34.5,474,9,268,41,434,26.5,389,11759.08033161674,278,1165.3758039668592,312,11573.758039668592,215
2830,Lukas Nord,labor,North America,Penn,0,4667,0,4385,0.0,4667,0.0,4667,1,4577,0,3283,1,2917,0.5,4588,0,3203,0,4408,0.5,4086,0.0,4667,0.0,4669,1.0,4669
2831,Aviv Nevo,i_organization,North America,Penn,22,617,26,777,1269.9980314945374,366,3671.0,466,33,1137,8,386,18,453,20.5,981,8,320,26,797,18.0,684,11260.11606017998,286,650.55116527791,577,5791.960487501189,363
2832,Guillermo Ordonez,multiple-field,North America,Penn,12,1477,14,1430,391.19560324727576,1145,1008.0,1268,27,1408,7,445,16,541,17.0,1221,5,545,16,1309,13.5,969,2551.2772068365616,579,285.9336838748594,1243,2239.4694709988757,624
2833,Andrew Postlewaite,micro_theory,North America,Penn,31,296,54,251,787.8210456696369,619,4020.0,433,97,212,20,83,57,33,58.5,168,11,201,63,196,48.0,121,13797.553059787468,252,588.7960970330229,642,11965.71803769348,202
2834,José-Víctor Ríos-Rull,multiple-field,North America,Penn,25,490,38,469,1149.2040723909745,415,3656.0,469,53,615,14,160,36,128,33.5,504,13,148,39,464,29.0,327,25096.68110277548,161,260.6130572374464,1349,3714.195858561696,474
2835,Frank Schorfheide,macro,North America,Penn,33,250,51,279,1127.940601272957,428,5150.0,335,64,480,11,246,35,139,37.5,409,9,268,53,270,34.0,243,9441.527721926665,318,987.8633476592312,376,11734.360171910774,210
2836,Andrew Shephard,multiple-field,North America,Penn,7,2425,7,2254,182.0412041269778,1907,395.0,2032,7,3309,2,1169,4,1786,4.5,3116,2,1039,7,2299,4.5,2297,335.39416553051285,1291,155.96428157205813,1876,464.8928447161744,1372
2837,Holger Sieg,multiple-field,North America,Penn,22,617,37,484,496.2972899381982,934,1951.0,777,52,637,11,246,30,187,31.5,555,9,268,39,464,27.5,363,7402.9282400119555,357,274.4141226282296,1299,3172.9694715387554,525
2838,Petra Todd,multiple-field,North America,Penn,32,272,41,427,4899.865202227506,51,14109.0,94,48,712,15,142,27,228,31.5,555,12,173,44,387,30.5,304,72564.99970683083,70,2188.756656114019,120,34796.1064978243,88
2839,Rakesh Vohra,micro_theory,North America,Penn,33,250,68,166,1130.4507950370948,425,4781.0,365,130,105,5,627,17,493,67.5,118,3,816,70,160,39.5,174,1030.6533221816176,841,1133.6270420293854,322,6777.762252176312,319
2840,Zhiyong Dong,multiple-field,Asia,PKU,4,3256,3,3094,99.5941765365827,2507,141.0,2888,8,3159,0,3283,0,3965,4.0,3242,0,3203,3,3149,1.5,3437,49.79708826829135,2710,99.5941765365827,2345,100.5941765365827,2638
2841,Tao Hu,finance,Asia,PKU,2,3967,0,4385,8.06225774829855,4171,11.0,4176,2,4322,0,3283,0,3965,1.0,4350,0,3203,0,4408,0.0,4504,4.031128874149275,4187,8.06225774829855,4117,9.06225774829855,4146
2842,Guitian Huang,multiple-field,Asia,PKU,2,3967,1,3809,70.37755323965163,2835,79.0,3276,3,4085,0,3283,0,3965,1.5,4125,0,3203,1,3860,0.5,4086,35.188776619825816,2989,70.37755323965163,2688,71.37755323965163,2923
2843,Bo Li,multiple-field,Asia,PKU,4,3256,1,3809,14.66287829861518,3969,33.0,3785,10,2874,0,3283,1,2917,5.0,2983,0,3203,1,3860,0.5,4086,7.33143914930759,3991,14.66287829861518,3885,15.66287829861518,3939
2844,Lun Li,macro,Asia,PKU,1,4388,0,4385,2.0,4497,2.0,4502,2,4322,0,3283,0,3965,1.0,4350,0,3203,0,4408,0.0,4504,1.0,4501,2.0,4473,3.0,4474
2845,Shaorong Li,development,Asia,PKU,2,3967,1,3809,12.16552506059644,4024,14.0,4102,2,4322,0,3283,0,3965,1.0,4350,0,3203,1,3860,0.5,4086,6.082762530298219,4042,12.16552506059644,3949,13.16552506059644,3996
2846,Fangwen Lu,multiple-field,Asia,PKU,11,1625,11,1709,192.3720353897624,1847,561.0,1731,15,2273,0,3283,7,1234,7.5,2418,0,3203,11,1737,6.5,1818,96.1860176948812,2162,192.3720353897624,1651,193.3720353897624,2074
2847,Xinqiao Ping,i_trade,Asia,PKU,1,4388,0,4385,5.0,4330,5.0,4375,4,3855,0,3283,0,3965,2.0,3907,0,3203,0,4408,0.0,4504,2.5,4337,5.0,4288,6.0,4300
2848,Xuezheng Qin,multiple-field,Asia,PKU,16,1038,21,998,294.96779485225164,1404,1088.0,1211,38,953,0,3283,0,3965,19.0,1075,0,3203,21,1017,10.5,1239,147.48389742612582,1822,294.96779485225164,1209,295.96779485225164,1736
2849,Ye Yuan,multiple-field,Asia,PKU,6,2677,5,2603,83.96427811873333,2666,180.0,2705,13,2492,0,3283,5,1568,6.5,2616,0,3203,5,2654,4.0,2445,41.982139059366666,2843,83.96427811873333,2510,84.96427811873333,2772
2850,Fanqi Shi,micro_theory,Asia,PKU,1,4388,0,4385,1.0,4570,1.0,4570,3,4085,0,3283,3,2072,1.5,4125,0,3203,0,4408,1.5,3437,0.5,4572,1.0,4561,2.0,4561
2851,Jian Su,development,Asia,PKU,3,3600,3,3094,142.49912280431764,2148,180.0,2705,3,4085,0,3283,0,3965,1.5,4125,0,3203,3,3149,1.5,3437,71.24956140215882,2412,142.49912280431764,1972,143.49912280431764,2320
2852,Qingjie Xia,multiple-field,Asia,PKU,8,2197,6,2423,221.22838877503943,1701,492.0,1845,15,2273,0,3283,0,3965,7.5,2418,0,3203,6,2464,3.0,2752,110.61419438751972,2047,221.22838877503943,1500,222.22838877503943,1957
2853,Zenan Wu,micro_theory,Asia,PKU,9,1992,9,1961,50.97057974949863,3117,174.0,2732,26,1461,0,3283,9,991,13.0,1571,0,3203,9,2003,6.5,1818,25.48528987474932,3244,50.97057974949863,2985,51.97057974949863,3170
2854,Hui Zhang,multiple-field,Asia,PKU,6,2677,5,2603,72.73926037567333,2805,147.0,2849,10,2874,0,3283,0,3965,5.0,2983,0,3203,5,2654,2.5,2945,36.36963018783666,2964,72.73926037567333,2658,73.73926037567333,2893
2855,Yan Zhang,other,Asia,PKU,14,1239,14,1430,729.3257159870342,662,1896.0,793,17,2079,0,3283,0,3965,8.5,2203,0,3203,14,1453,7.0,1731,364.6628579935171,1242,729.3257159870342,511,730.3257159870342,1117
2856,Yuanpeng Zhang,behavior-experiment,Asia,PKU,1,4388,0,4385,5.0,4330,5.0,4375,1,4577,0,3283,0,3965,0.5,4588,0,3203,0,4408,0.0,4504,2.5,4337,5.0,4288,6.0,4300
2857,Xiaojun Zhao,other,Asia,PKU,5,2944,3,3094,39.63584236521283,3340,83.0,3240,14,2384,0,3283,0,3965,7.0,2517,0,3203,3,3149,1.5,3437,19.817921182606412,3429,39.63584236521283,3226,40.63584236521283,3366
2858,Yi Chen,multiple-field,Asia,PKU,3,3600,1,3809,28.319604517012596,3574,34.0,3769,3,4085,0,3283,0,3965,1.5,4125,0,3203,1,3860,0.5,4086,14.159802258506296,3635,28.319604517012596,3465,29.319604517012596,3574
2859,Quan Li,i_trade,Asia,PKU,1,4388,1,3809,14.0,3985,14.0,4102,1,4577,0,3283,0,3965,0.5,4588,0,3203,1,3860,0.5,4086,7.0,4006,14.0,3906,15.0,3954
2860,Qunyi Liu,history,Asia,PKU,1,4388,0,4385,6.082762530298219,4266,7.0,4303,4,3855,0,3283,0,3965,2.0,3907,0,3203,0,4408,0.0,4504,3.0413812651491097,4278,6.082762530298219,4217,7.082762530298219,4236
2861,Jiawei Mo,multiple-field,Asia,PKU,5,2944,5,2603,114.92171248288984,2361,209.0,2576,7,3309,0,3283,1,2917,3.5,3382,0,3203,5,2654,2.5,2945,57.46085624144492,2585,114.92171248288984,2179,115.92171248288984,2506
2862,Wei Tian,i_trade,Asia,PKU,9,1992,8,2100,88.58893836140041,2614,248.0,2438,33,1137,0,3283,1,2917,16.5,1262,0,3203,8,2146,4.0,2445,44.29446918070021,2805,88.58893836140041,2461,89.58893836140041,2732
2863,Rudai Yang,multiple-field,Asia,PKU,10,1802,10,1828,251.15533042322636,1577,665.0,1601,16,2168,0,3283,0,3965,8.0,2304,0,3203,10,1859,5.0,2147,125.57766521161317,1951,251.15533042322636,1388,252.15533042322636,1866
2864,Wei Cui,finance,Asia,PKU,3,3600,2,3404,32.58834147360065,3478,52.0,3533,6,3475,0,3283,0,3965,3.0,3545,0,3203,2,3459,1.0,3730,16.294170736800325,3553,32.58834147360065,3372,33.58834147360065,3489
2865,Ming Gao,finance,Asia,PKU,5,2944,4,2824,77.59510293826537,2739,133.0,2937,7,3309,0,3283,1,2917,3.5,3382,0,3203,4,2882,2.0,3174,38.797551469132685,2905,77.59510293826537,2595,78.59510293826537,2840
2866,Aibo Gong,finance,Asia,PKU,0,4667,0,4385,0.0,4667,0.0,4667,1,4577,0,3283,1,2917,0.5,4588,0,3203,0,4408,0.5,4086,0.0,4667,0.0,4669,1.0,4669
2867,Han Han,finance,Asia,PKU,4,3256,0,4385,14.560219778561036,3972,34.0,3769,8,3159,0,3283,3,2072,4.0,3242,0,3203,0,4408,1.5,3437,7.280109889280518,3994,14.560219778561036,3888,15.560219778561036,3942
2868,Lianfa Li,multiple-field,Asia,PKU,3,3600,2,3404,56.302753041036986,3039,78.0,3285,4,3855,0,3283,0,3965,2.0,3907,0,3203,2,3459,1.0,3730,28.151376520518493,3177,56.302753041036986,2901,57.302753041036986,3097
2869,Shaoran Li,finance,Asia,PKU,3,3600,1,3809,29.32575659723036,3551,36.0,3736,6,3475,0,3283,3,2072,3.0,3545,0,3203,1,3860,1.5,3437,14.66287829861518,3610,29.32575659723036,3436,30.32575659723036,3551
2870,Yunting Liu,finance,Asia,PKU,2,3967,1,3809,12.206555615733702,4022,15.0,4081,4,3855,0,3283,0,3965,2.0,3907,0,3203,1,3860,0.5,4086,6.103277807866851,4040,12.206555615733702,3946,13.206555615733702,3994
2871,Jianhuai Shi,i_finance,Asia,PKU,1,4388,0,4385,1.0,4570,1.0,4570,3,4085,0,3283,0,3965,1.5,4125,0,3203,0,4408,0.0,4504,0.5,4572,1.0,4561,2.0,4561
2872,Fa Wang,econometrics,Asia,PKU,3,3600,3,3094,59.472682804797024,2997,99.0,3133,7,3309,0,3283,5,1568,3.5,3382,0,3203,3,3149,2.5,2945,29.736341402398512,3142,59.472682804797024,2861,60.472682804797024,3065
2873,Yiming Wang,finance,Asia,PKU,13,1348,18,1155,227.9407817833395,1670,665.0,1601,42,840,0,3283,0,3965,21.0,953,0,3203,18,1177,9.0,1418,113.97039089166977,2030,227.9407817833395,1477,228.9407817833395,1937
2874,Shiqing Xie,finance,Asia,PKU,5,2944,5,2603,76.77239087067694,2748,162.0,2789,8,3159,0,3283,0,3965,4.0,3242,0,3203,5,2654,2.5,2945,38.38619543533847,2910,76.77239087067694,2603,77.77239087067694,2845
2875,Kai Chen,other,Asia,PKU,2,3967,1,3809,28.30194339616981,3576,33.0,3785,4,3855,0,3283,0,3965,2.0,3907,0,3203,1,3860,0.5,4086,14.150971698084906,3637,28.30194339616981,3467,29.30194339616981,3576
2876,Xinli Liu,development,Asia,PKU,2,3967,1,3809,76.32168761236873,2752,83.0,3240,3,4085,0,3283,0,3965,1.5,4125,0,3203,1,3860,0.5,4086,38.16084380618437,2915,76.32168761236873,2608,77.32168761236873,2850
2877,Lingyan Suo,multiple-field,Asia,PKU,4,3256,1,3809,14.89966442575134,3961,28.0,3857,5,3656,0,3283,0,3965,2.5,3719,0,3203,1,3860,0.5,4086,7.44983221287567,3985,14.89966442575134,3879,15.89966442575134,3933
2878,Yi Yao,multiple-field,Asia,PKU,5,2944,2,3404,22.0454076850486,3736,54.0,3505,13,2492,0,3283,0,3965,6.5,2616,0,3203,2,3459,1.0,3730,11.0227038425243,3776,22.0454076850486,3638,23.0454076850486,3720
2879,Wei Zheng,multiple-field,Asia,PKU,4,3256,3,3094,32.17141588429082,3490,61.0,3436,9,3018,0,3283,0,3965,4.5,3116,0,3203,3,3149,1.5,3437,16.08570794214541,3563,32.17141588429082,3383,33.17141588429082,3499
2880,Nanjun Zhu,finance,Asia,PKU,1,4388,0,4385,1.0,4570,1.0,4570,1,4577,0,3283,0,3965,0.5,4588,0,3203,0,4408,0.0,4504,0.5,4572,1.0,4561,2.0,4561
2881,Ruo (Alex) Jia,finance,Asia,PKU,7,2425,7,2254,82.98192574289898,2674,204.0,2595,16,2168,0,3283,0,3965,8.0,2304,0,3203,7,2299,3.5,2589,41.49096287144949,2850,82.98192574289898,2522,83.98192574289898,2781
2882,Guangyu Cao,political_econ,Asia,PKU,3,3600,2,3404,38.09199390948182,3368,61.0,3436,5,3656,0,3283,2,2431,2.5,3719,0,3203,2,3459,1.0,3730,19.04599695474091,3457,38.09199390948182,3257,39.09199390948182,3394
2883,Xiaoyong Cui,multiple-field,Asia,PKU,5,2944,2,3404,131.7269904006009,2223,176.0,2724,9,3018,0,3283,1,2917,4.5,3116,0,3203,2,3459,1.5,3437,65.86349520030045,2469,131.7269904006009,2044,132.7269904006009,2382
2884,Yunyun Jiang,multiple-field,Asia,PKU,4,3256,4,2824,54.89990892524322,3057,114.0,3041,12,2609,0,3283,0,3965,6.0,2731,0,3203,4,2882,2.0,3174,27.44995446262161,3193,54.89990892524322,2920,55.89990892524322,3115
2885,Yunxiao Xu,multiple-field,Asia,PKU,3,3600,1,3809,16.217274740226856,3913,27.0,3874,5,3656,0,3283,0,3965,2.5,3719,0,3203,1,3860,0.5,4086,8.108637370113428,3939,16.217274740226856,3828,17.217274740226856,3888
2886,Cheng Yuan,p_finance,Asia,PKU,4,3256,2,3404,43.840620433565945,3254,66.0,3386,8,3159,0,3283,1,2917,4.0,3242,0,3203,2,3459,1.0,3730,21.920310216782973,3357,43.840620433565945,3128,44.840620433565945,3292
2887,Yaojing Wang,labor,Asia,PKU,4,3256,2,3404,55.5607775323564,3045,87.0,3214,7,3309,0,3283,2,2431,3.5,3382,0,3203,2,3459,1.0,3730,27.7803887661782,3184,55.5607775323564,2911,56.5607775323564,3105
2888,Yuanning Liang,p_finance,Asia,PKU,2,3967,2,3404,77.89736837660179,2736,110.0,3069,3,4085,0,3283,1,2917,1.5,4125,0,3203,2,3459,1.5,3437,38.948684188300895,2903,77.89736837660179,2592,78.89736837660179,2836
2889,Zhengwen Liu,multiple-field,Asia,PKU,4,3256,4,2824,63.85138996137829,2929,121.0,2994,5,3656,0,3283,0,3965,2.5,3719,0,3203,4,2882,2.0,3174,31.925694980689144,3079,63.85138996137829,2790,64.85138996137829,3001
2890,Bo Zhang,multiple-field,Asia,PKU,2,3967,2,3404,32.449961479175904,3481,45.0,3632,4,3855,0,3283,0,3965,2.0,3907,0,3203,2,3459,1.0,3730,16.224980739587952,3555,32.449961479175904,3374,33.449961479175904,3491
2891,Xi Ji,other,Asia,PKU,27,420,36,503,452.59916040576127,1010,2180.0,722,46,750,0,3283,0,3965,23.0,848,0,3203,36,514,18.0,684,226.29958020288063,1497,452.59916040576127,817,453.59916040576127,1392
2892,Pengfei Zhang,multiple-field,Asia,PKU,3,3600,0,4385,11.090536506409418,4062,19.0,4007,7,3309,0,3283,0,3965,3.5,3382,0,3203,0,4408,0.0,4504,5.545268253204709,4079,11.090536506409418,3993,12.090536506409418,4034
2893,(Castiel) Chen Zhuang,multiple-field,Asia,PKU,7,2425,5,2603,118.55800268223145,2335,278.0,2332,20,1840,0,3283,0,3965,10.0,1962,0,3203,5,2654,2.5,2945,59.27900134111572,2566,118.55800268223145,2154,119.55800268223145,2484
2894,Liqun Du,history,Asia,PKU,1,4388,0,4385,1.0,4570,1.0,4570,2,4322,0,3283,0,3965,1.0,4350,0,3203,0,4408,0.0,4504,0.5,4572,1.0,4561,2.0,4561
2895,Hanhui Guan,history,Asia,PKU,3,3600,1,3809,87.65842800324451,2628,104.0,3096,6,3475,0,3283,0,3965,3.0,3545,0,3203,1,3860,0.5,4086,43.829214001622255,2817,87.65842800324451,2472,88.65842800324451,2742
2896,Yu Hao,history,Asia,PKU,6,2677,2,3404,48.23898838076935,3173,83.0,3240,10,2874,0,3283,0,3965,5.0,2983,0,3203,2,3459,1.0,3730,24.119494190384675,3287,48.23898838076935,3045,49.23898838076935,3216
2897,Yaguang Zhang,multiple-field,Asia,PKU,2,3967,2,3404,37.38983819167984,3385,50.0,3563,3,4085,0,3283,1,2917,1.5,4125,0,3203,2,3459,1.5,3437,18.69491909583992,3477,37.38983819167984,3276,38.38983819167984,3411
2898,Yue Zhang,development,Asia,PKU,2,3967,2,3404,21.49418526020468,3748,30.0,3824,4,3855,0,3283,0,3965,2.0,3907,0,3203,2,3459,1.0,3730,10.74709263010234,3787,21.49418526020468,3650,22.49418526020468,3732
2899,Liuyan Zhao,history,Asia,PKU,5,2944,2,3404,19.235384061671343,3822,56.0,3480,12,2609,0,3283,0,3965,6.0,2731,0,3203,2,3459,1.0,3730,9.617692030835672,3852,19.235384061671343,3724,20.235384061671343,3803
2900,Yiling Zhao,history,Asia,PKU,2,3967,0,4385,5.385164807134504,4298,7.0,4303,3,4085,0,3283,0,3965,1.5,4125,0,3203,0,4408,0.0,4504,2.692582403567252,4307,5.385164807134504,4250,6.385164807134504,4264
2901,Jianbo Zhou,multiple-field,Asia,PKU,3,3600,2,3404,24.228082879171435,3668,43.0,3658,9,3018,0,3283,0,3965,4.5,3116,0,3203,2,3459,1.0,3730,12.114041439585716,3711,24.228082879171435,3562,25.228082879171435,3653
2902,Alicia Adsera,labor,North America,Princeton,20,726,29,665,770.8462881794269,634,2700.0,593,51,654,2,1169,4,1786,26.5,696,2,1039,29,684,15.5,820,683.722019878914,974,755.2801603653186,496,2262.8404810959555,622
2903,Mark A. Aguiar,multiple-field,North America,Princeton,21,669,29,665,1151.2679966020075,414,3786.0,453,38,953,19,95,27,228,28.5,630,17,95,31,620,27.0,375,36225.7032622128,119,405.7854702545068,906,7755.709405090137,290
2904,Yacine Ait-Sahalia,econometrics,North America,Princeton,44,113,62,197,1926.40001038206,220,9871.0,153,78,323,4,749,45,71,41.0,333,4,656,62,201,37.0,203,4237.432866428317,468,1806.926232545303,164,9019.631162726517,267
2905,Caio Almeida,finance,North America,Princeton,10,1802,12,1604,70.71774883294857,2830,251.0,2425,24,1571,0,3283,7,1234,12.0,1681,0,3203,12,1632,7.0,1731,35.358874416474286,2985,70.71774883294857,2684,71.71774883294857,2919
2906,John Sturm Becko,i_trade,North America,Princeton,1,4388,1,3809,16.0,3924,16.0,4062,1,4577,0,3283,0,3965,0.5,4588,0,3203,1,3860,0.5,4086,8.0,3952,16.0,3840,17.0,3899
2907,Roland Benabou,multiple-field,North America,Princeton,33,250,38,469,3461.7023268906296,104,12809.0,104,41,868,23,62,31,175,32.0,545,22,51,39,464,31.5,281,164024.8308166644,30,1708.7301088845747,177,40481.5226132298,78
2908,Swati Bhatt,i_organization,North America,Princeton,3,3600,2,3404,40.65710270051225,3322,63.0,3415,5,3656,0,3283,0,3965,2.5,3719,0,3203,2,3459,1.0,3730,20.328551350256124,3413,40.65710270051225,3205,41.65710270051225,3350
2909,Zachary Bleemer,labor,North America,Princeton,6,2677,6,2423,95.97395480024775,2544,207.0,2583,6,3475,1,1576,3,2072,3.5,3382,1,1424,6,2464,3.5,2589,96.84838173555111,2155,76.69676347110224,2604,153.3935269422045,2262
2910,Alan S. Blinder,multiple-field,North America,Princeton,28,386,43,396,2021.6114859190925,208,6259.0,266,79,311,9,329,21,355,44.0,295,9,268,43,408,27.0,375,16226.424020696106,223,1040.8192671199738,353,10328.192671199738,230
2911,Leah Platt Boustan,multiple-field,North America,Princeton,22,617,25,816,588.7410296556543,809,2300.0,691,35,1061,6,525,9,991,20.5,981,6,456,25,834,15.5,820,6022.78387714078,390,349.8255371551101,1035,2413.778760085771,603
2912,Markus Brunnermeier,finance,North America,Princeton,35,216,42,412,3772.464446485878,90,11760.0,114,57,557,16,128,25,268,36.5,427,14,128,44,387,31.5,281,41362.38828523263,109,3189.0351400512413,78,53958.59738087111,53
2913,Smita Brunnermeier,multiple-field,North America,Princeton,4,3256,3,3094,1226.691077655658,387,1481.0,961,5,3656,0,3283,0,3965,2.5,3719,0,3203,3,3149,1.5,3437,613.345538827829,1014,1226.691077655658,291,1227.691077655658,857
2914,Nicholas Buchholz,i_organization,North America,Princeton,3,3600,1,3809,42.532340636273474,3292,51.0,3547,3,4085,2,1169,3,2072,2.5,3719,1,1424,2,3459,2.5,2945,70.44994432064364,2419,8.0,4126,21.0,3778
2915,Matias Cattaneo,econometrics,North America,Princeton,28,386,44,375,1995.759755080756,214,6553.0,249,66,453,6,525,16,541,36.0,438,6,456,44,387,27.5,363,5630.967375856176,407,1151.2501910063145,316,8023.751337044201,286
2916,Sylvain Chassang,micro_theory,North America,Princeton,14,1239,16,1280,239.8207664069148,1632,782.0,1460,27,1408,14,160,17,493,20.5,981,12,173,18,1177,17.5,716,5705.565045158238,402,198.5480967119412,1619,2783.221450679118,561
2917,Natalie Cox,multiple-field,North America,Princeton,2,3967,1,3809,98.14784765851977,2524,105.0,3091,3,4085,1,1576,2,2431,2.0,3907,0,3203,2,3459,2.0,3174,54.01020301937138,2639,99.02040603874276,2351,198.04081207748555,2054
2918,Janet M. Currie,labor,North America,Princeton,69,18,132,37,2747.8486130061824,140,19956.0,48,182,52,17,114,69,21,99.5,48,14,128,135,33,79.0,30,50011.56812944124,92,2439.6481378854837,107,43625.6664819387,72
2919,Kevin Dano,econometrics,North America,Princeton,1,4388,0,4385,2.0,4497,2.0,4502,3,4085,0,3283,1,2917,1.5,4125,0,3203,0,4408,0.5,4086,1.0,4501,2.0,4473,3.0,4474
2920,Jianqing Fan,econometrics,North America,Princeton,89,8,211,8,7924.248229327499,24,37462.0,14,317,10,1,1576,28,209,159.0,11,1,1424,211,8,110.0,14,4207.19889020741,472,7921.39778041482,16,15842.79556082964,156
2921,Ellora Derenoncourt,history,North America,Princeton,4,3256,3,3094,160.0593639872407,2039,279.0,2327,8,3159,4,749,4,1786,6.0,2731,3,816,4,2882,4.0,2445,902.1533504866724,879,10.0,4036,35.0,3469
2922,Thomas Fujiwara,political_econ,North America,Princeton,10,1802,10,1828,302.0115891816074,1382,779.0,1462,11,2737,4,749,5,1568,7.5,2418,4,656,10,1859,7.0,1731,1426.702381568914,732,185.67828709011985,1685,913.3914354505991,990
2923,Pascaline Dupas,development,North America,Princeton,25,490,31,605,1117.2685442631955,435,4323.0,402,43,813,13,186,22,327,28.0,646,8,320,36,514,25.0,431,15901.927088004888,227,747.5747068882783,501,10298.045896435897,234
2924,John R. Grigsby,multiple-field,North America,Princeton,6,2677,6,2423,227.771815640127,1673,474.0,1877,7,3309,5,627,5,1568,6.0,2731,4,656,7,2299,6.0,1923,1078.284371754744,827,183.7568180517879,1698,1078.5409083107274,909
2925,Mira Frick,micro_theory,North America,Princeton,6,2677,6,2423,45.628938186199335,3212,114.0,3041,11,2737,7,445,9,991,9.0,2114,4,656,9,2003,8.5,1487,485.5797493847312,1110,25.601075237738275,3529,156.8086019019062,2250
2926,Gene M. Grossman,i_trade,North America,Princeton,47,95,65,185,7353.479924498332,28,19303.0,50,102,184,37,10,47,61,69.5,105,34,8,68,173,52.5,96,329486.90089074644,9,1209.1104896723689,297,44578.19860755001,68
2927,Faruk R. Gul,micro_theory,North America,Princeton,23,568,30,633,991.8392006772066,506,3425.0,499,40,899,17,114,33,157,28.5,630,14,128,33,579,26.5,389,21524.13033237082,174,665.7541907379097,562,11695.575433282374,212
2928,Kate Ho,i_organization,North America,Princeton,12,1477,14,1430,351.5337821604063,1236,1140.0,1164,24,1571,9,329,13,700,16.5,1262,6,456,17,1241,14.0,936,4249.628686535023,466,258.8059246695322,1359,2508.059246695322,588
2929,Bo Honoré,econometrics,North America,Princeton,20,726,24,859,516.5317028024514,899,1847.0,813,41,868,9,329,21,355,25.0,750,7,384,26,797,18.5,651,4896.349055742579,439,388.2835351026986,942,3802.835351026986,470
2930,Ryota Iijima,micro_theory,North America,Princeton,9,1992,9,1961,107.68008172359454,2429,259.0,2389,16,2168,9,329,13,700,12.5,1623,5,545,13,1535,12.5,1053,1193.1350678327549,784,42.85262175962151,3165,348.52621759621513,1595
2931,Seema Jayachandran,development,North America,Princeton,23,568,29,665,1052.395838076149,471,4103.0,421,42,840,11,246,17,493,26.5,696,10,231,30,649,22.0,518,14501.230600326347,239,899.4902925749949,417,10673.88351089994,228
2932,Simon Jäger,labor,North America,Princeton,10,1802,10,1828,144.9310180741169,2128,427.0,1967,16,2168,4,749,7,1234,10.0,1962,3,816,11,1737,8.0,1567,493.9265430732924,1100,129.630410331257,2060,633.1520516562849,1196
2933,Adam Kapor,labor,North America,Princeton,3,3600,3,3094,53.14132102234569,3086,74.0,3321,5,3656,4,749,5,1568,4.5,3116,2,1039,5,2654,4.5,2297,156.8811835173898,1775,15.0,3876,60.0,3072
2934,Jakub Kastl,i_organization,North America,Princeton,9,1992,8,2100,124.5672509129105,2279,337.0,2176,14,2384,5,627,8,1097,9.5,2035,4,656,9,2003,7.5,1649,1019.7698536071266,848,52.486840282335066,2954,290.9210416940104,1749
2935,Nobuhiro Kiyotaki,macro,North America,Princeton,21,669,24,859,3354.3315280395286,108,6448.0,256,32,1187,12,216,21,355,22.0,892,12,173,24,876,20.0,589,29206.532237180367,147,921.0104509850258,408,11830.135862805337,206
2936,Henrik J. Kleven,p_finance,North America,Princeton,27,420,30,633,1047.3781552046996,474,4035.0,432,37,989,12,216,20,383,24.5,776,11,201,31,620,23.0,493,17212.16411047053,212,728.2848595356459,513,9324.703173963397,258
2937,Michal Kolesár,econometrics,North America,Princeton,12,1477,13,1510,402.4860246020972,1121,987.0,1282,17,2079,7,445,13,700,12.0,1681,7,384,13,1535,11.0,1189,3018.4328419473777,548,213.01941656067277,1539,1656.155332485382,739
2938,Ilyana Kuziemko,multiple-field,North America,Princeton,18,872,20,1048,1079.3451718518966,458,3110.0,539,21,1766,10,280,16,541,15.5,1343,9,268,21,1017,15.5,820,15922.221314144988,226,681.5660801440168,549,7398.226881584185,307
2939,Moritz Lenel,macro,North America,Princeton,3,3600,2,3404,29.34280150224242,3550,45.0,3632,4,3855,2,1169,4,1786,3.0,3545,2,1039,2,3459,3.0,2752,74.82306905057553,2374,10.0,4036,27.0,3622
2940,Ernest Liu,multiple-field,North America,Princeton,8,2197,5,2603,170.9005558797279,1977,317.0,2228,11,2737,5,627,7,1234,8.0,2304,4,656,6,2464,6.5,1818,1090.2875911755518,823,25.27313493271329,3537,127.63880959627976,2421
2941,Alessandro Lizzeri,micro_theory,North America,Princeton,20,726,23,906,703.2943907070495,683,2281.0,693,26,1461,17,114,22,327,21.5,923,17,95,23,925,20.0,589,20469.966273846563,186,362.75424798547306,1007,6241.576463738515,339
2942,W. Bentley Macleod,multiple-field,North America,Princeton,26,451,46,346,585.9334433192903,813,2614.0,623,66,453,8,386,26,250,37.0,418,8,320,46,357,27.5,363,6984.588797876349,370,341.112593577607,1069,3007.0133421984638,541
2943,Atif Mian,multiple-field,North America,Princeton,30,323,33,565,2381.369773890649,166,8190.0,188,44,790,13,186,22,327,28.5,630,12,173,34,558,24.0,461,60013.78505355422,81,635.1695910280412,594,8724.374274392576,273
2944,Eduardo Morales,multiple-field,North America,Princeton,10,1802,10,1828,351.1196377305035,1240,829.0,1419,10,2874,7,445,7,1234,8.5,2203,7,384,10,1859,8.5,1487,4257.757742190073,465,114.9814798935447,2178,871.8518391483576,1014
2945,Xiaosheng Mu,micro_theory,North America,Princeton,6,2677,2,3404,28.442925306655784,3570,75.0,3312,10,2874,5,627,5,1568,7.5,2418,1,1424,6,2464,5.5,2026,211.17815760333596,1542,20.1657508881031,3691,96.9945053286186,2673
2946,Ulrich K. Müller,econometrics,North America,Princeton,20,726,27,733,667.2653145488682,725,1935.0,782,36,1023,14,160,29,197,25.0,750,12,173,29,684,23.5,479,7752.505535765691,352,640.1317752677945,588,9406.976629016915,255
2947,Pietro Ortoleva,micro_theory,North America,Princeton,17,948,20,1048,320.3935080490864,1330,1088.0,1211,25,1518,10,280,13,700,17.5,1186,9,268,21,1017,16.0,788,5792.464395547497,401,129.07140714714006,2064,1320.7854786185408,826
2948,Aleksei Oskolkov,i_finance,North America,Princeton,2,3967,2,3404,22.825424421026653,3707,31.0,3809,2,4322,1,1576,1,2917,1.5,4125,1,1424,2,3459,1.5,3437,25.500000000000004,3243,12.0,3963,24.0,3688
2949,Jonathan Payne,history,North America,Princeton,2,3967,0,4385,6.164414002968976,4264,10.0,4201,4,3855,1,1576,3,2072,2.5,3719,0,3203,1,3860,2.0,3174,4.915475947422651,4127,6.830951894845301,4180,13.6619037896906,3986
2950,Wolfgang Pesendorfer,micro_theory,North America,Princeton,26,451,34,548,1029.523676269759,489,3565.0,482,40,899,19,95,30,187,29.5,601,17,95,36,514,28.0,353,34454.98127663215,126,472.3674006807283,782,9087.348013614566,263
2951,Mikkel Plagborg-Moller,econometrics,North America,Princeton,11,1625,11,1709,475.87498358287337,961,1217.0,1110,17,2079,6,525,11,832,11.5,1753,5,545,12,1632,10.5,1239,3099.876132417372,540,243.05695518166087,1423,1666.3986862716265,736
2952,Cecilia Rouse,labor,North America,Princeton,28,386,34,548,1358.674353920026,337,4542.0,384,46,750,8,386,15,589,27.0,674,6,456,36,514,22.0,518,8767.907664947508,332,636.0581183298247,593,5661.523064968422,366
2953,Ayşegül Şahin,multiple-field,North America,Princeton,24,528,38,469,597.5792834427914,798,2369.0,674,49,693,7,445,20,383,28.0,646,7,384,38,480,24.0,461,2603.7839317888274,577,567.6505150269641,659,4493.2041202157125,418
2954,Batchimeg Sambalaibat,finance,North America,Princeton,1,4388,0,4385,9.0,4129,9.0,4234,2,4322,0,3283,1,2917,1.0,4350,0,3203,0,4408,0.5,4086,4.5,4147,9.0,4072,10.0,4105
2955,David Lee,multiple-field,North America,Princeton,18,872,18,1155,3138.666277258543,121,7378.0,217,21,1766,9,329,16,541,15.0,1386,8,320,19,1119,15.0,864,22940.62240791918,169,2936.8295715427157,84,29288.295715427157,97
2956,Thomas C. Leonard,history,North America,Princeton,9,1992,9,1961,185.4831528737853,1884,494.0,1840,12,2609,0,3283,1,2917,6.0,2731,0,3203,9,2003,4.5,2297,92.74157643689264,2198,185.4831528737853,1688,186.4831528737853,2110
2957,Fedor Sandomirskii,micro_theory,North America,Princeton,8,2197,7,2254,94.96841580230766,2551,205.0,2591,13,2492,1,1576,1,2917,7.0,2517,1,1424,7,2299,4.0,2445,57.22022871609158,2589,95.44045743218317,2388,190.88091486436636,2087
2958,Karthik Sastry,macro,North America,Princeton,4,3256,4,2824,103.053384223906,2476,190.0,2654,8,3159,5,627,6,1392,6.5,2616,3,816,6,2464,6.0,1923,390.1600818666094,1212,80.02666192761077,2557,456.1599715656647,1388
2959,Evan J. Soltas,labor,North America,Princeton,4,3256,3,3094,33.090784215548595,3465,59.0,3453,5,3656,1,1576,4,1786,3.0,3545,1,1424,3,3149,2.5,2945,33.78671185254442,3030,26.57342370508884,3504,53.146847410177685,3155
2960,Giovanni (Gianluca) Violante,multiple-field,North America,Princeton,34,230,45,357,1405.490305907515,324,5599.0,302,52,637,17,114,30,187,34.5,474,16,105,46,357,32.0,272,40683.36465762067,110,651.640843312184,576,11441.535179619312,219
2961,Maria Micaela Sviatschi,multiple-field,North America,Princeton,7,2425,5,2603,48.97958758503383,3162,125.0,2973,13,2492,5,627,8,1097,9.0,2114,2,1039,8,2146,7.0,1731,211.6733591879858,1540,38.15116890850155,3256,204.90701345100933,2024
2962,Andrea Wilson,micro_theory,North America,Princeton,3,3600,3,3094,86.1974477580398,2642,132.0,2945,3,4085,1,1576,3,2072,2.0,3907,1,1424,3,3149,2.0,3174,96.24264578624802,2161,43.485291572496,3139,86.970583144992,2755
2963,Wei Xiong,finance,North America,Princeton,37,189,42,412,2040.6655776976293,203,8150.0,189,44,790,10,280,25,268,27.0,674,10,231,42,422,26.0,403,16346.22218568706,222,1658.2342066587505,187,18141.576273246254,136
2964,Leonard Wantchekon,political_econ,North America,Princeton,20,726,26,777,1476.280122469987,308,3699.0,462,47,731,3,924,4,1786,25.0,750,3,816,26,797,15.0,864,3521.6850934108,512,806.9558445586424,462,3219.8233782345696,519
2965,Motohiro Yogo,finance,North America,Princeton,25,490,26,777,5165.516431103477,47,10248.0,143,33,1137,8,386,23,303,20.5,981,8,320,26,797,18.5,651,6879.072088130246,372,5167.361491502606,28,46443.253423523456,63
2966,Mark W. Watson,multiple-field,North America,Princeton,54,55,75,128,3695.215961212552,95,19641.0,49,98,208,14,160,49,49,56.0,184,13,148,76,130,48.0,121,17703.449927432404,206,3664.5966635606296,65,54773.94995340944,52
2967,Leeat Yariv,micro_theory,North America,Princeton,23,568,26,777,570.8265936341788,828,2217.0,711,37,989,14,160,22,327,25.5,733,11,201,29,684,23.0,493,12190.604554328436,267,312.7942435857826,1158,4496.91365378674,417
2968,Owen Zidar,p_finance,North America,Princeton,9,1992,9,1961,351.3061343045407,1239,950.0,1317,13,2492,6,525,7,1234,9.5,2035,6,456,9,2003,7.5,1649,4267.978487741674,464,132.32497773599647,2037,891.2748441519752,1003
2969,Venet Baptiste,development,Europe,PSL,2,3967,0,4385,8.94427190999916,4135,12.0,4154,3,4085,0,3283,0,3965,1.5,4125,0,3203,0,4408,0.0,4504,4.47213595499958,4153,8.94427190999916,4079,9.94427190999916,4113
2970,Villeneuve Bertrand,micro_theory,Europe,PSL,9,1992,9,1961,67.34240862933252,2880,227.0,2510,22,1700,0,3283,2,2431,11.0,1825,0,3203,9,2003,5.0,2147,33.67120431466626,3034,67.34240862933252,2733,68.34240862933252,2960
2971,Rimbaud Claire,behavior-experiment,Europe,PSL,3,3600,1,3809,24.515301344262525,3663,31.0,3809,3,4085,0,3283,1,2917,1.5,4125,0,3203,1,3860,1.0,3730,12.257650672131264,3708,24.515301344262525,3556,25.515301344262525,3650
2972,Robilliard Anne-Sophie,development,Europe,PSL,6,2677,6,2423,79.3536388579629,2708,177.0,2720,9,3018,0,3283,0,3965,4.5,3116,0,3203,6,2464,3.0,2752,39.67681942898145,2879,79.3536388579629,2563,80.3536388579629,2813
2974,Salomon Antoine,micro_theory,Europe,PSL,5,2944,3,3094,25.84569596664017,3634,54.0,3505,7,3309,0,3283,3,2072,3.5,3382,0,3203,3,3149,2.5,2945,12.922847983320086,3686,25.84569596664017,3525,26.84569596664017,3625
2975,Sztulman Aude,i_trade,Europe,PSL,4,3256,3,3094,60.19136150644875,2985,99.0,3133,5,3656,0,3283,0,3965,2.5,3719,0,3203,3,3149,1.5,3437,30.09568075322437,3128,60.19136150644875,2851,61.19136150644875,3054
2976,Thomas Arthur,other,Europe,PSL,1,4388,0,4385,8.0,4180,8.0,4272,1,4577,0,3283,0,3965,0.5,4588,0,3203,0,4408,0.0,4504,4.0,4196,8.0,4126,9.0,4155
2977,Toledano Bialot Joelle,i_organization,Europe,PSL,4,3256,2,3404,23.664319132398465,3681,50.0,3563,11,2737,0,3283,0,3965,5.5,2853,0,3203,2,3459,1.0,3730,11.832159566199232,3727,23.664319132398465,3580,24.664319132398465,3667
2978,Toubal Farid,i_trade,Europe,PSL,18,872,24,859,565.4440732733875,832,1839.0,816,41,868,0,3283,7,1234,20.5,981,0,3203,24,876,13.0,1007,282.72203663669376,1389,565.4440732733875,663,566.4440732733875,1260
2979,Tripier Fabien,macro,Europe,PSL,10,1802,10,1828,65.5972560401729,2901,231.0,2498,28,1363,0,3283,3,2072,14.0,1485,0,3203,10,1859,5.0,2147,32.79862802008645,3058,65.5972560401729,2756,66.5972560401729,2980
2980,Orefice Gianluca,i_trade,Europe,PSL,12,1477,16,1280,259.47061490658245,1546,827.0,1421,29,1320,0,3283,4,1786,14.5,1436,0,3203,16,1309,9.0,1418,129.73530745329123,1935,259.47061490658245,1357,260.47061490658245,1844
2981,Oury Marion,micro_theory,Europe,PSL,3,3600,1,3809,30.512292604784715,3518,41.0,3682,3,4085,1,1576,3,2072,2.0,3907,1,1424,1,3860,2.0,3174,33.743416490252564,3032,10.486832980505138,4019,20.97366596101028,3783
2982,Patureau Lise,i_finance,Europe,PSL,5,2944,3,3094,22.693611435820436,3714,57.0,3471,12,2609,0,3283,0,3965,6.0,2731,0,3203,3,3149,1.5,3437,11.346805717910216,3754,22.693611435820436,3610,23.693611435820436,3699
2983,Peltrault Frederic,i_trade,Europe,PSL,1,4388,1,3809,10.0,4097,10.0,4201,4,3855,0,3283,0,3965,2.0,3907,0,3203,1,3860,0.5,4086,5.0,4116,10.0,4036,11.0,4071
2984,Perdrix Elsa,labor,Europe,PSL,4,3256,2,3404,39.54743986657038,3343,68.0,3366,7,3309,0,3283,0,3965,3.5,3382,0,3203,2,3459,1.0,3730,19.77371993328519,3432,39.54743986657038,3229,40.54743986657038,3369
2985,Plassard Romain,history,Europe,PSL,4,3256,0,4385,11.916375287812984,4041,24.0,3921,6,3475,0,3283,1,2917,3.0,3545,0,3203,0,4408,0.5,4086,5.958187643906492,4059,11.916375287812984,3967,12.916375287812984,4012
2986,Poirier Arthur,multiple-field,Europe,PSL,4,3256,2,3404,20.73644135332772,3775,42.0,3670,5,3656,0,3283,0,3965,2.5,3719,0,3203,2,3459,1.0,3730,10.36822067666386,3811,20.73644135332772,3679,21.73644135332772,3757
2987,Raffinot Marc,development,Europe,PSL,4,3256,3,3094,29.189039038652847,3553,66.0,3386,16,2168,0,3283,0,3965,8.0,2304,0,3203,3,3149,1.5,3437,14.594519519326424,3612,29.189039038652847,3438,30.189039038652847,3554
2988,Marini François,finance,Europe,PSL,4,3256,1,3809,18.65475810617763,3843,34.0,3769,6,3475,0,3283,0,3965,3.0,3545,0,3203,1,3860,0.5,4086,9.327379053088816,3872,18.65475810617763,3746,19.65475810617763,3824
2989,Martins-Da-Rocha V. Filipe,micro_theory,Europe,PSL,8,2197,7,2254,48.98979485566356,3161,180.0,2705,25,1518,1,1576,6,1392,13.0,1571,1,1424,7,2299,6.0,1923,47.438933435969695,2746,41.87786687193939,3186,83.75573374387878,2784
2990,Mathis Jérôme,i_finance,Europe,PSL,1,4388,0,4385,2.0,4497,2.0,4502,2,4322,0,3283,0,3965,1.0,4350,0,3203,0,4408,0.0,4504,1.0,4501,2.0,4473,3.0,4474
2991,Menéndez Marta,development,Europe,PSL,6,2677,5,2603,334.6311402126228,1296,546.0,1749,7,3309,0,3283,1,2917,3.5,3382,0,3203,5,2654,2.5,2945,167.31557010631138,1728,334.6311402126228,1091,335.6311402126228,1629
2992,Mercier Marion,multiple-field,Europe,PSL,7,2425,6,2423,123.47469376354006,2289,234.0,2488,15,2273,0,3283,4,1786,7.5,2418,0,3203,6,2464,4.5,2297,61.73734688177003,2528,123.47469376354006,2109,124.47469376354006,2444
2993,Méritet Sophie,multiple-field,Europe,PSL,5,2944,2,3404,26.70205984563738,3613,63.0,3415,19,1915,0,3283,0,3965,9.5,2035,0,3203,2,3459,1.0,3730,13.35102992281869,3668,26.70205984563738,3501,27.70205984563738,3607
2994,Mesplé-Somps Sandrine,development,Europe,PSL,11,1625,12,1604,170.70149384232113,1978,459.0,1908,27,1408,0,3283,1,2917,13.5,1526,0,3203,12,1632,6.5,1818,85.35074692116056,2276,170.70149384232113,1785,171.70149384232113,2182
2995,Monjon Stéphanie,multiple-field,Europe,PSL,12,1477,13,1510,355.0352095215346,1226,1020.0,1261,18,1994,0,3283,0,3965,9.0,2114,0,3203,13,1535,6.5,1818,177.5176047607673,1668,355.0352095215346,1020,356.0352095215346,1570
2996,Mouhoud El Mouhoub,multiple-field,Europe,PSL,9,1992,9,1961,55.25395913416522,3051,183.0,2686,21,1766,0,3283,0,3965,10.5,1890,0,3203,9,2003,4.5,2297,27.62697956708261,3188,55.25395913416522,2914,56.25395913416522,3108
2997,Nordman Christophe Jalil,labor,Europe,PSL,14,1239,17,1215,119.4278024582216,2328,521.0,1788,46,750,0,3283,0,3965,23.0,848,0,3203,17,1241,8.5,1487,59.7139012291108,2559,119.4278024582216,2148,120.4278024582216,2479
2998,Alessandro Ispano,micro_theory,Europe,PSL,3,3600,1,3809,15.491933384829668,3944,28.0,3857,8,3159,1,1576,5,1568,4.5,3116,0,3203,2,3459,3.0,2752,7.745966692414834,3970,16.491933384829668,3818,32.983866769659336,3505
2999,Jarreau Joachim,i_trade,Europe,PSL,4,3256,4,2824,244.23554204906375,1607,309.0,2248,6,3475,0,3283,1,2917,3.0,3545,0,3203,4,2882,2.0,3174,122.11777102453188,1977,244.23554204906375,1417,245.23554204906375,1891
3000,Jusot Florence,multiple-field,Europe,PSL,22,617,41,427,2549.645269444359,154,4299.0,407,98,208,0,3283,5,1568,49.0,234,0,3203,41,434,21.0,550,1274.8226347221796,764,2549.645269444359,101,2550.645269444359,582
3001,Keppler Jan-Horst,multiple-field,Europe,PSL,11,1625,11,1709,281.9272955923211,1441,631.0,1646,25,1518,0,3283,0,3965,12.5,1623,0,3203,11,1737,5.5,2026,140.96364779616056,1861,281.9272955923211,1255,282.9272955923211,1774
3002,Lavallée Emmanuelle,multiple-field,Europe,PSL,7,2425,5,2603,37.45664160065608,3384,109.0,3074,19,1915,0,3283,1,2917,9.5,2035,0,3203,5,2654,3.0,2752,18.72832080032804,3475,37.45664160065608,3275,38.45664160065608,3410
3003,Le Pen Yannick,finance,Europe,PSL,7,2425,6,2423,129.59938271457932,2241,298.0,2272,11,2737,0,3283,0,3965,5.5,2853,0,3203,6,2464,3.0,2752,64.79969135728966,2488,129.59938271457932,2062,130.59938271457932,2399
3004,Lefort Jean-Philippe,micro_theory,Europe,PSL,7,2425,6,2423,51.07837115648854,3115,125.0,2973,12,2609,0,3283,1,2917,6.0,2731,0,3203,6,2464,3.0,2752,25.53918557824427,3241,51.07837115648854,2983,52.07837115648854,3168
3005,Lenoble-Liaud Hélène,i_finance,Europe,PSL,1,4388,0,4385,3.0,4440,3.0,4453,1,4577,0,3283,0,3965,0.5,4588,0,3203,0,4408,0.0,4504,1.5,4444,3.0,4407,4.0,4412
3006,Mage-Bertomeu Sabine,i_trade,Europe,PSL,1,4388,0,4385,3.0,4440,3.0,4453,1,4577,0,3283,0,3965,0.5,4588,0,3203,0,4408,0.0,4504,1.5,4444,3.0,4407,4.0,4412
3007,Gaté Romain,micro_theory,Europe,PSL,1,4388,1,3809,21.0,3765,21.0,3971,1,4577,0,3283,0,3965,0.5,4588,0,3203,1,3860,0.5,4086,10.5,3804,21.0,3670,22.0,3749
3008,Geoffron Patrice,multiple-field,Europe,PSL,6,2677,4,2824,73.69531871157082,2789,153.0,2818,29,1320,0,3283,0,3965,14.5,1436,0,3203,4,2882,2.0,3174,36.84765935578541,2949,73.69531871157082,2645,74.69531871157082,2881
3009,Gille Véronique,development,Europe,PSL,3,3600,0,4385,14.0356688476182,3982,27.0,3874,9,3018,0,3283,1,2917,4.5,3116,0,3203,0,4408,0.5,4086,7.0178344238091,4002,14.0356688476182,3902,15.0356688476182,3950
3010,Godard Mathilde,labor,Europe,PSL,4,3256,2,3404,155.09674400192932,2067,239.0,2472,6,3475,0,3283,3,2072,3.0,3545,0,3203,2,3459,2.0,3174,77.54837200096466,2352,155.09674400192932,1880,156.09674400192932,2254
3011,Gonand Frédéric,p_finance,Europe,PSL,4,3256,3,3094,37.65634076752546,3380,78.0,3285,12,2609,0,3283,0,3965,6.0,2731,0,3203,3,3149,1.5,3437,18.82817038376273,3472,37.65634076752546,3269,38.65634076752546,3407
3012,Gordon Sidartha,micro_theory,Europe,PSL,5,2944,4,2824,27.94637722496424,3589,71.0,3344,11,2737,0,3283,6,1392,5.5,2853,0,3203,4,2882,4.5,2297,13.97318861248212,3646,27.94637722496424,3478,28.94637722496424,3586
3013,Gubert Flore,development,Europe,PSL,14,1239,18,1155,441.0260763265592,1039,1170.0,1142,35,1061,1,1576,3,2072,18.0,1148,1,1424,18,1177,9.5,1356,300.47632665028294,1351,433.9526533005659,857,867.9053066011318,1016
3014,Henry Loïc,development,Europe,PSL,2,3967,2,3404,23.600847442411894,3684,33.0,3785,2,4322,0,3283,0,3965,1.0,4350,0,3203,2,3459,1.0,3730,11.800423721205949,3728,23.600847442411894,3581,24.600847442411894,3668
3015,Houngbedji Kenneth,development,Europe,PSL,7,2425,6,2423,102.79105019407088,2478,236.0,2483,12,2609,0,3283,2,2431,6.0,2731,0,3203,6,2464,3.5,2589,51.395525097035446,2680,102.79105019407088,2308,103.79105019407088,2604
3016,Huillery Élise,multiple-field,Europe,PSL,9,1992,9,1961,216.6587178029077,1718,485.0,1863,16,2168,0,3283,3,2072,8.0,2304,0,3203,9,2003,5.0,2147,108.32935890145386,2061,216.6587178029077,1524,217.6587178029077,1970
3017,Djemaï Elodie,development,Europe,PSL,5,2944,2,3404,103.5132841716463,2471,167.0,2764,13,2492,0,3283,1,2917,6.5,2616,0,3203,2,3459,1.5,3437,51.75664208582315,2674,103.5132841716463,2298,104.5132841716463,2597
3018,Dufour-Kippelen Sandrine,p_finance,Europe,PSL,1,4388,1,3809,10.0,4097,10.0,4201,1,4577,0,3283,0,3965,0.5,4588,0,3203,1,3860,0.5,4086,5.0,4116,10.0,4036,11.0,4071
3019,Yannick Dupraz,history,Europe,PSL,4,3256,3,3094,50.17967716117751,3129,86.0,3220,6,3475,0,3283,2,2431,3.0,3545,0,3203,3,3149,2.5,2945,25.089838580588754,3254,50.17967716117751,2999,51.17967716117751,3182
3020,Dutu Richard,multiple-field,Europe,PSL,6,2677,4,2824,109.55820370926132,2413,187.0,2667,16,2168,0,3283,3,2072,8.0,2304,0,3203,4,2882,3.5,2589,54.77910185463066,2628,109.55820370926132,2229,110.55820370926132,2548
3021,Peter Eibich,other,Europe,PSL,23,568,30,633,2259.406337956942,174,6131.0,269,48,712,0,3283,2,2431,24.0,802,0,3203,30,649,15.0,864,1129.703168978471,810,2259.406337956942,113,2260.406337956942,623
3022,El Mekkaoui Najat,multiple-field,Europe,PSL,5,2944,2,3404,46.48655719667784,3203,93.0,3176,16,2168,0,3283,0,3965,8.0,2304,0,3203,2,3459,1.0,3730,23.24327859833892,3314,46.48655719667784,3075,47.48655719667784,3248
3023,Fack Gabrielle,p_finance,Europe,PSL,7,2425,7,2254,226.8215157342883,1680,470.0,1888,12,2609,1,1576,3,2072,6.5,2616,1,1424,7,2299,4.0,2445,169.37092849564732,1717,219.74185699129464,1514,439.4837139825893,1418
3024,Calvo Thomas,multiple-field,Europe,PSL,2,3967,0,4385,4.69041575982343,4349,8.0,4272,11,2737,0,3283,1,2917,5.5,2853,0,3203,0,4408,0.5,4086,2.345207879911715,4354,4.69041575982343,4309,5.69041575982343,4322
3025,Carre-Tallon Martine,multiple-field,Europe,PSL,4,3256,1,3809,21.095023109728988,3760,43.0,3658,10,2874,0,3283,2,2431,5.0,2983,0,3203,1,3860,1.0,3730,10.547511554864494,3798,21.095023109728988,3664,22.095023109728988,3743
3026,Creti Anna,multiple-field,Europe,PSL,17,948,23,906,530.5553694007817,879,1443.0,983,70,404,0,3283,0,3965,35.0,460,0,3203,23,925,11.5,1143,265.27768470039086,1412,530.5553694007817,705,531.5553694007817,1292
3027,Pascal Achard,labor,Europe,PSL,2,3967,0,4385,7.211102550927978,4207,10.0,4201,4,3855,0,3283,2,2431,2.0,3907,0,3203,0,4408,1.0,3730,3.605551275463989,4223,7.211102550927978,4155,8.21110255092798,4180
3028,Aïd René,multiple-field,Europe,PSL,11,1625,11,1709,113.37107214805724,2375,399.0,2019,32,1187,0,3283,0,3965,16.0,1305,0,3203,11,1737,5.5,2026,56.68553607402862,2598,113.37107214805724,2192,114.37107214805724,2518
3029,Arestoff Florence,development,Europe,PSL,3,3600,1,3809,30.331501776206203,3524,46.0,3618,7,3309,0,3283,0,3965,3.5,3382,0,3203,1,3860,0.5,4086,15.1657508881031,3588,30.331501776206203,3412,31.331501776206203,3529
3030,Beaubrun-Diant Kévin,finance,Europe,PSL,3,3600,0,4385,13.74772708486752,3994,33.0,3785,11,2737,0,3283,0,3965,5.5,2853,0,3203,0,4408,0.0,4504,6.87386354243376,4014,13.74772708486752,3914,14.74772708486752,3963
3031,Benoit Sylvain,finance,Europe,PSL,4,3256,4,2824,446.59489473123176,1025,513.0,1805,7,3309,0,3283,0,3965,3.5,3382,0,3203,4,2882,2.0,3174,223.29744736561588,1506,446.59489473123176,835,447.59489473123176,1405
3032,Bernard Philippe,finance,Europe,PSL,2,3967,0,4385,9.848857801796104,4106,13.0,4130,4,3855,0,3283,0,3965,2.0,3907,0,3203,0,4408,0.0,4504,4.924428900898052,4125,9.848857801796104,4048,10.848857801796104,4080
3033,Bertelli Olivia,multiple-field,Europe,PSL,2,3967,1,3809,18.138357147217054,3850,21.0,3971,7,3309,0,3283,1,2917,3.5,3382,0,3203,1,3860,1.0,3730,9.069178573608529,3880,18.138357147217054,3757,19.138357147217054,3831
3034,Bessec Marie,multiple-field,Europe,PSL,7,2425,5,2603,280.1267570226022,1451,447.0,1924,23,1634,0,3283,0,3965,11.5,1753,0,3203,5,2654,2.5,2945,140.0633785113011,1870,280.1267570226022,1266,281.1267570226022,1783
3035,Barry W. Ickes,multiple-field,North America,PSU,14,1239,17,1215,346.8083043988422,1257,1054.0,1239,30,1275,1,1576,2,2431,15.5,1343,1,1424,17,1241,9.0,1418,289.16140977293543,1378,323.3228195458708,1125,646.6456390917416,1186
3036,Sung Jae Jun,econometrics,North America,PSU,8,2197,8,2100,80.45495634204272,2699,221.0,2527,22,1700,1,1576,12,763,11.5,1753,0,3203,9,2003,8.0,1567,42.21504693519579,2839,81.43009387039157,2540,162.86018774078315,2223
3037,S. Nageeb Ali,micro_theory,North America,PSU,13,1348,13,1510,110.90085662428402,2395,393.0,2037,21,1766,10,280,15,589,15.5,1343,6,456,17,1241,14.5,901,1663.1396057550382,693,86.62245101796209,2483,853.846961197583,1027
3038,Andres Aradillas-Lopez,econometrics,North America,PSU,9,1992,9,1961,108.72902096496593,2418,280.0,2325,18,1994,1,1576,11,832,9.5,2035,1,1424,9,2003,7.5,1649,101.1858029496161,2121,95.3716058992322,2390,190.7432117984644,2088
3039,Kalyan Chatterjee,micro_theory,North America,PSU,17,948,24,859,436.2705582548518,1048,1192.0,1125,70,404,3,924,14,640,36.5,427,3,816,24,876,17.0,742,676.5416947977322,982,424.4546238920626,873,1689.818495568251,730
3040,Miaomiao Dong,multiple-field,North America,PSU,0,4667,0,4385,0.0,4667,0.0,4667,3,4085,0,3283,2,2431,1.5,4125,0,3203,0,4408,1.0,3730,0.0,4667,0.0,4669,1.0,4669
3041,Jingting Fan,i_trade,North America,PSU,5,2944,4,2824,143.32131732579072,2136,253.0,2416,7,3309,1,1576,3,2072,4.0,3242,0,3203,5,2654,3.0,2752,74.64495795239188,2375,144.28991590478375,1954,288.5798318095675,1756
3042,Paul Grieco,i_organization,North America,PSU,13,1348,14,1430,160.30907647416598,2037,533.0,1771,20,1840,3,924,8,1097,11.5,1753,3,816,14,1453,9.0,1418,282.31133454818166,1390,157.30489298787643,1863,621.2195719515057,1205
3043,Patrik Guggenberger,econometrics,North America,PSU,17,948,24,859,228.22357459298547,1667,904.0,1353,33,1137,4,749,13,700,18.5,1111,4,656,24,876,15.0,864,895.972947261631,881,190.81809334216,1660,939.0904667108,973
3044,Nima Haghpanah,micro_theory,North America,PSU,11,1625,11,1709,105.48459603183775,2450,339.0,2169,22,1700,4,749,6,1392,13.0,1571,2,1039,13,1535,9.5,1356,174.74543615569814,1685,107.03397497913006,2257,520.1698748956503,1306
3045,Marc Henry,econometrics,North America,PSU,13,1348,15,1353,227.3213584333861,1677,689.0,1568,31,1232,3,924,10,906,17.0,1221,3,816,15,1379,10.5,1239,361.35254746108166,1246,215.0141504711419,1530,852.0566018845676,1028
3046,Keisuke Hirano,econometrics,North America,PSU,11,1625,13,1510,1835.9395414882267,239,3466.0,492,22,1700,9,329,14,640,15.5,1343,7,384,15,1379,14.0,936,8568.482267246,338,1024.3620044102497,359,10163.620044102498,238
3047,Yuhta Ishii,micro_theory,North America,PSU,4,3256,3,3094,36.49657518178932,3398,68.0,3366,9,3018,5,627,6,1392,7.0,2517,2,1039,6,2464,5.5,2026,173.20055044982877,1692,18.30413469565007,3754,85.82480817390042,2766
3048,Seula Kim,macro,North America,PSU,1,4388,0,4385,1.0,4570,1.0,4570,1,4577,0,3283,0,3965,0.5,4588,0,3203,0,4408,0.0,4504,0.5,4572,1.0,4561,2.0,4561
3049,Kala Krishna,i_trade,North America,PSU,16,1038,27,733,235.2636818550624,1649,961.0,1308,60,517,2,1169,15,589,31.0,565,2,1039,27,755,18.0,684,235.0296422152442,1471,232.2172886644268,1460,693.6518659932804,1146
3050,Vijay Krishna,micro_theory,North America,PSU,20,726,25,816,613.4623052804467,780,2190.0,720,27,1408,8,386,16,541,17.5,1186,8,320,25,834,17.0,742,5821.511078883756,398,501.8663786896209,744,4453.797408206588,422
3051,Jenny Li,multiple-field,North America,PSU,4,3256,2,3404,27.073972741361768,3606,49.0,3575,7,3309,0,3283,1,2917,3.5,3382,0,3203,2,3459,1.5,3437,13.536986370680884,3661,27.073972741361768,3496,28.073972741361768,3601
3052,Qi Li,labor,North America,PSU,2,3967,0,4385,2.8284271247461903,4454,4.0,4413,2,4322,0,3283,1,2917,1.0,4350,0,3203,0,4408,0.5,4086,1.4142135623730951,4458,2.8284271247461903,4428,3.8284271247461903,4430
3053,Robert C. Marshall,i_organization,North America,PSU,15,1141,18,1155,266.46951045100826,1516,844.0,1406,35,1061,4,749,9,991,19.5,1041,4,656,18,1177,11.5,1143,866.9626142239905,896,196.87819990864705,1626,969.3909995432352,955
3054,Joris Pinkse,econometrics,North America,PSU,14,1239,18,1155,437.5431407301456,1044,1338.0,1042,31,1232,3,924,14,640,17.0,1221,3,816,18,1177,12.0,1098,1380.7538481559154,740,320.05520024121984,1139,1272.2208009648791,846
3055,Bee-Yan Roberts,i_trade,North America,PSU,16,1038,21,998,788.2601093547738,618,2272.0,697,30,1275,2,1169,7,1234,16.0,1305,2,1039,21,1017,11.5,1143,1582.6101760818542,704,598.1618907645808,631,1791.4856722937425,706
3056,Mark Roberts,i_organization,North America,PSU,25,490,28,696,1667.4804346678254,266,5313.0,324,33,1137,7,445,14,640,20.0,1011,7,384,28,718,18.0,684,21200.67068686436,178,610.8269619684103,616,4838.615695747282,404
3057,Conor Ryan,i_organization,North America,PSU,3,3600,3,3094,36.23534186398688,3403,63.0,3415,4,3855,0,3283,2,2431,2.0,3907,0,3203,3,3149,1.5,3437,18.11767093199344,3494,36.23534186398688,3296,37.23534186398688,3425
3058,Karl Schurter,multiple-field,North America,PSU,3,3600,3,3094,43.8520238985614,3253,73.0,3328,4,3855,0,3283,0,3965,2.0,3907,0,3203,3,3149,1.5,3437,21.9260119492807,3356,43.8520238985614,3127,44.8520238985614,3291
3059,Bradley Setzler,labor,North America,PSU,4,3256,4,2824,107.37783756436892,2433,200.0,2615,5,3656,3,924,4,1786,4.0,3242,3,816,4,2882,3.5,2589,524.6881122882328,1068,29.0,3440,108.0,2568
3060,Ran Shorrer,micro_theory,North America,PSU,6,2677,5,2603,60.852280154485584,2980,161.0,2794,18,1994,3,924,6,1392,10.5,1890,2,1039,6,2464,5.5,2026,166.03155911364652,1734,44.01219330881976,3121,168.048773235279,2195
3061,Ron Siegel,micro_theory,North America,PSU,11,1625,11,1709,244.0962924749165,1608,543.0,1754,21,1766,5,627,7,1234,13.0,1571,4,656,12,1632,8.5,1487,1297.0229716626493,760,81.24303246854758,2545,463.4581948112855,1375
3062,James Tybout,multiple-field,North America,PSU,21,669,23,906,1803.934588614565,244,4590.0,380,38,953,4,749,8,1097,21.0,953,4,656,23,925,14.5,901,9372.132601189836,320,837.8435104982229,443,4174.2175524911145,443
3063,Ewout Verriest,micro_theory,North America,PSU,2,3967,2,3404,32.57299494980466,3479,41.0,3682,3,4085,1,1576,3,2072,2.0,3907,1,1424,2,3459,2.0,3174,36.0,2975,11.0,4001,22.0,3749
3064,Kai-Jie Wu,labor,North America,PSU,1,4388,0,4385,4.0,4388,4.0,4413,1,4577,0,3283,0,3965,0.5,4588,0,3203,0,4408,0.0,4504,2.0,4394,4.0,4349,5.0,4360
3065,Stephen Yeaple,i_trade,North America,PSU,19,797,20,1048,2372.801087322745,167,5481.0,313,22,1700,5,627,11,832,13.5,1526,5,545,20,1065,13.0,1007,8201.668217607905,347,924.548258657478,405,5523.289551944868,378
3066,Ruilin Zhou,micro_theory,North America,PSU,7,2425,7,2254,119.63695081370136,2326,275.0,2341,11,2737,2,1169,10,906,6.5,2616,2,1039,7,2299,6.0,1923,226.09212228892463,1498,103.82828683622247,2293,308.48486050866745,1698
3067,Kenneth Judd,multiple-field,North America,PSU,27,420,50,291,792.480283666414,614,3111.0,537,76,341,7,445,19,415,41.5,325,5,545,52,280,31.0,292,2381.381197311749,595,779.9663640806112,479,6191.73091264489,342
3068,Herman Bierens,econometrics,North America,PSU,20,726,28,696,497.84134018781526,930,1752.0,837,40,899,1,1576,12,763,20.5,981,1,1424,28,718,14.5,901,430.2867132060297,1167,455.5734264120594,811,911.1468528241188,993
3069,Russell Chuderewicz,finance,North America,PSU,2,3967,0,4385,8.602325267042627,4145,12.0,4154,2,4322,0,3283,0,3965,1.0,4350,0,3203,0,4408,0.0,4504,4.301162633521313,4161,8.602325267042627,4089,9.602325267042628,4121
3070,Irwin Feller,multiple-field,North America,PSU,21,669,34,548,501.0289412798426,923,1790.0,826,61,505,1,1576,1,2917,31.0,565,0,3203,35,538,18.0,684,252.5124747392832,1436,502.0249494785664,743,1004.0498989571328,942
3071,Ronald Gallant,econometrics,North America,PSU,37,189,58,227,1238.7772196807623,377,6203.0,267,91,245,2,1169,44,75,46.5,267,2,1039,58,228,39.5,174,813.9763375682203,914,1238.4691666192084,289,3712.407499857625,475
3072,Raymond Lombra,multiple-field,North America,PSU,6,2677,5,2603,52.744667976962376,3088,146.0,2856,20,1840,1,1576,1,2917,10.5,1890,1,1424,5,2654,3.0,2752,41.96497546563985,2845,50.92995093127971,2986,101.85990186255944,2625
3073,Jon P. Nelson,multiple-field,North America,PSU,28,386,43,396,651.9340457438927,740,2592.0,630,69,414,0,3283,4,1786,34.5,474,0,3203,43,408,21.5,536,325.9670228719464,1302,651.9340457438927,574,652.9340457438927,1178
3074,John Riew,p_finance,North America,PSU,1,4388,1,3809,36.013886210738214,3407,37.0,3719,4,3855,0,3283,0,3965,2.0,3907,0,3203,1,3860,0.5,4086,18.006943105369107,3497,36.013886210738214,3301,37.01388621073821,3428
3075,David Shapiro,development,North America,PSU,14,1239,18,1155,173.05779381466758,1963,665.0,1601,30,1275,0,3283,0,3965,15.0,1386,0,3203,18,1177,9.0,1418,86.52889690733379,2261,173.05779381466758,1769,174.05779381466758,2170
3076,Neil Wallace,multiple-field,North America,PSU,23,568,35,527,514.7193410005107,900,2016.0,759,52,637,9,329,37,116,30.5,577,8,320,36,514,26.5,389,4738.872323315558,445,417.264620068896,886,4092.64620068896,450
3077,Austin Boyle,labor,North America,PSU,2,3967,2,3404,111.8257573191436,2386,149.0,2836,2,4322,0,3283,0,3965,1.0,4350,0,3203,2,3459,1.0,3730,55.9128786595718,2606,111.8257573191436,2206,112.8257573191436,2527
3078,Dave Brown,i_organization,North America,PSU,1,4388,1,3809,26.0,3630,26.0,3893,1,4577,0,3283,0,3965,0.5,4588,0,3203,1,3860,0.5,4086,13.0,3683,26.0,3523,27.0,3622
3079,William Goffe,other,North America,PSU,6,2677,6,2423,1289.1349812955973,356,1495.0,951,15,2273,0,3283,1,2917,7.5,2418,0,3203,6,2464,3.0,2752,644.5674906477986,1001,1289.1349812955973,274,1290.1349812955973,838
3080,Yong Bao,econometrics,North America,Purdue,12,1477,15,1353,184.0815036879045,1896,616.0,1665,48,712,0,3283,4,1786,24.0,802,0,3203,15,1379,8.5,1487,92.04075184395224,2205,184.0815036879045,1695,185.0815036879045,2117
3081,Timothy Bond,labor,North America,Purdue,6,2677,5,2603,195.36376327251685,1827,335.0,2180,14,2384,2,1169,7,1234,8.0,2304,1,1424,6,2464,5.0,2147,257.21465357793977,1428,96.45633912025174,2381,286.3690173607552,1764
3082,Jim Bullard,macro,North America,Purdue,20,726,30,633,446.3574800538241,1027,1475.0,964,59,532,1,1576,20,383,30.0,588,1,1424,30,649,18.0,684,247.8284093198172,1446,446.6568186396344,834,893.3136372792688,1002
3083,Jillian Carr,p_finance,North America,Purdue,7,2425,6,2423,133.285408053545,2213,277.0,2336,7,3309,0,3283,2,2431,3.5,3382,0,3203,6,2464,3.0,2752,66.6427040267725,2460,133.285408053545,2031,134.285408053545,2371
3084,Josh Chan,econometrics,North America,Purdue,25,490,40,441,370.7074318111252,1192,1904.0,790,65,467,0,3283,18,453,32.5,531,0,3203,40,448,22.0,518,185.35371590556255,1642,370.7074318111252,991,371.7074318111252,1542
3085,Mario Crucini,multiple-field,North America,Purdue,17,948,18,1155,622.5680685676065,774,1779.0,829,30,1275,2,1169,12,763,16.0,1305,2,1039,18,1177,11.0,1189,1200.2118780284004,782,478.1837880482703,775,1431.5513641448108,787
3086,Mike Eriksen,multiple-field,North America,Purdue,11,1625,12,1604,148.35430563350698,2102,469.0,1890,24,1571,0,3283,2,2431,12.0,1681,0,3203,12,1632,6.0,1923,74.17715281675349,2379,148.35430563350698,1925,149.35430563350698,2283
3087,Melanie Fox,other,North America,Purdue,0,4667,0,4385,0.0,4667,0.0,4667,2,4322,0,3283,0,3965,1.0,4350,0,3203,0,4408,0.0,4504,0.0,4667,0.0,4669,1.0,4669
3088,David Gill,multiple-field,North America,Purdue,19,797,21,998,631.6351795142509,763,1847.0,813,29,1320,3,924,12,763,16.0,1305,3,816,21,1017,13.0,1007,1594.4665186873704,703,469.8939922509177,789,1871.5759690036707,689
3089,Aaron Hedlund,macro,North America,Purdue,5,2944,5,2603,78.96834808959854,2719,178.0,2715,11,2737,1,1576,2,2431,6.0,2731,1,1424,5,2654,3.0,2752,82.80972058177586,2297,58.61944116355173,2870,117.23888232710348,2498
3090,Russ Hillberry,i_trade,North America,Purdue,14,1239,17,1215,607.3145807569583,786,1353.0,1030,24,1571,1,1576,4,1786,12.5,1623,1,1424,17,1241,9.5,1356,678.9299056317408,980,264.85981126348133,1333,529.7196225269627,1294
3091,Seungki Hong,macro,North America,Purdue,1,4388,0,4385,8.0,4180,8.0,4272,1,4577,0,3283,0,3965,0.5,4588,0,3203,0,4408,0.0,4504,4.0,4196,8.0,4126,9.0,4155
3092,Stanton Hudja,behavior-experiment,North America,Purdue,4,3256,4,2824,100.89103032480142,2496,167.0,2764,8,3159,0,3283,0,3965,4.0,3242,0,3203,4,2882,2.0,3174,50.44551516240071,2698,100.89103032480142,2328,101.89103032480142,2624
3093,David Hummels,i_trade,North America,Purdue,23,568,29,665,2249.310338748301,175,6385.0,261,37,989,6,525,11,832,21.5,923,6,456,29,684,18.0,684,12011.521388804533,272,1946.3177574820056,144,13589.22430237404,185
3094,Mohitosh Kejriwal,econometrics,North America,Purdue,9,1992,9,1961,192.3694362418313,1848,514.0,1801,20,1840,0,3283,2,2431,10.0,1962,0,3203,9,2003,4.5,2297,96.18471812091563,2163,192.3694362418313,1652,193.3694362418313,2075
3095,Bettina Klose,micro_theory,North America,Purdue,3,3600,1,3809,22.0454076850486,3736,30.0,3824,3,4085,0,3283,0,3965,1.5,4125,0,3203,1,3860,0.5,4086,11.0227038425243,3776,22.0454076850486,3638,23.0454076850486,3720
3096,Matt Kovach,micro_theory,North America,Purdue,3,3600,3,3094,20.688160865577203,3778,42.0,3670,7,3309,1,1576,1,2917,4.0,3242,1,1424,3,3149,2.0,3174,20.426149773176355,3410,17.852299546352718,3770,35.70459909270544,3452
3097,Stephen Martin,i_organization,North America,Purdue,15,1141,21,998,428.7645041278488,1061,1129.0,1174,55,582,0,3283,5,1568,27.5,661,0,3203,21,1017,12.0,1098,214.3822520639244,1528,428.7645041278488,865,429.7645041278488,1435
3098,Jonathon Mcclure,i_organization,North America,Purdue,1,4388,0,4385,1.0,4570,1.0,4570,1,4577,0,3283,0,3965,0.5,4588,0,3203,0,4408,0.0,4504,0.5,4572,1.0,4561,2.0,4561
3099,Tim Moore,multiple-field,North America,Purdue,11,1625,12,1604,160.1624175641714,2038,488.0,1855,22,1700,1,1576,7,1234,11.5,1753,0,3203,13,1535,7.5,1649,86.02499609497022,2266,161.04999218994044,1843,322.0999843798809,1669
3100,Kevin Mumford,labor,North America,Purdue,12,1477,12,1604,531.4753051647838,878,982.0,1288,20,1840,1,1576,3,2072,10.5,1890,1,1424,12,1632,7.0,1731,291.41947931529063,1374,531.8389586305813,704,1063.6779172611623,916
3101,Seunghoon Na,macro,North America,Purdue,1,4388,1,3809,45.0,3225,45.0,3632,3,4085,1,1576,2,2431,2.0,3907,1,1424,1,3860,1.5,3437,45.00000000000001,2789,1.0,4561,2.0,4561
3102,Victoria Prowse,behavior-experiment,North America,Purdue,10,1802,10,1828,453.2284192325102,1009,982.0,1288,17,2079,3,924,8,1097,10.0,1962,3,816,10,1859,7.5,1649,1439.1908088504204,726,159.34257257701756,1851,629.3702903080703,1199
3103,Brian Roberson,micro_theory,North America,Purdue,12,1477,14,1430,352.38898961233167,1234,738.0,1510,20,1840,0,3283,3,2072,10.0,1962,0,3203,14,1453,7.5,1649,176.19449480616584,1674,352.38898961233167,1027,353.38898961233167,1576
3104,Yaroslav Rosokha,behavior-experiment,North America,Purdue,6,2677,5,2603,75.58438992278762,2764,157.0,2808,14,2384,1,1576,3,2072,7.5,2418,0,3203,6,2464,3.5,2589,44.62977544445356,2797,76.25955088890711,2610,152.51910177781423,2267
3105,Ralph Siebert,i_organization,North America,Purdue,8,2197,8,2100,112.42330719205872,2381,315.0,2236,23,1634,0,3283,4,1786,11.5,1753,0,3203,8,2146,5.0,2147,56.21165359602936,2604,112.42330719205872,2200,113.42330719205872,2524
3106,Anson Soderbery,i_trade,North America,Purdue,8,2197,8,2100,125.29964086141668,2270,292.0,2291,13,2492,0,3283,2,2431,6.5,2616,0,3203,8,2146,4.0,2445,62.64982043070834,2511,125.29964086141668,2092,126.29964086141668,2429
3107,Elchin Suleymanov,micro_theory,North America,Purdue,3,3600,1,3809,46.96807426326952,3191,62.0,3427,6,3475,1,1576,2,2431,3.5,3382,1,1424,1,3860,1.5,3437,50.74341649025257,2695,10.486832980505138,4019,20.97366596101028,3783
3108,Justin Tobias,econometrics,North America,Purdue,17,948,23,906,345.3997683844041,1262,1243.0,1090,48,712,0,3283,8,1097,24.0,802,0,3203,23,925,12.5,1053,172.69988419220206,1696,345.3997683844041,1054,346.3997683844041,1602
3109,Benjamin Van Kammen,labor,North America,Purdue,1,4388,0,4385,1.0,4570,1.0,4570,1,4577,0,3283,0,3965,0.5,4588,0,3203,0,4408,0.0,4504,0.5,4572,1.0,4561,2.0,4561
3110,Andres Vargas,labor,North America,Purdue,2,3967,2,3404,42.731721238442994,3287,54.0,3505,3,4085,1,1576,1,2917,2.0,3907,1,1424,2,3459,1.5,3437,47.02079728939615,2752,13.041594578792296,3926,26.08318915758459,3638
3111,Chong Xiang,i_trade,North America,Purdue,10,1802,10,1828,344.7839903475798,1264,632.0,1645,14,2384,2,1169,5,1568,8.0,2304,2,1039,10,1859,7.0,1731,542.7397151254954,1052,126.81586437628832,2082,377.4475931288649,1529
3112,Cathy Zhang,multiple-field,North America,Purdue,6,2677,4,2824,72.80109889280519,2804,162.0,2789,10,2874,2,1169,4,1786,6.0,2731,1,1424,5,2654,4.0,2445,121.44823218581836,1984,59.29746940310715,2864,174.89240820932145,2163
3113,Ben Zou,labor,North America,Purdue,8,2197,8,2100,183.67090134259155,1900,415.0,1986,11,2737,0,3283,5,1568,5.5,2853,0,3203,8,2146,5.0,2147,91.83545067129576,2207,183.67090134259155,1699,184.67090134259155,2119
3114,Kerry Back,finance,North America,Rice,16,1038,17,1215,277.82188538702275,1465,959.0,1309,27,1408,3,924,6,1392,15.0,1386,3,816,17,1241,10.0,1294,536.7506494611373,1056,258.44275288212816,1362,1025.7710115285126,931
3115,Zach Bethune,macro,North America,Rice,6,2677,3,3094,44.37341546466758,3242,97.0,3145,7,3309,3,924,4,1786,5.0,2983,1,1424,5,2654,4.0,2445,121.95802724619011,1978,41.96151947755632,3185,159.84607791022526,2236
3116,Nina Bobkova,micro_theory,North America,Rice,3,3600,0,4385,9.38083151964686,4111,18.0,4028,5,3656,2,1169,4,1786,3.5,3382,0,3203,2,3459,3.0,2752,19.4202013065896,3444,9.348469228349536,4054,25.0454076850486,3660
3117,Richard Boylan,multiple-field,North America,Rice,11,1625,12,1604,175.84083712266613,1943,548.0,1746,24,1571,0,3283,7,1234,12.0,1681,0,3203,12,1632,7.5,1649,87.92041856133307,2243,175.84083712266613,1744,176.84083712266613,2152
3118,Bryan Brown,econometrics,North America,Rice,5,2944,4,2824,107.03270528207722,2438,198.0,2623,8,3159,1,1576,3,2072,4.5,3116,1,1424,4,2882,2.5,2945,94.32183771339828,2180,97.64367542679656,2371,195.2873508535931,2069
3119,James Brown,p_finance,North America,Rice,0,4667,0,4385,0.0,4667,0.0,4667,1,4577,0,3283,0,3965,0.5,4588,0,3203,0,4408,0.0,4504,0.0,4667,0.0,4669,1.0,4669
3120,Rossella Calvi,development,North America,Rice,8,2197,8,2100,105.07140429250958,2454,232.0,2495,8,3159,1,1576,6,1392,4.5,3116,1,1424,8,2146,4.5,2297,115.88284313336452,2020,62.76568626672904,2811,125.53137253345808,2439
3121,Chase Coleman,other,North America,Rice,2,3967,1,3809,13.0,4006,21.0,3971,4,3855,0,3283,0,3965,2.0,3907,0,3203,1,3860,0.5,4086,6.5,4025,13.0,3930,14.0,3977
3122,Maura Coughlin,p_finance,North America,Rice,1,4388,1,3809,33.0,3469,33.0,3785,3,4085,1,1576,1,2917,2.0,3907,1,1424,1,3860,1.0,3730,33.0,3051,1.0,4561,2.0,4561
3123,Flávio Cunha,labor,North America,Rice,15,1141,18,1155,2344.30927993727,168,5332.0,320,27,1408,3,924,10,906,15.0,1386,2,1039,19,1119,11.5,1143,5944.528063821297,395,1259.84923519092,283,5031.39694076368,395
3124,James Denicco,labor,North America,Rice,2,3967,0,4385,8.246211251235321,4163,10.0,4201,2,4322,0,3283,0,3965,1.0,4350,0,3203,0,4408,0.0,4504,4.123105625617661,4179,8.246211251235321,4106,9.24621125123532,4138
3125,Amy Dittmar,finance,North America,Rice,15,1141,15,1353,2059.97961154959,200,4882.0,361,15,2273,1,1576,7,1234,8.0,2304,1,1424,15,1379,8.0,1567,1981.7453436201668,645,1732.4906872403328,174,3464.9813744806656,497
3126,Jeff Dominitz,multiple-field,North America,Rice,14,1239,15,1353,376.7041279306612,1178,1128.0,1176,21,1766,1,1576,7,1234,11.0,1825,1,1424,15,1379,8.5,1487,205.16017113087457,1568,377.3203422617492,973,754.6406845234983,1096
3127,Marc Dudey,i_organization,North America,Rice,2,3967,1,3809,39.20459156782532,3346,43.0,3658,2,4322,1,1576,2,2431,1.5,4125,1,1424,1,3860,1.5,3437,41.0,2857,5.0,4288,10.0,4105
3128,Mahmoud Amin El-Gamal,multiple-field,North America,Rice,14,1239,16,1280,345.4142440606641,1261,971.0,1298,36,1023,0,3283,3,2072,18.0,1148,0,3203,16,1309,8.5,1487,172.70712203033204,1695,345.4142440606641,1053,346.4142440606641,1601
3129,Hülya Eraslan,micro_theory,North America,Rice,14,1239,15,1353,206.5865436082418,1765,650.0,1620,23,1634,3,924,14,640,13.0,1571,3,816,15,1379,10.5,1239,644.8833239167834,999,163.80111939908875,1823,647.204477596355,1184
3130,Jeremy Fox,econometrics,North America,Rice,17,948,18,1155,245.9105528439152,1596,874.0,1379,22,1700,4,749,11,832,13.0,1571,3,816,19,1119,11.5,1143,711.7925561844365,954,202.723425896395,1599,998.6171294819752,944
3131,Peter Hartley,multiple-field,North America,Rice,14,1239,16,1280,233.72847494475292,1654,807.0,1430,44,790,0,3283,2,2431,22.0,892,0,3203,16,1309,8.5,1487,116.86423747237647,2013,233.72847494475292,1456,234.72847494475292,1923
3132,Vivian Ho,multiple-field,North America,Rice,30,323,61,204,1765.6910828341406,251,5001.0,348,99,200,0,3283,3,2072,49.5,228,0,3203,61,209,30.5,304,882.8455414170703,885,1765.6910828341406,170,1766.6910828341406,713
3133,Yunmi Kong,i_organization,North America,Rice,3,3600,2,3404,30.512292604784715,3518,49.0,3575,5,3656,3,924,4,1786,4.0,3242,1,1424,4,2882,3.5,2589,82.74901573277508,2298,19.0,3735,68.0,2965
3134,Ted Loch-Temzelides,multiple-field,North America,Rice,15,1141,24,859,502.0836583678063,921,1236.0,1094,43,813,3,924,11,832,23.0,848,3,816,24,876,14.0,936,605.8342032743624,1019,497.8019805942576,752,1983.2079223770304,668
3135,Mallesh Pai,micro_theory,North America,Rice,14,1239,17,1215,265.9229211632574,1519,801.0,1433,33,1137,4,749,7,1234,18.5,1111,3,816,18,1177,11.5,1143,234.5545780814359,1474,269.1961538182634,1322,1330.980769091317,825
3136,Isabelle Perrigne,i_organization,North America,Rice,15,1141,15,1353,465.4406514261512,984,1275.0,1075,27,1408,8,386,14,640,17.5,1186,6,456,17,1241,13.0,1007,3594.2014167077737,509,220.6687565205571,1507,1923.018808685014,678
3137,Guillaume A. Pouliot,econometrics,North America,Rice,3,3600,1,3809,33.896902513356586,3452,51.0,3547,6,3475,1,1576,2,2431,3.5,3382,0,3203,2,3459,2.0,3174,22.68082731761228,3327,34.36165463522455,3332,68.7233092704491,2954
3138,Shihan Shen,labor,North America,Rice,1,4388,1,3809,10.0,4097,10.0,4201,1,4577,0,3283,0,3965,0.5,4588,0,3203,1,3860,0.5,4086,5.0,4116,10.0,4036,11.0,4071
3139,Xun Tang,econometrics,North America,Rice,9,1992,9,1961,85.20563361656318,2652,254.0,2410,23,1634,6,525,19,415,14.5,1436,5,545,10,1859,12.5,1053,767.508974612975,929,44.45776904605882,3111,276.20438332241173,1800
3140,Kiana Yetkansani,multiple-field,North America,Rice,3,3600,1,3809,18.0,3855,30.0,3824,4,3855,0,3283,0,3965,2.0,3907,0,3203,1,3860,0.5,4086,9.0,3886,18.0,3762,19.0,3835
3141,George Zodrow,p_finance,North America,Rice,12,1477,13,1510,987.2127430295862,508,1479.0,962,43,813,0,3283,3,2072,21.5,923,0,3203,13,1535,7.5,1649,493.6063715147931,1101,987.2127430295862,377,988.2127430295862,946
3142,Malte Brettel,other,Europe,RWTH,50,78,102,66,1134.3425408579192,423,7697.0,204,193,44,0,3283,0,3965,96.5,52,0,3203,102,68,51.0,104,567.1712704289596,1039,1134.3425408579192,321,1135.3425408579192,889
3143,Wolfgang Breuer,finance,Europe,RWTH,13,1348,16,1280,271.57319455351256,1496,774.0,1469,97,212,0,3283,1,2917,48.5,239,0,3203,16,1309,8.5,1487,135.78659727675628,1900,271.57319455351256,1313,272.57319455351256,1812
3144,Christian Grund,labor,Europe,RWTH,17,948,23,906,202.7510789120492,1792,840.0,1408,56,569,0,3283,0,3965,28.0,646,0,3203,23,925,11.5,1143,101.3755394560246,2118,202.7510789120492,1598,203.7510789120492,2033
3145,Christine Harbring,behavior-experiment,Europe,RWTH,11,1625,13,1510,244.97142690526172,1604,727.0,1531,23,1634,0,3283,0,3965,11.5,1753,0,3203,13,1535,6.5,1818,122.48571345263088,1975,244.97142690526172,1415,245.97142690526172,1887
3146,Thomas Kittsteiner,micro_theory,Europe,RWTH,10,1802,10,1828,90.9065454189081,2593,278.0,2332,14,2384,0,3283,3,2072,7.0,2517,0,3203,10,1859,5.0,2147,45.45327270945405,2784,90.9065454189081,2434,91.9065454189081,2710
3147,Peter Letmathe,other,Europe,RWTH,20,726,33,565,357.7582982964896,1220,1503.0,948,79,311,0,3283,0,3965,39.5,366,0,3203,33,579,16.5,766,178.87914914824478,1664,357.7582982964896,1015,358.7582982964896,1567
3148,Thomas Lontzek,multiple-field,Europe,RWTH,7,2425,5,2603,319.4855239287064,1333,677.0,1582,15,2273,1,1576,2,2431,8.0,2304,1,1424,5,2654,3.5,2589,320.30082482058,1314,255.60164964116004,1373,511.2032992823201,1319
3149,Oliver Lorz,multiple-field,Europe,RWTH,7,2425,5,2603,61.26173356998641,2975,193.0,2644,29,1320,0,3283,2,2431,14.5,1436,0,3203,5,2654,3.5,2589,30.63086678499321,3119,61.26173356998641,2843,62.26173356998641,3043
3150,Marco Lübbecke,other,Europe,RWTH,21,669,33,565,911.244753071314,551,2405.0,665,58,546,0,3283,0,3965,29.0,616,0,3203,33,579,16.5,766,455.622376535657,1139,911.244753071314,413,912.244753071314,992
3151,Reinhard Madlener,multiple-field,Europe,RWTH,45,105,131,39,1109.1077494995695,442,8118.0,192,217,33,0,3283,0,3965,108.5,37,0,3203,131,40,65.5,56,554.5538747497848,1046,1109.1077494995695,329,1110.1077494995695,901
3152,Maria Mercedes Movsessian,multiple-field,Europe,RWTH,2,3967,2,3404,22.360679774997894,3728,30.0,3824,3,4085,0,3283,0,3965,1.5,4125,0,3203,2,3459,1.0,3730,11.180339887498947,3767,22.360679774997894,3627,23.360679774997894,3711
3153,Sven Müller,other,Europe,RWTH,13,1348,18,1155,242.462368214121,1616,764.0,1476,29,1320,0,3283,0,3965,14.5,1436,0,3203,18,1177,9.0,1418,121.2311841070605,1987,242.462368214121,1425,243.462368214121,1899
3155,Britta Peis,other,Europe,RWTH,11,1625,15,1353,72.8834686331544,2801,338.0,2173,56,569,0,3283,0,3965,28.0,646,0,3203,15,1379,7.5,1649,36.4417343165772,2961,72.8834686331544,2656,73.8834686331544,2890
3156,Frank Piller,other,Europe,RWTH,40,151,68,166,1758.1950972517243,253,8418.0,181,126,111,0,3283,0,3965,63.0,138,0,3203,68,173,34.0,243,879.0975486258621,888,1758.1950972517243,172,1759.1950972517243,718
3157,Aaron Praktiknjo,other,Europe,RWTH,24,528,33,565,392.7874743420416,1139,1700.0,857,53,615,0,3283,0,3965,26.5,696,0,3203,33,579,16.5,766,196.3937371710208,1598,392.7874743420416,930,393.7874743420416,1500
3158,Kai Reimers,other,Europe,RWTH,11,1625,11,1709,91.26883367283708,2590,346.0,2146,53,615,0,3283,0,3965,26.5,696,0,3203,11,1737,5.5,2026,45.63441683641854,2780,91.26883367283708,2431,92.26883367283708,2707
3159,Torsten-Oliver Salge,other,Europe,RWTH,27,420,38,469,547.1937499643066,862,2779.0,583,72,385,0,3283,0,3965,36.0,438,0,3203,38,480,19.0,627,273.5968749821533,1402,547.1937499643066,687,548.1937499643066,1283
3160,Michael Schneider,other,Europe,RWTH,26,451,40,441,1399.634952407234,326,4222.0,411,52,637,0,3283,0,3965,26.0,718,0,3203,40,448,20.0,589,699.8174762036169,964,1399.634952407234,248,1400.634952407234,796
3161,Lisa Spantig,multiple-field,Europe,RWTH,4,3256,4,2824,136.7808466123821,2185,229.0,2502,7,3309,0,3283,2,2431,3.5,3382,0,3203,4,2882,2.5,2945,68.39042330619105,2441,136.7808466123821,2008,137.7808466123821,2350
3162,Laura Vargas Koch,other,Europe,RWTH,5,2944,2,3404,39.14077158156185,3348,100.0,3122,20,1840,0,3283,0,3965,10.0,1962,0,3203,2,3459,1.0,3730,19.570385790780925,3437,39.14077158156185,3234,40.14077158156185,3374
3163,Sandra Venghaus,other,Europe,RWTH,19,797,26,777,296.11990814533226,1403,1207.0,1115,60,517,0,3283,0,3965,30.0,588,0,3203,26,797,13.0,1007,148.05995407266613,1821,296.11990814533226,1206,297.11990814533226,1735
3164,Rüdiger Von Nitzsch,multiple-field,Europe,RWTH,6,2677,4,2824,38.58756276314948,3357,115.0,3034,22,1700,0,3283,0,3965,11.0,1825,0,3203,4,2882,2.0,3174,19.29378138157474,3448,38.58756276314948,3245,39.58756276314948,3384
3165,Grit Walther,other,Europe,RWTH,30,323,49,305,562.2526122660526,835,2896.0,565,87,263,0,3283,0,3965,43.5,299,0,3203,49,313,24.5,444,281.1263061330263,1392,562.2526122660526,666,563.2526122660526,1263
3166,Daniel Wentzel,other,Europe,RWTH,19,797,25,816,488.07581378306384,942,1694.0,858,51,654,0,3283,0,3965,25.5,733,0,3203,25,834,12.5,1053,244.03790689153192,1455,488.07581378306384,759,489.07581378306384,1342
3167,Claudia Nadler,finance,Europe,RWTH,5,2944,4,2824,72.04859471218019,2814,141.0,2888,7,3309,0,3283,0,3965,3.5,3382,0,3203,4,2882,2.0,3174,36.024297356090095,2974,72.04859471218019,2672,73.04859471218019,2903
3168,Olivier Baguelin,labor,Europe,Saclay,2,3967,1,3809,21.2602916254693,3751,28.0,3857,10,2874,0,3283,0,3965,5.0,2983,0,3203,1,3860,0.5,4086,10.63014581273465,3790,21.2602916254693,3655,22.2602916254693,3735
3169,Jean-Paul Barinci,macro,Europe,Saclay,2,3967,1,3809,22.60530911091463,3719,33.0,3785,5,3656,0,3283,1,2917,2.5,3719,0,3203,1,3860,0.5,4086,11.302654555457314,3759,22.60530911091463,3615,23.60530911091463,3703
3170,Inessa Benchora,finance,Europe,Saclay,2,3967,0,4385,5.0,4330,7.0,4303,2,4322,0,3283,0,3965,1.0,4350,0,3203,0,4408,0.0,4504,2.5,4337,5.0,4288,6.0,4300
3171,Ugo Bolletta,micro_theory,Europe,Saclay,1,4388,0,4385,4.0,4388,4.0,4413,3,4085,0,3283,1,2917,1.5,4125,0,3203,0,4408,0.5,4086,2.0,4394,4.0,4349,5.0,4360
3172,Olivier Bos,micro_theory,Europe,Saclay,3,3600,1,3809,17.578395831246947,3870,39.0,3705,13,2492,0,3283,1,2917,6.5,2616,0,3203,1,3860,1.0,3730,8.789197915623474,3900,17.578395831246947,3779,18.578395831246947,3849
3173,Stefano Bosi,macro,Europe,Saclay,11,1625,11,1709,62.51399843235114,2955,304.0,2257,59,532,0,3283,0,3965,29.5,601,0,3203,11,1737,5.5,2026,31.25699921617557,3101,62.51399843235114,2816,63.51399843235114,3024
3174,Juliana Caicedo Llano,finance,Europe,Saclay,2,3967,0,4385,3.872983346207417,4401,7.0,4303,6,3475,0,3283,0,3965,3.0,3545,0,3203,0,4408,0.0,4504,1.9364916731037085,4406,3.872983346207417,4363,4.872983346207417,4372
3175,Matthieu Crozet,i_trade,Europe,Saclay,14,1239,16,1280,447.43491146757873,1023,1382.0,1010,23,1634,1,1576,3,2072,12.0,1681,1,1424,16,1309,8.5,1487,408.2796238844752,1190,395.5592477689504,920,791.1184955379008,1071
3176,Jean De Beir,multiple-field,Europe,Saclay,2,3967,0,4385,7.3484692283495345,4200,16.0,4062,8,3159,0,3283,0,3965,4.0,3242,0,3203,0,4408,0.0,4504,3.6742346141747673,4217,7.3484692283495345,4148,8.348469228349535,4174
3177,Daniel Diatkine,history,Europe,Saclay,2,3967,1,3809,28.39013913315678,3573,38.0,3711,17,2079,0,3283,0,3965,8.5,2203,0,3203,1,3860,0.5,4086,14.19506956657839,3634,28.39013913315678,3462,29.39013913315678,3573
3178,Michael Greinecker,micro_theory,Europe,Saclay,4,3256,1,3809,16.401219466856727,3908,37.0,3719,8,3159,1,1576,2,2431,4.5,3116,1,1424,1,3860,1.5,3437,17.08276253029822,3528,13.16552506059644,3922,26.33105012119288,3633
3179,Michel Guillard,macro,Europe,Saclay,2,3967,2,3404,41.80908992073375,3306,56.0,3480,6,3475,0,3283,1,2917,3.0,3545,0,3203,2,3459,1.0,3730,20.904544960366877,3401,41.80908992073375,3187,42.80908992073375,3335
3180,Thai Ha-Huy,macro,Europe,Saclay,4,3256,0,4385,16.24807680927192,3912,50.0,3563,23,1634,0,3283,0,3965,11.5,1753,0,3203,0,4408,0.0,4504,8.12403840463596,3938,16.24807680927192,3825,17.24807680927192,3886
3181,Jérôme Héricourt,multiple-field,Europe,Saclay,10,1802,10,1828,277.06316969240066,1471,644.0,1629,22,1700,0,3283,3,2072,11.0,1825,0,3203,10,1859,5.0,2147,138.53158484620033,1881,277.06316969240066,1283,278.06316969240066,1796
3182,Eleni Iliopulos,macro,Europe,Saclay,2,3967,1,3809,11.0,4067,21.0,3971,9,3018,0,3283,2,2431,4.5,3116,0,3203,1,3860,1.5,3437,5.5,4085,11.0,4001,12.0,4041
3183,Marlène Isoré,macro,Europe,Saclay,3,3600,2,3404,35.24202037341219,3421,52.0,3533,3,4085,0,3283,0,3965,1.5,4125,0,3203,2,3459,1.0,3730,17.621010186706094,3509,35.24202037341219,3315,36.24202037341219,3442
3184,Ekaterina Kalugina,labor,Europe,Saclay,4,3256,3,3094,38.84584919911006,3353,67.0,3375,6,3475,0,3283,0,3965,3.0,3545,0,3203,3,3149,1.5,3437,19.42292459955503,3443,38.84584919911006,3240,39.84584919911006,3379
3185,Hubert Kempf,multiple-field,Europe,Saclay,11,1625,14,1430,94.19660291114536,2556,341.0,2163,42,840,1,1576,12,763,21.5,923,1,1424,14,1453,10.5,1239,82.64094276631323,2299,86.28188553262645,2486,172.5637710652529,2179
3186,Thierry Laurent,labor,Europe,Saclay,3,3600,2,3404,44.19275958796871,3247,69.0,3358,9,3018,0,3283,0,3965,4.5,3116,0,3203,2,3459,1.0,3730,22.096379793984354,3350,44.19275958796871,3118,45.19275958796871,3283
3187,Samuel Ligonnière,multiple-field,Europe,Saclay,2,3967,2,3404,22.71563338320109,3712,34.0,3769,5,3656,0,3283,1,2917,2.5,3719,0,3203,2,3459,1.0,3730,11.357816691600547,3752,22.71563338320109,3608,23.71563338320109,3697
3188,Claire Loupias,macro,Europe,Saclay,6,2677,3,3094,32.38826948140329,3484,81.0,3257,11,2737,0,3283,1,2917,5.5,2853,0,3203,3,3149,1.5,3437,16.194134740701646,3558,32.38826948140329,3377,33.38826948140329,3494
3189,Vincent Martinet,multiple-field,Europe,Saclay,15,1141,19,1100,229.1942407653386,1664,840.0,1408,37,989,0,3283,2,2431,18.5,1111,0,3203,19,1119,10.0,1294,114.5971203826693,2025,229.1942407653386,1469,230.1942407653386,1932
3190,François Pannequin,behavior-experiment,Europe,Saclay,6,2677,4,2824,38.45776904605882,3361,99.0,3133,14,2384,0,3283,0,3965,7.0,2517,0,3203,4,2882,2.0,3174,19.22888452302941,3452,38.45776904605882,3249,39.45776904605882,3388
3191,Fabrice Pansard,i_finance,Europe,Saclay,1,4388,0,4385,2.449489742783178,4457,4.0,4413,3,4085,0,3283,0,3965,1.5,4125,0,3203,0,4408,0.0,4504,1.224744871391589,4460,2.449489742783178,4430,3.449489742783178,4432
3192,Natacha Raffin,multiple-field,Europe,Saclay,6,2677,3,3094,128.76334882255898,2246,202.0,2605,12,2609,0,3283,1,2917,6.0,2731,0,3203,3,3149,2.0,3174,64.38167441127949,2493,128.76334882255898,2066,129.76334882255898,2402
3193,Maria-Eugenia Sanin,multiple-field,Europe,Saclay,9,1992,9,1961,97.0721381241806,2535,233.0,2491,23,1634,0,3283,1,2917,11.5,1753,0,3203,9,2003,5.0,2147,48.53606906209031,2734,97.0721381241806,2377,98.0721381241806,2667
3194,Thomas Vendryes,development,Europe,Saclay,8,2197,8,2100,63.30876716537765,2937,184.0,2679,18,1994,0,3283,0,3965,9.0,2114,0,3203,8,2146,4.0,2445,31.654383582688823,3087,63.30876716537765,2800,64.30876716537765,3010
3195,Natalia Zugravu-Soilita,i_trade,Europe,Saclay,6,2677,6,2423,228.1183903152045,1669,418.0,1982,7,3309,0,3283,0,3965,3.5,3382,0,3203,6,2464,3.0,2752,114.05919515760226,2028,228.1183903152045,1476,229.1183903152045,1935
3196,Sarah Brown,labor,Europe,Sheffield,26,451,47,332,511.6571117457472,906,2465.0,653,93,233,0,3283,1,2917,46.5,267,0,3203,47,340,24.0,461,255.8285558728736,1432,511.6571117457472,729,512.6571117457472,1317
3197,Raslan Alzuabi,finance,Europe,Sheffield,3,3600,0,4385,8.602325267042627,4145,14.0,4102,7,3309,0,3283,0,3965,3.5,3382,0,3203,0,4408,0.0,4504,4.301162633521313,4161,8.602325267042627,4089,9.602325267042628,4121
3198,Mark Bryan,labor,Europe,Sheffield,16,1038,23,906,894.4540234131657,560,2036.0,754,28,1363,0,3283,3,2072,14.0,1485,0,3203,23,925,11.5,1143,447.22701170658286,1151,894.4540234131657,420,895.4540234131657,1001
3199,Andrew Bryce,labor,Europe,Sheffield,4,3256,2,3404,46.95742752749558,3192,77.0,3292,6,3475,0,3283,0,3965,3.0,3545,0,3203,2,3459,1.0,3730,23.47871376374779,3304,46.95742752749558,3064,47.95742752749558,3235
3200,Andrew Burlinson,multiple-field,Europe,Sheffield,8,2197,8,2100,105.66456359631644,2448,243.0,2458,10,2874,0,3283,0,3965,5.0,2983,0,3203,8,2146,4.0,2445,52.83228179815821,2654,105.66456359631644,2268,106.66456359631644,2576
3201,Andy Dickerson,multiple-field,Europe,Sheffield,17,948,22,952,381.4957404742548,1168,1377.0,1014,31,1232,0,3283,3,2072,15.5,1343,0,3203,22,972,11.0,1189,190.74787023712744,1623,381.4957404742548,963,382.4957404742548,1522
3202,Georgios Efthyvoulou,political_econ,Europe,Sheffield,11,1625,12,1604,162.88953311984167,2019,493.0,1843,21,1766,0,3283,2,2431,10.5,1890,0,3203,12,1632,6.0,1923,81.44476655992084,2312,162.88953311984167,1833,163.88953311984167,2216
3203,Daniel Gray,finance,Europe,Sheffield,6,2677,5,2603,175.59897494006051,1945,327.0,2197,13,2492,0,3283,0,3965,6.5,2616,0,3203,5,2654,2.5,2945,87.79948747003026,2246,175.59897494006051,1746,176.59897494006051,2154
3204,Amairisa Kouki,labor,Europe,Sheffield,3,3600,1,3809,17.72004514666935,3865,26.0,3893,4,3855,0,3283,2,2431,2.0,3907,0,3203,1,3860,1.5,3437,8.860022573334675,3895,17.72004514666935,3773,18.72004514666935,3844
3205,Subhasish M. Chowdhury,multiple-field,Europe,Sheffield,17,948,24,859,205.2681173489931,1775,909.0,1346,49,693,0,3283,7,1234,24.5,776,0,3203,24,876,12.0,1098,102.63405867449654,2105,205.2681173489931,1577,206.2681173489931,2018
3206,Aidas Masiliunas,behavior-experiment,Europe,Sheffield,3,3600,3,3094,29.73213749463701,3541,54.0,3505,8,3159,0,3283,2,2431,4.0,3242,0,3203,3,3149,2.5,2945,14.866068747318506,3603,29.73213749463701,3428,30.73213749463701,3543
3207,Jesse Matheson,multiple-field,Europe,Sheffield,8,2197,7,2254,108.04628637764463,2425,262.0,2375,21,1766,0,3283,1,2917,10.5,1890,0,3203,7,2299,3.5,2589,54.02314318882232,2638,108.04628637764463,2244,109.04628637764463,2559
3208,Jolian Mchardy,multiple-field,Europe,Sheffield,6,2677,5,2603,163.79865689315037,2011,320.0,2217,20,1840,0,3283,0,3965,10.0,1962,0,3203,5,2654,2.5,2945,81.89932844657518,2304,163.79865689315037,1824,164.79865689315037,2211
3209,Steven Mcintosh,labor,Europe,Sheffield,15,1141,17,1215,351.8422942171677,1235,1069.0,1227,26,1461,0,3283,0,3965,13.0,1571,0,3203,17,1241,8.5,1487,175.92114710858385,1677,351.8422942171677,1029,352.8422942171677,1577
3210,Alberto Montagnoli,macro,Europe,Sheffield,13,1348,15,1353,180.04721602957375,1922,609.0,1673,31,1232,0,3283,1,2917,15.5,1343,0,3203,15,1379,7.5,1649,90.02360801478687,2226,180.04721602957375,1723,181.04721602957372,2135
3211,Greta Morando,labor,Europe,Sheffield,3,3600,0,4385,7.681145747868608,4191,15.0,4081,5,3656,0,3283,1,2917,2.5,3719,0,3203,0,4408,0.5,4086,3.840572873934304,4208,7.681145747868608,4137,8.681145747868609,4165
3212,Kostas Mouratidis,multiple-field,Europe,Sheffield,9,1992,9,1961,68.24954212300622,2869,232.0,2495,25,1518,0,3283,0,3965,12.5,1623,0,3203,9,2003,4.5,2297,34.12477106150311,3021,68.24954212300622,2723,69.24954212300622,2948
3213,Kanchana Nadarajah,econometrics,Europe,Sheffield,1,4388,0,4385,5.0990195135927845,4310,6.0,4335,2,4322,0,3283,1,2917,1.0,4350,0,3203,0,4408,0.5,4086,2.549509756796392,4319,5.0990195135927845,4266,6.0990195135927845,4276
3214,Panos Nanos,labor,Europe,Sheffield,1,4388,1,3809,19.0,3833,19.0,4007,2,4322,0,3283,1,2917,1.0,4350,0,3203,1,3860,0.5,4086,9.5,3862,19.0,3735,20.0,3814
3215,Antonio Navas,i_trade,Europe,Sheffield,6,2677,4,2824,88.52118390532291,2617,148.0,2842,10,2874,0,3283,0,3965,5.0,2983,0,3203,4,2882,2.0,3174,44.26059195266146,2808,88.52118390532291,2464,89.52118390532291,2735
3216,Kim Nguyen,multiple-field,Europe,Sheffield,2,3967,1,3809,12.529964086141668,4018,21.0,3971,5,3656,0,3283,0,3965,2.5,3719,0,3203,1,3860,0.5,4086,6.264982043070834,4037,12.529964086141668,3943,13.529964086141668,3991
3217,Chiara Orsini,labor,Europe,Sheffield,3,3600,1,3809,26.476404589747453,3617,43.0,3658,9,3018,0,3283,1,2917,4.5,3116,0,3203,1,3860,0.5,4086,13.238202294873728,3672,26.476404589747453,3509,27.476404589747453,3610
3218,Juan Paez-Farrell,macro,Europe,Sheffield,5,2944,4,2824,59.73273809227232,2992,124.0,2979,11,2737,0,3283,1,2917,5.5,2853,0,3203,4,2882,2.0,3174,29.86636904613616,3137,59.73273809227232,2856,60.73273809227232,3059
3219,Lucas Pahl,micro_theory,Europe,Sheffield,1,4388,0,4385,1.4142135623730951,4524,2.0,4502,6,3475,0,3283,2,2431,3.0,3545,0,3203,0,4408,1.0,3730,0.7071067811865476,4528,1.4142135623730951,4502,2.414213562373095,4502
3220,Indeewara Perera,econometrics,Europe,Sheffield,5,2944,3,3094,27.67670500619609,3595,66.0,3386,10,2874,0,3283,4,1786,5.0,2983,0,3203,3,3149,3.5,2589,13.838352503098047,3651,27.67670500619609,3484,28.67670500619609,3591
3221,Vito Polito,macro,Europe,Sheffield,7,2425,6,2423,53.1883445878888,3085,135.0,2930,12,2609,0,3283,2,2431,6.0,2731,0,3203,6,2464,3.0,2752,26.5941722939444,3216,53.1883445878888,2945,54.1883445878888,3141
3222,Gurleen Popli,labor,Europe,Sheffield,12,1477,12,1604,176.63238661128938,1935,497.0,1833,23,1634,0,3283,0,3965,11.5,1753,0,3203,12,1632,6.0,1923,88.31619330564469,2237,176.63238661128938,1739,177.63238661128938,2148
3223,Gwilym Pryce,multiple-field,Europe,Sheffield,18,872,29,665,194.92819190666089,1833,987.0,1282,70,404,0,3283,0,3965,35.0,460,0,3203,29,684,14.5,901,97.46409595333044,2146,194.92819190666089,1638,195.92819190666089,2064
3224,Matthew Rablen,p_finance,Europe,Sheffield,12,1477,16,1280,109.233694435371,2417,382.0,2062,28,1363,0,3283,5,1568,14.0,1485,0,3203,16,1309,8.5,1487,54.616847217685496,2631,109.233694435371,2235,110.233694435371,2551
3225,Cristina Sechel,labor,Europe,Sheffield,5,2944,2,3404,27.892651361962702,3592,60.0,3445,9,3018,0,3283,0,3965,4.5,3116,0,3203,2,3459,1.0,3730,13.946325680981351,3648,27.892651361962702,3480,28.892651361962702,3588
3226,Eleni Stathopoulou,multiple-field,Europe,Sheffield,4,3256,1,3809,17.349351572897472,3874,39.0,3705,7,3309,0,3283,0,3965,3.5,3382,0,3203,1,3860,0.5,4086,8.674675786448736,3904,17.349351572897472,3784,18.349351572897472,3852
3227,Karl Taylor,multiple-field,Europe,Sheffield,23,568,36,503,552.5260174869596,845,2367.0,675,58,546,0,3283,2,2431,29.0,616,0,3203,36,514,18.5,651,276.2630087434798,1396,552.5260174869596,679,553.5260174869596,1274
3228,Christoph Thoenissen,macro,Europe,Sheffield,10,1802,10,1828,161.36604351597643,2028,397.0,2027,18,1994,0,3283,4,1786,9.0,2114,0,3203,10,1859,5.0,2147,80.68302175798821,2319,161.36604351597643,1841,162.36604351597643,2227
3229,Aki Tsuchiya,p_finance,Europe,Sheffield,48,90,94,79,1264.4706402285503,369,7192.0,226,121,122,0,3283,25,268,60.5,151,0,3203,94,82,49.5,113,632.2353201142752,1008,1264.4706402285503,281,1265.4706402285503,848
3230,Mich Tvede,micro_theory,Europe,Sheffield,8,2197,6,2423,46.76537180435969,3194,189.0,2658,37,989,0,3283,8,1097,18.5,1111,0,3203,6,2464,6.0,1923,23.382685902179844,3306,46.76537180435969,3066,47.76537180435969,3238
3231,Nicolas Van De Sijpe,development,Europe,Sheffield,5,2944,4,2824,89.1403387922662,2609,180.0,2705,8,3159,0,3283,1,2917,4.0,3242,0,3203,4,2882,2.5,2945,44.5701693961331,2798,89.1403387922662,2453,90.1403387922662,2724
3232,Bert Van Landeghem,multiple-field,Europe,Sheffield,6,2677,4,2824,149.26821496889417,2100,301.0,2265,13,2492,0,3283,2,2431,6.5,2616,0,3203,4,2882,2.0,3174,74.63410748444709,2376,149.26821496889417,1920,150.26821496889417,2280
3233,Enrico Vanino,multiple-field,Europe,Sheffield,9,1992,9,1961,112.20516922138658,2384,292.0,2291,18,1994,0,3283,0,3965,9.0,2114,0,3203,9,2003,4.5,2297,56.10258461069329,2605,112.20516922138658,2203,113.20516922138658,2525
3234,Bingsong Wang,macro,Europe,Sheffield,2,3967,0,4385,5.196152422706632,4303,11.0,4176,6,3475,0,3283,1,2917,3.0,3545,0,3203,0,4408,0.5,4086,2.598076211353316,4312,5.196152422706632,4257,6.196152422706632,4269
3235,Emily Whitehouse,econometrics,Europe,Sheffield,4,3256,2,3404,34.597687784012386,3433,61.0,3436,6,3475,0,3283,0,3965,3.0,3545,0,3203,2,3459,1.0,3730,17.298843892006193,3519,34.597687784012386,3327,35.597687784012386,3454
3236,Peter Wright,multiple-field,Europe,Sheffield,20,726,28,696,450.1721892787248,1017,1679.0,868,45,770,0,3283,10,906,22.5,866,0,3203,28,718,14.5,901,225.0860946393624,1500,450.1721892787248,821,451.1721892787248,1396
3237,Mallory Yeromonahos,labor,Europe,Sheffield,2,3967,0,4385,6.4031242374328485,4247,9.0,4234,2,4322,0,3283,0,3965,1.0,4350,0,3203,0,4408,0.0,4504,3.2015621187164243,4260,6.4031242374328485,4198,7.403124237432848,4218
3238,Hongmin Chen,multiple-field,Asia,SJTU,11,1625,11,1709,323.3651187125785,1320,773.0,1470,38,953,0,3283,0,3965,19.0,1075,0,3203,11,1737,5.5,2026,161.68255935628926,1752,323.3651187125785,1124,324.3651187125785,1663
3239,Yige Duan,labor,Asia,SJTU,1,4388,1,3809,85.0,2658,85.0,3226,2,4322,0,3283,1,2917,1.0,4350,0,3203,1,3860,1.0,3730,42.5,2837,85.0,2502,86.0,2764
3240,Chunzeng Fan,development,Asia,SJTU,1,4388,1,3809,12.041594578792296,4032,13.0,4130,2,4322,0,3283,0,3965,1.0,4350,0,3203,1,3860,0.5,4086,6.020797289396148,4051,12.041594578792296,3958,13.041594578792296,4004
3241,Qingen Gai,development,Asia,SJTU,3,3600,1,3809,50.53711507397311,3123,66.0,3386,10,2874,1,1576,1,2917,5.5,2853,0,3203,2,3459,1.5,3437,28.22399651125888,3174,51.44799302251776,2973,102.89598604503551,2616
3242,Haiying Gu,multiple-field,Asia,SJTU,8,2197,8,2100,145.2067491544384,2127,349.0,2138,26,1461,0,3283,0,3965,13.0,1571,0,3203,8,2146,4.0,2445,72.6033745772192,2396,145.2067491544384,1949,146.2067491544384,2303
3243,Shiqi Guo,multiple-field,Asia,SJTU,5,2944,4,2824,48.104053883222775,3175,100.0,3122,8,3159,0,3283,5,1568,4.0,3242,0,3203,4,2882,3.0,2752,24.052026941611388,3288,48.104053883222775,3046,49.104053883222775,3217
3245,Shaoqing Huang,multiple-field,Asia,SJTU,5,2944,5,2603,103.83640979926068,2466,202.0,2605,11,2737,0,3283,0,3965,5.5,2853,0,3203,5,2654,2.5,2945,51.91820489963034,2670,103.83640979926068,2292,104.83640979926068,2593
3246,Wenxin Huang,econometrics,Asia,SJTU,2,3967,2,3404,20.223748416156685,3788,33.0,3785,6,3475,0,3283,3,2072,3.0,3545,0,3203,2,3459,2.0,3174,10.111874208078342,3821,20.223748416156685,3689,21.223748416156685,3769
3247,Ming Jiang,development,Asia,SJTU,1,4388,0,4385,6.0,4274,6.0,4335,1,4577,0,3283,0,3965,0.5,4588,0,3203,0,4408,0.0,4504,3.0,4285,6.0,4225,7.0,4242
3248,Ming Lu,multiple-field,Asia,SJTU,20,726,29,665,367.8151709758585,1198,1502.0,949,57,557,0,3283,0,3965,28.5,630,0,3203,29,684,14.5,901,183.90758548792925,1646,367.8151709758585,996,368.8151709758585,1547
3250,Zhuoran Lu,micro_theory,Asia,SJTU,0,4667,0,4385,0.0,4667,0.0,4667,2,4322,0,3283,2,2431,1.0,4350,0,3203,0,4408,1.0,3730,0.0,4667,0.0,4669,1.0,4669
3251,Shougui Luo,multiple-field,Asia,SJTU,8,2197,7,2254,104.01442207694085,2461,245.0,2452,21,1766,0,3283,0,3965,10.5,1890,0,3203,7,2299,3.5,2589,52.00721103847042,2665,104.01442207694085,2287,105.01442207694085,2589
3252,Shengliang Ou,macro,Asia,SJTU,1,4388,0,4385,5.0,4330,5.0,4375,4,3855,0,3283,3,2072,2.0,3907,0,3203,0,4408,1.5,3437,2.5,4337,5.0,4288,6.0,4300
3253,Xiaojun Pan,multiple-field,Asia,SJTU,3,3600,3,3094,110.6752004741803,2399,159.0,2797,3,4085,0,3283,0,3965,1.5,4125,0,3203,3,3149,1.5,3437,55.33760023709015,2616,110.6752004741803,2215,111.6752004741803,2536
3254,Junhui Qian,multiple-field,Asia,SJTU,8,2197,7,2254,127.08658465786228,2259,309.0,2248,18,1994,0,3283,4,1786,9.0,2114,0,3203,7,2299,4.0,2445,63.543292328931145,2505,127.08658465786228,2081,128.0865846578623,2419
3255,Xiangdong Qin,behavior-experiment,Asia,SJTU,7,2425,4,2824,38.897300677553446,3350,119.0,3011,23,1634,0,3283,2,2431,11.5,1753,0,3203,4,2882,3.0,2752,19.448650338776723,3440,38.897300677553446,3237,39.897300677553446,3376
3256,Xi Qu,econometrics,Asia,SJTU,13,1348,15,1353,261.02873405048723,1536,656.0,1614,25,1518,1,1576,8,1097,13.0,1571,1,1424,15,1379,8.5,1487,141.39842790463388,1858,261.7968558092677,1345,523.5937116185355,1303
3257,Qinghua Shi,development,Asia,SJTU,11,1625,14,1430,165.2573750245356,2003,508.0,1814,31,1232,1,1576,1,2917,16.0,1305,0,3203,15,1379,8.0,1567,85.61507126426751,2274,166.23014252853503,1808,332.46028505707005,1637
3258,Zhanzhong Shi,multiple-field,Asia,SJTU,4,3256,3,3094,173.79298029552288,1956,230.0,2499,9,3018,0,3283,0,3965,4.5,3116,0,3203,3,3149,1.5,3437,86.89649014776144,2256,173.79298029552288,1763,174.79298029552288,2164
3259,Suzuki Yuta,i_trade,Asia,SJTU,1,4388,0,4385,1.0,4570,1.0,4570,1,4577,0,3283,1,2917,0.5,4588,0,3203,0,4408,0.5,4086,0.5,4572,1.0,4561,2.0,4561
3260,Chunhua Wang,multiple-field,Asia,SJTU,8,2197,7,2254,354.2160357747797,1228,661.0,1608,13,2492,0,3283,1,2917,6.5,2616,0,3203,7,2299,4.0,2445,177.10801788738985,1671,354.2160357747797,1022,355.2160357747797,1572
3261,Yi Wen,macro,Asia,SJTU,21,669,38,469,341.53037932225004,1277,1467.0,972,64,480,2,1169,19,415,33.0,516,2,1039,38,480,23.5,479,455.8508543054597,1136,317.6722984362106,1145,950.0168953086318,965
3262,Junfang Xi,i_trade,Asia,SJTU,2,3967,0,4385,6.48074069840786,4237,10.0,4201,6,3475,0,3283,0,3965,3.0,3545,0,3203,0,4408,0.0,4504,3.24037034920393,4252,6.48074069840786,4190,7.48074069840786,4210
3263,Li Xu,multiple-field,Asia,SJTU,2,3967,1,3809,17.46424919657298,3871,23.0,3937,3,4085,0,3283,0,3965,1.5,4125,0,3203,1,3860,0.5,4086,8.73212459828649,3901,17.46424919657298,3781,18.46424919657298,3850
3264,Yuan Xu,i_trade,Asia,SJTU,1,4388,0,4385,2.0,4497,2.0,4502,5,3656,0,3283,0,3965,2.5,3719,0,3203,0,4408,0.0,4504,1.0,4501,2.0,4473,3.0,4474
3265,Haitao Yin,multiple-field,Asia,SJTU,22,617,35,527,827.8725747359916,598,3229.0,524,59,532,0,3283,0,3965,29.5,601,0,3203,35,538,17.5,716,413.9362873679958,1183,827.8725747359916,449,828.8725747359916,1045
3266,Leng Yu,development,Asia,SJTU,4,3256,2,3404,32.449961479175904,3481,61.0,3436,8,3159,0,3283,0,3965,4.0,3242,0,3203,2,3459,1.0,3730,16.224980739587952,3555,32.449961479175904,3374,33.449961479175904,3491
3267,Yang Yu,finance,Asia,SJTU,2,3967,1,3809,14.89966442575134,3961,22.0,3954,4,3855,0,3283,2,2431,2.0,3907,0,3203,1,3860,1.0,3730,7.44983221287567,3985,14.89966442575134,3879,15.89966442575134,3933
3268,Li Zhao,micro_theory,Asia,SJTU,1,4388,1,3809,17.0,3891,17.0,4044,1,4577,0,3283,1,2917,0.5,4588,0,3203,1,3860,0.5,4086,8.5,3921,17.0,3801,18.0,3868
3269,Genyuan Zhong,multiple-field,Asia,SJTU,3,3600,2,3404,25.534290669607408,3639,50.0,3563,17,2079,0,3283,0,3965,8.5,2203,0,3203,2,3459,1.0,3730,12.767145334803704,3690,25.534290669607408,3531,26.534290669607408,3629
3270,Weimin Zhou,development,Asia,SJTU,2,3967,0,4385,4.242640687119285,4365,8.0,4272,5,3656,0,3283,0,3965,2.5,3719,0,3203,0,4408,0.0,4504,2.1213203435596424,4370,4.242640687119285,4326,5.242640687119285,4338
3271,Qigui Zhu,multiple-field,Asia,SJTU,5,2944,5,2603,47.36032094485847,3185,99.0,3133,9,3018,0,3283,0,3965,4.5,3116,0,3203,5,2654,2.5,2945,23.68016047242924,3298,47.36032094485847,3058,48.36032094485847,3228
3272,Xi Zhu,development,Asia,SJTU,7,2425,5,2603,62.505999712027645,2956,163.0,2783,15,2273,0,3283,1,2917,7.5,2418,0,3203,5,2654,3.0,2752,31.252999856013822,3102,62.505999712027645,2817,63.505999712027645,3025
3273,Dooyeon Cho,multiple-field,Asia,SKKU,10,1802,10,1828,72.09022125087424,2812,263.0,2370,34,1095,0,3283,0,3965,17.0,1221,0,3203,10,1859,5.0,2147,36.04511062543712,2972,72.09022125087424,2670,73.09022125087424,2901
3274,Joonmo Cho,labor,Asia,SKKU,18,872,30,633,124.33824833895642,2282,752.0,1490,71,395,0,3283,1,2917,35.5,448,0,3203,30,649,15.5,820,62.16912416947821,2524,124.33824833895642,2104,125.33824833895642,2440
3275,Jaesung Choi,labor,Asia,SKKU,10,1802,11,1709,219.80445855350612,1707,552.0,1740,32,1187,0,3283,0,3965,16.0,1305,0,3203,11,1737,5.5,2026,109.90222927675308,2051,219.80445855350612,1512,220.80445855350612,1961
3276,Chul Woo Han,finance,Asia,SKKU,5,2944,4,2824,632.4879445491432,762,703.0,1555,16,2168,0,3283,0,3965,8.0,2304,0,3203,4,2882,2.0,3174,316.2439722745716,1324,632.4879445491432,598,633.4879445491432,1195
3277,Heejoon Han,econometrics,Asia,SKKU,10,1802,11,1709,398.7292314340648,1128,677.0,1582,21,1766,0,3283,4,1786,10.5,1890,0,3203,11,1737,5.5,2026,199.3646157170324,1585,398.7292314340648,919,399.7292314340648,1492
3278,Soosung Hwang,finance,Asia,SKKU,15,1141,25,816,464.5976754139005,986,1171.0,1141,43,813,0,3283,0,3965,21.5,923,0,3203,25,834,12.5,1053,232.29883770695025,1480,464.5976754139005,795,465.5976754139005,1370
3279,Yong-Il Jeon,multiple-field,Asia,SKKU,15,1141,22,952,277.03609873083326,1472,907.0,1349,34,1095,0,3283,0,3965,17.0,1221,0,3203,22,972,11.0,1189,138.51804936541663,1882,277.03609873083326,1284,278.03609873083326,1797
3280,Yeonha Jung,history,Asia,SKKU,3,3600,0,4385,8.366600265340756,4159,16.0,4062,8,3159,0,3283,3,2072,4.0,3242,0,3203,0,4408,1.5,3437,4.183300132670378,4176,8.366600265340756,4103,9.366600265340756,4135
3281,Songman Kang,labor,Asia,SKKU,5,2944,4,2824,253.40284134160768,1570,465.0,1893,11,2737,0,3283,1,2917,5.5,2853,0,3203,4,2882,2.0,3174,126.70142067080384,1948,253.40284134160768,1382,254.40284134160768,1858
3282,Chang Sik Kim,econometrics,Asia,SKKU,8,2197,8,2100,91.96738552334736,2579,262.0,2375,27,1408,0,3283,3,2072,13.5,1526,0,3203,8,2146,4.5,2297,45.98369276167367,2771,91.96738552334736,2420,92.96738552334736,2697
3283,Ho-Yeon Kim,i_trade,Asia,SKKU,4,3256,1,3809,15.362291495737216,3951,32.0,3798,8,3159,0,3283,0,3965,4.0,3242,0,3203,1,3860,0.5,4086,7.681145747868608,3976,15.362291495737216,3867,16.362291495737217,3922
3284,Hyunchul Kim,i_organization,Asia,SKKU,4,3256,1,3809,22.427661492005804,3723,41.0,3682,13,2492,0,3283,1,2917,6.5,2616,0,3203,1,3860,1.0,3730,11.213830746002902,3763,22.427661492005804,3622,23.427661492005804,3707
3285,Il-Joong Kim,multiple-field,Asia,SKKU,6,2677,4,2824,124.63948010161148,2278,261.0,2382,32,1187,0,3283,3,2072,16.0,1305,0,3203,4,2882,3.5,2589,62.31974005080573,2520,124.63948010161148,2102,125.63948010161148,2437
3286,Jihyun Kim,econometrics,Asia,SKKU,3,3600,2,3404,21.18962010041709,3755,37.0,3719,9,3018,0,3283,3,2072,4.5,3116,0,3203,2,3459,2.0,3174,10.594810050208546,3793,21.18962010041709,3659,22.18962010041709,3738
3287,Jun Sung Kim,labor,Asia,SKKU,6,2677,4,2824,33.57082066318904,3459,89.0,3204,15,2273,0,3283,0,3965,7.5,2418,0,3203,4,2882,2.0,3174,16.78541033159452,3542,33.57082066318904,3355,34.57082066318904,3478
3288,Kwangsu Kim,history,Asia,SKKU,4,3256,4,2824,30.199337741083,3529,64.0,3405,7,3309,0,3283,0,3965,3.5,3382,0,3203,4,2882,2.0,3174,15.0996688705415,3593,30.199337741083,3418,31.199337741083,3534
3289,Minseong Kim,micro_theory,Asia,SKKU,6,2677,6,2423,372.9316291225511,1185,540.0,1762,10,2874,1,1576,2,2431,5.5,2853,1,1424,6,2464,3.5,2589,408.677510207487,1188,98.35502041497398,2362,196.710040829948,2057
3290,Myunghyun Kim,macro,Asia,SKKU,3,3600,1,3809,14.2828568570857,3974,30.0,3824,9,3018,0,3283,3,2072,4.5,3116,0,3203,1,3860,1.5,3437,7.14142842854285,3996,14.2828568570857,3892,15.2828568570857,3944
3291,Sunghyun Kim,multiple-field,Asia,SKKU,12,1477,18,1155,207.71615247736517,1759,686.0,1572,38,953,0,3283,1,2917,19.0,1075,0,3203,18,1177,9.0,1418,103.85807623868256,2097,207.71615247736517,1567,208.71615247736517,2009
3292,Young Han Kim,multiple-field,Asia,SKKU,7,2425,6,2423,147.8681845428556,2105,335.0,2180,25,1518,0,3283,0,3965,12.5,1623,0,3203,6,2464,3.0,2752,73.9340922714278,2380,147.8681845428556,1927,148.8681845428556,2287
3293,Young Se Kim,macro,Asia,SKKU,5,2944,4,2824,110.64809081046089,2400,199.0,2619,10,2874,0,3283,0,3965,5.0,2983,0,3203,4,2882,2.0,3174,55.32404540523044,2617,110.64809081046089,2216,111.64809081046089,2537
3294,Dongwon Lee,political_econ,Asia,SKKU,8,2197,6,2423,56.60388679233962,3034,182.0,2693,22,1700,0,3283,5,1568,11.0,1825,0,3203,6,2464,5.0,2147,28.30194339616981,3173,56.60388679233962,2897,57.60388679233962,3094
3295,Jinhyung Lee,multiple-field,Asia,SKKU,12,1477,14,1430,175.5363210278716,1946,609.0,1673,39,924,0,3283,1,2917,19.5,1041,0,3203,14,1453,7.0,1731,87.7681605139358,2247,175.5363210278716,1747,176.5363210278716,2155
3296,Joosung Lee,micro_theory,Asia,SKKU,4,3256,1,3809,21.18962010041709,3755,41.0,3682,10,2874,0,3283,3,2072,5.0,2983,0,3203,1,3860,2.0,3174,10.594810050208546,3793,21.18962010041709,3659,22.18962010041709,3738
3297,Jun Sang Lee,multiple-field,Asia,SKKU,5,2944,2,3404,30.28200785945344,3526,67.0,3375,16,2168,0,3283,1,2917,8.0,2304,0,3203,2,3459,1.5,3437,15.14100392972672,3590,30.28200785945344,3415,31.28200785945344,3531
3298,Seungduck Lee,multiple-field,Asia,SKKU,5,2944,2,3404,22.56102834535696,3721,53.0,3520,9,3018,0,3283,4,1786,4.5,3116,0,3203,2,3459,3.0,2752,11.280514172678478,3761,22.56102834535696,3619,23.56102834535696,3705
3299,Shu Chin Lin,multiple-field,Asia,SKKU,26,451,43,396,399.2555572562516,1127,2039.0,753,61,505,0,3283,1,2917,30.5,577,0,3203,43,408,21.5,536,199.6277786281258,1584,399.2555572562516,918,400.2555572562516,1491
3300,Min Soo Park,i_organization,Asia,SKKU,4,3256,3,3094,71.37926869897169,2819,135.0,2930,13,2492,0,3283,0,3965,6.5,2616,0,3203,3,3149,1.5,3437,35.68963434948584,2979,71.37926869897169,2677,72.37926869897169,2909
3301,Keeyoung Rhee,micro_theory,Asia,SKKU,0,4667,0,4385,0.0,4667,0.0,4667,3,4085,0,3283,2,2431,1.5,4125,0,3203,0,4408,1.0,3730,0.0,4667,0.0,4669,1.0,4669
3302,Doo Jin Ryu,finance,Asia,SKKU,38,176,141,30,495.9011998372257,936,5054.0,346,270,19,0,3283,0,3965,135.0,21,0,3203,141,30,70.5,43,247.9505999186128,1444,495.9011998372257,753,496.9011998372257,1337
3303,Byung Khun Song,history,Asia,SKKU,3,3600,2,3404,23.366642891095847,3690,40.0,3695,5,3656,0,3283,0,3965,2.5,3719,0,3203,2,3459,1.0,3730,11.683321445547923,3733,23.366642891095847,3589,24.366642891095847,3674
3304,Joon Song,micro_theory,Asia,SKKU,4,3256,1,3809,27.92848008753788,3590,50.0,3563,12,2609,0,3283,0,3965,6.0,2731,0,3203,1,3860,0.5,4086,13.96424004376894,3647,27.92848008753788,3479,28.92848008753788,3587
3305,Ahn Dong-Hyun,finance,Asia,SNU,10,1802,10,1828,332.8738499792376,1299,825.0,1423,16,2168,0,3283,2,2431,8.0,2304,0,3203,10,1859,5.0,2147,166.4369249896188,1730,332.8738499792376,1093,333.8738499792376,1632
3306,Minsu Chang,multiple-field,Asia,SNU,3,3600,1,3809,22.9128784747792,3705,31.0,3809,6,3475,1,1576,3,2072,3.5,3382,0,3203,2,3459,2.5,2945,15.280514172678478,3580,23.56102834535696,3582,47.12205669071391,3254
3307,Yongsung Chang,macro,Asia,SNU,16,1038,19,1100,235.95126615468712,1644,833.0,1415,34,1095,6,525,18,453,20.0,1011,4,656,21,1017,15.0,864,1445.8258316384663,725,178.92194771052053,1728,1217.4536339736435,862
3308,Sung-Jin Cho,i_organization,Asia,SNU,6,2677,2,3404,42.23742416388575,3302,90.0,3198,10,2874,2,1169,4,1786,6.0,2731,1,1424,3,3149,3.0,2752,85.19090595827294,2280,28.38181191654584,3463,82.14543574963751,2803
3309,Young-Jun Cho,multiple-field,Asia,SNU,1,4388,0,4385,1.0,4570,1.0,4570,4,3855,0,3283,0,3965,2.0,3907,0,3203,0,4408,0.0,4504,0.5,4572,1.0,4561,2.0,4561
3310,Jaewon Choi,micro_theory,Asia,SNU,1,4388,0,4385,6.0,4274,6.0,4335,1,4577,0,3283,1,2917,0.5,4588,0,3203,0,4408,0.5,4086,3.0,4285,6.0,4225,7.0,4242
3311,Syngjoo Choi,behavior-experiment,Asia,SNU,15,1141,18,1155,394.8544035464212,1136,1200.0,1120,35,1061,3,924,12,763,19.0,1075,3,816,18,1177,12.5,1053,1241.2316364249182,772,302.18054749598946,1183,1200.7221899839578,869
3312,Yves Gueron,multiple-field,Asia,SNU,3,3600,1,3809,49.05099387372289,3158,64.0,3405,9,3018,0,3283,5,1568,4.5,3116,0,3203,1,3860,3.0,2752,24.525496936861444,3274,49.05099387372289,3031,50.05099387372289,3201
3313,Jay H. Hong,multiple-field,Asia,SNU,6,2677,6,2423,114.18406193510546,2366,256.0,2402,9,3018,3,924,5,1568,6.0,2731,3,816,6,2464,5.0,2147,491.2447062683056,1104,56.98147830506312,2893,219.92591322025248,1964
3314,Sok Chul Hong,history,Asia,SNU,8,2197,8,2100,480.81389331008313,954,670.0,1593,20,1840,0,3283,1,2917,10.0,1962,0,3203,8,2146,4.0,2445,240.4069466550416,1463,480.81389331008313,773,481.81389331008313,1351
3315,(Iru) Hwang Ilwoo,micro_theory,Asia,SNU,4,3256,1,3809,19.6468827043885,3810,42.0,3670,8,3159,0,3283,7,1234,4.0,3242,0,3203,1,3860,3.5,2589,9.82344135219425,3842,19.6468827043885,3712,20.6468827043885,3793
3316,Biung-Ghi Ju,micro_theory,Asia,SNU,12,1477,14,1430,109.59927007056206,2411,360.0,2113,29,1320,0,3283,7,1234,14.5,1436,0,3203,14,1453,8.5,1487,54.79963503528103,2626,109.59927007056206,2227,110.59927007056206,2546
3317,Bonggeun Kim,multiple-field,Asia,SNU,12,1477,16,1280,187.40064034042143,1873,551.0,1741,30,1275,0,3283,5,1568,15.0,1386,0,3203,16,1309,8.0,1567,93.70032017021072,2186,187.40064034042143,1675,188.40064034042143,2100
3318,Byung-Yeon Kim,multiple-field,Asia,SNU,18,872,30,633,294.3773089081426,1405,1114.0,1188,56,569,0,3283,1,2917,28.0,646,0,3203,30,649,15.5,820,147.1886544540713,1825,294.3773089081426,1211,295.3773089081426,1737
3319,Dae-Il Kim,labor,Asia,SNU,4,3256,3,3094,44.67661580737735,3232,84.0,3232,6,3475,0,3283,2,2431,3.0,3545,0,3203,3,3149,1.5,3437,22.33830790368868,3338,44.67661580737735,3103,45.67661580737735,3271
3320,Soyoung Kim,i_finance,Asia,SNU,25,490,43,396,672.156975713263,719,2471.0,652,100,192,0,3283,7,1234,50.0,222,0,3203,43,408,21.5,536,336.0784878566315,1290,672.156975713263,555,673.156975713263,1164
3321,Young Sik Kim,macro,Asia,SNU,5,2944,4,2824,53.21653878260028,3084,108.0,3079,18,1994,0,3283,5,1568,9.0,2114,0,3203,4,2882,4.0,2445,26.60826939130014,3215,53.21653878260028,2944,54.21653878260028,3140
3322,Youngwoo Koh,micro_theory,Asia,SNU,3,3600,1,3809,54.05552700695832,3072,76.0,3301,9,3018,1,1576,4,1786,5.0,2983,1,1424,1,3860,2.5,2945,58.31507290636733,2576,11.63014581273465,3975,23.2602916254693,3714
3323,Chul-In Lee,multiple-field,Asia,SNU,7,2425,5,2603,249.2328228785286,1582,375.0,2077,22,1700,0,3283,2,2431,11.0,1825,0,3203,5,2654,2.5,2945,124.6164114392643,1959,249.2328228785286,1393,250.2328228785286,1872
3324,Chulhee Lee,history,Asia,SNU,12,1477,13,1510,111.46748404803976,2390,405.0,1999,33,1137,1,1576,2,2431,17.0,1221,1,1424,13,1535,7.0,1731,68.35341001239219,2443,111.70682002478438,2208,223.4136400495688,1954
3325,Eunhee Lee,i_trade,Asia,SNU,0,4667,0,4385,0.0,4667,0.0,4667,2,4322,0,3283,0,3965,1.0,4350,0,3203,0,4408,0.0,4504,0.0,4667,0.0,4669,1.0,4669
3326,Jae Won Lee,macro,Asia,SNU,7,2425,5,2603,56.586217403180434,3035,148.0,2842,16,2168,1,1576,6,1392,8.5,2203,1,1424,5,2654,4.5,2297,43.98610753702727,2814,54.97221507405454,2919,109.94443014810908,2553
3327,Jihong Lee,micro_theory,Asia,SNU,7,2425,7,2254,56.9824534396335,3030,173.0,2737,22,1700,2,1169,10,906,12.0,1681,2,1039,7,2299,7.0,1731,99.5352914873122,2134,51.749371855331,2971,152.248115565993,2269
3328,Jungmin Lee,multiple-field,Asia,SNU,18,872,30,633,257.5538778585949,1552,1068.0,1228,55,582,1,1576,3,2072,28.0,646,1,1424,30,649,16.5,766,152.21661358809942,1793,257.43322717619884,1367,514.8664543523977,1315
3329,Seojeong Lee,econometrics,Asia,SNU,6,2677,4,2824,64.48255578061404,2917,132.0,2945,9,3018,1,1576,6,1392,5.0,2983,1,1424,4,2882,3.5,2589,65.88473427625861,2468,50.76946855251722,2989,101.53893710503444,2629
3330,Jee-Hyeong Park,i_trade,Asia,SNU,7,2425,6,2423,95.31526635329726,2548,243.0,2458,17,2079,3,924,4,1786,10.0,1962,3,816,6,2464,5.0,2147,422.7956196325948,1173,52.02040391510457,2967,200.0816156604183,2046
3331,Woong Yong Park,macro,Asia,SNU,12,1477,14,1430,267.1703576372199,1510,736.0,1513,32,1187,2,1169,10,906,17.0,1221,2,1039,14,1453,9.0,1418,201.04322605830032,1578,268.08645211660064,1324,801.2593563498019,1066
3332,Yena Park,multiple-field,Asia,SNU,3,3600,1,3809,14.0356688476182,3982,23.0,3937,5,3656,3,924,3,2072,4.0,3242,1,1424,3,3149,3.0,2752,44.78460969082653,2794,9.0,4072,28.0,3602
3333,Keunkwan Ryu,multiple-field,Asia,SNU,5,2944,3,3094,45.81484475582123,3210,89.0,3204,15,2273,0,3283,2,2431,7.5,2418,0,3203,3,3149,2.0,3174,22.907422377910613,3323,45.81484475582123,3084,46.81484475582123,3256
3334,Dmitry Shapiro,multiple-field,Asia,SNU,9,1992,8,2100,66.27216610312357,2893,216.0,2550,24,1571,0,3283,3,2072,12.0,1681,0,3203,8,2146,4.5,2297,33.13608305156178,3049,66.27216610312357,2751,67.27216610312357,2976
3335,Yoon-Jae Whang,econometrics,Asia,SNU,20,726,27,733,596.2155650433826,801,1863.0,805,41,868,2,1169,19,415,21.5,923,2,1039,27,755,17.0,742,873.5981620861809,892,513.0117415480784,725,1536.035224644235,760
3336,Sang-Seung Yi,i_organization,Asia,SNU,10,1802,10,1828,310.69277429641005,1357,776.0,1467,21,1766,0,3283,4,1786,10.5,1890,0,3203,10,1859,5.0,2147,155.34638714820505,1785,310.69277429641005,1163,311.69277429641005,1688
3337,Chamna Yoon,multiple-field,Asia,SNU,6,2677,5,2603,45.13313638558703,3220,109.0,3074,11,2737,2,1169,5,1568,6.5,2616,1,1424,6,2464,4.5,2297,39.46948949045873,2888,42.93897898091744,3160,125.81693694275232,2435
3338,Maria Bas,i_trade,Europe,Sorbonne,13,1348,16,1280,379.17542114435633,1175,988.0,1279,27,1408,0,3283,6,1392,13.5,1526,0,3203,16,1309,9.0,1418,189.58771057217817,1629,379.17542114435633,971,380.17542114435633,1527
3339,Remi Bazillier,labor,Europe,Sorbonne,9,1992,9,1961,91.14274518577987,2592,271.0,2350,23,1634,0,3283,2,2431,11.5,1753,0,3203,9,2003,4.5,2297,45.57137259288994,2782,91.14274518577987,2433,92.14274518577987,2709
3340,Marie Boltz,labor,Europe,Sorbonne,3,3600,1,3809,37.81534080237808,3375,54.0,3505,4,3855,0,3283,1,2917,2.0,3907,0,3203,1,3860,0.5,4086,18.90767040118904,3467,37.81534080237808,3264,38.81534080237808,3403
3341,Lorenzo Cassi,multiple-field,Europe,Sorbonne,11,1625,11,1709,173.99425277864785,1955,524.0,1784,21,1766,0,3283,0,3965,10.5,1890,0,3203,11,1737,5.5,2026,86.99712638932392,2255,173.99425277864785,1762,174.99425277864785,2162
3342,David Castells Quintana,development,Europe,Sorbonne,16,1038,19,1100,243.15015936659387,1613,892.0,1364,32,1187,0,3283,1,2917,16.0,1305,0,3203,19,1119,9.5,1356,121.57507968329692,1982,243.15015936659387,1422,244.15015936659387,1895
3343,Jean-François Caulier,micro_theory,Europe,Sorbonne,5,2944,3,3094,22.737634001804143,3711,51.0,3547,7,3309,0,3283,0,3965,3.5,3382,0,3203,3,3149,1.5,3437,11.368817000902071,3751,22.737634001804143,3607,23.737634001804143,3696
3344,Lisa Chauvet,development,Europe,Sorbonne,13,1348,15,1353,349.7427626127523,1246,938.0,1326,25,1518,0,3283,2,2431,12.5,1623,0,3203,15,1379,7.5,1649,174.87138130637615,1683,349.7427626127523,1038,350.7427626127523,1582
3345,Elisabeth Cudeville,labor,Europe,Sorbonne,2,3967,1,3809,18.43908891458577,3846,22.0,3954,2,4322,0,3283,0,3965,1.0,4350,0,3203,1,3860,0.5,4086,9.219544457292889,3875,18.43908891458577,3750,19.43908891458577,3827
3346,Marc-Arthur Diaye,multiple-field,Europe,Sorbonne,9,1992,8,2100,211.38117229308764,1744,508.0,1814,28,1363,0,3283,0,3965,14.0,1485,0,3203,8,2146,4.0,2445,105.69058614654382,2085,211.38117229308764,1550,212.38117229308764,1993
3347,Laetitia Duval,development,Europe,Sorbonne,8,2197,6,2423,102.53292154230267,2483,253.0,2416,16,2168,0,3283,0,3965,8.0,2304,0,3203,6,2464,3.0,2752,51.266460771151344,2684,102.53292154230267,2313,103.53292154230267,2608
3348,Carlos Gradin,labor,Europe,Sorbonne,15,1141,25,816,209.093280618962,1751,890.0,1367,55,582,0,3283,0,3965,27.5,661,0,3203,25,834,12.5,1053,104.546640309481,2090,209.093280618962,1558,210.093280618962,2000
3349,Morgane Laouenan,labor,Europe,Sorbonne,5,2944,4,2824,47.8539444560216,3178,100.0,3122,7,3309,0,3283,1,2917,3.5,3382,0,3203,4,2882,2.0,3174,23.9269722280108,3290,47.8539444560216,3049,48.8539444560216,3219
3350,Helene Latzer,multiple-field,Europe,Sorbonne,3,3600,2,3404,45.02221673796171,3223,67.0,3375,5,3656,0,3283,2,2431,2.5,3719,0,3203,2,3459,1.5,3437,22.511108368980857,3333,45.02221673796171,3095,46.02221673796171,3266
3351,David Margolis,labor,Europe,Sorbonne,7,2425,6,2423,1206.5081848043967,398,1540.0,931,14,2384,1,1576,2,2431,7.5,2418,1,1424,6,2464,3.5,2589,1293.2592038731057,761,211.51840774621112,1549,423.0368154924223,1450
3352,Laurine Martinoty,labor,Europe,Sorbonne,2,3967,0,4385,6.4031242374328485,4247,9.0,4234,3,4085,0,3283,0,3965,1.5,4125,0,3203,0,4408,0.0,4504,3.2015621187164243,4260,6.4031242374328485,4198,7.403124237432848,4218
3353,Mathilde Maurel,multiple-field,Europe,Sorbonne,16,1038,17,1215,194.4839324982915,1835,720.0,1540,36,1023,0,3283,1,2917,18.0,1148,0,3203,17,1241,8.5,1487,97.24196624914576,2148,194.4839324982915,1639,195.4839324982915,2065
3354,Sandra Poncet,i_trade,Europe,Sorbonne,24,528,33,565,928.1713203929542,542,3372.0,505,49,693,0,3283,5,1568,24.5,776,0,3203,33,579,16.5,766,464.0856601964771,1126,928.1713203929542,403,929.1713203929542,979
3355,Hillel Rapoport,multiple-field,Europe,Sorbonne,31,296,45,357,1362.3098032386026,336,5662.0,294,93,233,0,3283,19,415,46.5,267,0,3203,45,370,25.0,431,681.1549016193013,977,1362.3098032386026,257,1363.3098032386026,804
3356,Josselin Thuilliez,multiple-field,Europe,Sorbonne,13,1348,14,1430,115.77996372429904,2355,417.0,1984,33,1137,0,3283,1,2917,16.5,1262,0,3203,14,1453,7.5,1649,57.88998186214952,2579,115.77996372429904,2171,116.77996372429904,2500
3357,Francis Bloch,micro_theory,Europe,Sorbonne,24,528,40,441,559.6168331992883,837,2431.0,661,68,428,2,1169,27,228,35.0,460,2,1039,40,448,24.5,444,690.6897549624549,969,480.8799432007985,772,1439.6398296023954,785
3358,Clement Bosquet,labor,Europe,Sorbonne,6,2677,6,2423,91.465840618233,2583,198.0,2623,9,3018,0,3283,1,2917,4.5,3116,0,3203,6,2464,3.5,2589,45.732920309116494,2774,91.465840618233,2425,92.465840618233,2701
3359,Marin Ferry,development,Europe,Sorbonne,5,2944,3,3094,30.04995840263344,3532,65.0,3397,10,2874,0,3283,1,2917,5.0,2983,0,3203,3,3149,1.5,3437,15.02497920131672,3596,30.04995840263344,3422,31.04995840263344,3537
3360,Robert Gary-Bobo,micro_theory,Europe,Sorbonne,11,1625,13,1510,59.983331017875294,2987,238.0,2476,30,1275,0,3283,13,700,15.0,1386,0,3203,13,1535,7.5,1649,29.991665508937647,3132,59.983331017875294,2852,60.983331017875294,3055
3361,Camille Hemet,labor,Europe,Sorbonne,4,3256,3,3094,107.59646834352884,2432,183.0,2686,6,3475,1,1576,2,2431,3.5,3382,1,1424,3,3149,2.5,2945,117.23448553724738,2009,69.46897107449476,2707,138.93794214898952,2342
3362,Isabelle Hirtzlin,other,Europe,Sorbonne,5,2944,1,3809,110.23611023616536,2403,156.0,2811,15,2273,0,3283,0,3965,7.5,2418,0,3203,1,3860,0.5,4086,55.11805511808268,2619,110.23611023616536,2220,111.23611023616536,2541
3363,Rozenn Hotte,development,Europe,Sorbonne,3,3600,0,4385,10.770329614269007,4076,18.0,4028,4,3855,0,3283,2,2431,2.0,3907,0,3203,0,4408,1.0,3730,5.385164807134504,4092,10.770329614269007,4009,11.770329614269007,4049
3364,Léa Marchal,multiple-field,Europe,Sorbonne,3,3600,2,3404,20.07485989988473,3791,37.0,3719,7,3309,0,3283,0,3965,3.5,3382,0,3203,2,3459,1.0,3730,10.037429949942366,3824,20.07485989988473,3694,21.07485989988473,3772
3365,Célestin Monga,development,Europe,Sorbonne,8,2197,8,2100,120.77665337307538,2318,295.0,2286,20,1840,0,3283,0,3965,10.0,1962,0,3203,8,2146,4.0,2445,60.38832668653769,2552,120.77665337307538,2140,121.77665337307538,2469
3366,Alexandros Ragoussis,multiple-field,Europe,Sorbonne,2,3967,0,4385,8.06225774829855,4171,11.0,4176,3,4085,0,3283,0,3965,1.5,4125,0,3203,0,4408,0.0,4504,4.031128874149275,4187,8.06225774829855,4117,9.06225774829855,4146
3367,Camille Saint Macary,development,Europe,Sorbonne,3,3600,2,3404,98.09179374443104,2526,148.0,2842,6,3475,0,3283,0,3965,3.0,3545,0,3203,2,3459,1.0,3730,49.04589687221552,2725,98.09179374443104,2365,99.09179374443104,2655
3368,Thomas Renault,multiple-field,Europe,Sorbonne,9,1992,9,1961,730.848821576665,660,1298.0,1059,13,2492,0,3283,3,2072,6.5,2616,0,3203,9,2003,5.0,2147,365.4244107883325,1240,730.848821576665,510,731.848821576665,1116
3369,Thomas Thivillon,development,Europe,Sorbonne,1,4388,0,4385,1.0,4570,1.0,4570,3,4085,0,3283,0,3965,1.5,4125,0,3203,0,4408,0.0,4504,0.5,4572,1.0,4561,2.0,4561
3370,Nouhoum Toure,micro_theory,Europe,Sorbonne,2,3967,2,3404,17.029386365926403,3886,24.0,3921,3,4085,0,3283,1,2917,1.5,4125,0,3203,2,3459,1.0,3730,8.514693182963201,3916,17.029386365926403,3795,18.029386365926403,3862
3371,Carmine Ornaghi,multiple-field,Europe,Southampton,9,1992,9,1961,152.82997088267732,2076,399.0,2019,17,2079,0,3283,4,1786,8.5,2203,0,3203,9,2003,5.0,2147,76.41498544133866,2359,152.82997088267732,1893,153.82997088267732,2261
3372,Emanuela Lotti,multiple-field,Europe,Southampton,4,3256,1,3809,30.52867504494749,3515,54.0,3505,6,3475,0,3283,0,3965,3.0,3545,0,3203,1,3860,0.5,4086,15.264337522473747,3582,30.52867504494749,3405,31.52867504494749,3522
3373,Jayeeta Bhattacharya,i_organization,Europe,Southampton,1,4388,0,4385,1.0,4570,1.0,4570,2,4322,0,3283,2,2431,1.0,4350,0,3203,0,4408,1.0,3730,0.5,4572,1.0,4561,2.0,4561
3374,Hector Calvo-Pardo,multiple-field,Europe,Southampton,7,2425,5,2603,235.33380547639132,1648,330.0,2190,14,2384,0,3283,0,3965,7.0,2517,0,3203,5,2654,2.5,2945,117.66690273819567,2008,235.33380547639132,1449,236.33380547639132,1919
3375,Vincenzo De Lipsis,multiple-field,Europe,Southampton,4,3256,4,2824,128.7400481590713,2247,202.0,2605,10,2874,0,3283,0,3965,5.0,2983,0,3203,4,2882,2.0,3174,64.37002407953565,2494,128.7400481590713,2067,129.7400481590713,2404
3376,Valentina Di Iasio,labor,Europe,Southampton,3,3600,2,3404,20.396078054371134,3782,32.0,3798,3,4085,0,3283,1,2917,1.5,4125,0,3203,2,3459,1.0,3730,10.198039027185567,3816,20.396078054371134,3684,21.396078054371134,3763
3377,Joao V Ferreira,multiple-field,Europe,Southampton,2,3967,1,3809,14.106735979665885,3978,21.0,3971,7,3309,0,3283,2,2431,3.5,3382,0,3203,1,3860,1.0,3730,7.053367989832942,4000,14.106735979665885,3897,15.106735979665885,3948
3378,Alessandra Foresta,political_econ,Europe,Southampton,1,4388,1,3809,21.02379604162864,3763,22.0,3954,4,3855,0,3283,1,2917,2.0,3907,0,3203,1,3860,0.5,4086,10.51189802081432,3801,21.02379604162864,3667,22.02379604162864,3746
3379,Chiara Forlati,i_trade,Europe,Southampton,3,3600,2,3404,34.77067730142742,3430,55.0,3490,4,3855,0,3283,1,2917,2.0,3907,0,3203,2,3459,1.5,3437,17.38533865071371,3516,34.77067730142742,3324,35.77067730142742,3450
3380,Joonseok Oh,macro,Europe,Southampton,3,3600,1,3809,24.20743687382041,3669,44.0,3644,9,3018,0,3283,3,2072,4.5,3116,0,3203,1,3860,1.5,3437,12.103718436910205,3712,24.20743687382041,3563,25.20743687382041,3654
3381,Monica Beeder,development,Europe,Southampton,0,4667,0,4385,0.0,4667,0.0,4667,1,4577,0,3283,0,3965,0.5,4588,0,3203,0,4408,0.0,4504,0.0,4667,0.0,4669,1.0,4669
3382,Thomas Gall,multiple-field,Europe,Southampton,4,3256,3,3094,36.069377593742864,3405,83.0,3240,15,2273,0,3283,6,1392,7.5,2418,0,3203,3,3149,4.0,2445,18.034688796871432,3495,36.069377593742864,3299,37.069377593742864,3426
3383,Corrado Giulietti,labor,Europe,Southampton,15,1141,21,998,204.95609285893408,1778,809.0,1428,30,1275,0,3283,6,1392,15.0,1386,0,3203,21,1017,11.5,1143,102.47804642946704,2107,204.95609285893408,1579,205.95609285893408,2020
3384,Michael Hatcher,macro,Europe,Southampton,2,3967,1,3809,19.33907960581372,3820,28.0,3857,12,2609,0,3283,0,3965,6.0,2731,0,3203,1,3860,0.5,4086,9.669539802906858,3850,19.33907960581372,3722,20.33907960581372,3801
3385,Grant Hillier,econometrics,Europe,Southampton,9,1992,9,1961,52.54521862167861,3092,205.0,2591,28,1363,1,1576,5,1568,14.5,1436,1,1424,9,2003,6.5,1818,36.69046515733026,2955,52.38093031466052,2955,104.76186062932103,2594
3386,Antonella Ianni,micro_theory,Europe,Southampton,6,2677,3,3094,135.19985207092498,2194,261.0,2382,13,2492,0,3283,1,2917,6.5,2616,0,3203,3,3149,1.5,3437,67.59992603546249,2448,135.19985207092498,2015,136.19985207092498,2358
3387,Christian Kellner,micro_theory,Europe,Southampton,6,2677,3,3094,30.52867504494749,3515,78.0,3285,9,3018,0,3283,6,1392,4.5,3116,0,3203,3,3149,3.0,2752,15.264337522473747,3582,30.52867504494749,3405,31.52867504494749,3522
3388,Max Kwiek,micro_theory,Europe,Southampton,3,3600,0,4385,9.0,4129,19.0,4007,7,3309,0,3283,4,1786,3.5,3382,0,3203,0,4408,2.0,3174,4.5,4147,9.0,4072,10.0,4105
3389,Qian Li,p_finance,Europe,Southampton,1,4388,1,3809,10.0,4097,10.0,4201,1,4577,0,3283,1,2917,0.5,4588,0,3203,1,3860,0.5,4086,5.0,4116,10.0,4036,11.0,4071
3390,Mingye Ma,finance,Europe,Southampton,0,4667,0,4385,0.0,4667,0.0,4667,1,4577,0,3283,0,3965,0.5,4588,0,3203,0,4408,0.0,4504,0.0,4667,0.0,4669,1.0,4669
3391,Anastasios Magdalinos,econometrics,Europe,Southampton,10,1802,10,1828,335.46683889767706,1294,704.0,1553,15,2273,0,3283,4,1786,7.5,2418,0,3203,10,1859,5.5,2026,167.73341944883853,1726,335.46683889767706,1090,336.46683889767706,1626
3392,Zacharias Maniadis,multiple-field,Europe,Southampton,11,1625,11,1709,213.45959805077868,1735,453.0,1916,19,1915,1,1576,4,1786,10.0,1962,1,1424,11,1737,6.5,1818,238.6441157798145,1465,98.28823155962904,2363,196.57646311925808,2058
3393,Alessandro Mennuni,macro,Europe,Southampton,2,3967,0,4385,10.295630140987,4086,14.0,4102,4,3855,1,1576,4,1786,2.5,3719,0,3203,1,3860,2.5,2945,5.1478150704935,4102,11.295630140987,3985,22.591260281974,3730
3394,Jose Olmo,finance,Europe,Southampton,13,1348,20,1048,190.23406634985227,1861,797.0,1436,69,414,0,3283,3,2072,34.5,474,0,3203,20,1065,10.5,1239,95.11703317492614,2174,190.23406634985227,1664,191.23406634985227,2085
3395,Kemal Ozbek,micro_theory,Europe,Southampton,3,3600,1,3809,40.53393639902249,3327,51.0,3547,7,3309,0,3283,2,2431,3.5,3382,0,3203,1,3860,1.5,3437,20.266968199511243,3418,40.53393639902249,3210,41.53393639902249,3355
3396,Helen Paul,history,Europe,Southampton,2,3967,1,3809,42.190046219457976,3303,50.0,3563,9,3018,0,3283,0,3965,4.5,3116,0,3203,1,3860,0.5,4086,21.095023109728988,3399,42.190046219457976,3183,43.190046219457976,3332
3397,Jean-Yves Pitarakis,econometrics,Europe,Southampton,9,1992,9,1961,176.19875141441838,1940,414.0,1988,22,1700,1,1576,5,1568,11.5,1753,1,1424,9,2003,5.0,2147,97.95737604089835,2140,176.9147520817967,1738,353.8295041635934,1574
3398,Jan Podivinsky,multiple-field,Europe,Southampton,9,1992,8,2100,72.06247289678588,2813,235.0,2486,23,1634,0,3283,0,3965,11.5,1753,0,3203,8,2146,4.0,2445,36.03123644839294,2973,72.06247289678588,2671,73.06247289678588,2902
3399,Gerhard Riener,behavior-experiment,Europe,Southampton,11,1625,13,1510,251.9325306505692,1575,646.0,1626,25,1518,1,1576,4,1786,13.0,1571,1,1424,13,1535,8.0,1567,135.86699329053667,1899,252.7339865810733,1384,505.4679731621466,1327
3400,Jana Sadeh,behavior-experiment,Europe,Southampton,3,3600,1,3809,23.108440016582687,3699,32.0,3798,3,4085,0,3283,0,3965,1.5,4125,0,3203,1,3860,0.5,4086,11.554220008291344,3741,23.108440016582687,3596,24.108440016582687,3682
3401,Foivos Savva,micro_theory,Europe,Southampton,2,3967,0,4385,6.6332495807108,4232,10.0,4201,5,3656,0,3283,0,3965,2.5,3719,0,3203,0,4408,0.0,4504,3.3166247903554,4248,6.6332495807108,4186,7.6332495807108,4206
3402,Christian Schluter,econometrics,Europe,Southampton,12,1477,14,1430,98.55962662266938,2519,360.0,2113,26,1461,1,1576,9,991,13.5,1526,1,1424,14,1453,8.5,1487,91.75804017959663,2208,86.51608035919327,2484,173.03216071838654,2173
3403,Serhiy Stepanchuk,i_finance,Europe,Southampton,5,2944,5,2603,60.93439094632849,2979,111.0,3064,9,3018,1,1576,6,1392,5.0,2983,0,3203,6,2464,4.5,2297,30.46719547316425,3122,61.93439094632849,2830,123.86878189265698,2452
3404,Jo Swaffield,labor,Europe,Southampton,10,1802,10,1828,280.9466141458195,1446,661.0,1608,14,2384,0,3283,2,2431,7.0,2517,0,3203,10,1859,5.0,2147,140.47330707290976,1866,280.9466141458195,1261,281.9466141458195,1778
3405,Valentina Tonei,labor,Europe,Southampton,4,3256,3,3094,50.547007824400445,3121,89.0,3204,4,3855,0,3283,2,2431,2.0,3907,0,3203,3,3149,1.5,3437,25.273503912200223,3248,50.547007824400445,2992,51.547007824400445,3174
3406,Jian Tong,multiple-field,Europe,Southampton,3,3600,0,4385,10.63014581273465,4079,17.0,4044,3,4085,0,3283,3,2072,1.5,4125,0,3203,0,4408,1.5,3437,5.315072906367325,4095,10.63014581273465,4014,11.63014581273465,4052
3407,Michael Vlassopoulos,behavior-experiment,Europe,Southampton,14,1239,15,1353,234.34163095788165,1652,852.0,1399,33,1137,0,3283,9,991,16.5,1262,0,3203,15,1379,10.5,1239,117.17081547894082,2010,234.34163095788165,1453,235.34163095788165,1921
3408,Jackie Wahba,labor,Europe,Southampton,21,669,29,665,347.4607891546901,1256,1453.0,980,47,731,0,3283,9,991,23.5,827,0,3203,29,684,15.0,864,173.73039457734504,1691,347.4607891546901,1048,348.4607891546901,1596
3409,Chaowen Zheng,econometrics,Europe,Southampton,2,3967,1,3809,13.601470508735444,3996,19.0,4007,5,3656,0,3283,3,2072,2.5,3719,0,3203,1,3860,1.5,3437,6.800735254367722,4016,13.601470508735444,3916,14.601470508735444,3966
3410,Martina Vecchi,behavior-experiment,Europe,Southampton,4,3256,1,3809,17.944358444926362,3859,40.0,3695,8,3159,0,3283,1,2917,4.0,3242,0,3203,1,3860,1.0,3730,8.972179222463181,3890,17.944358444926362,3766,18.94435844492636,3839
3411,Adrian Chadi,labor,Europe,Southampton,10,1802,11,1709,85.80209787645055,2647,296.0,2283,21,1766,0,3283,1,2917,10.5,1890,0,3203,11,1737,6.0,1923,42.90104893822527,2829,85.80209787645055,2491,86.80209787645055,2756
3412,Stefania Paredes Fuentes,other,Europe,Southampton,1,4388,0,4385,1.0,4570,1.0,4570,1,4577,0,3283,0,3965,0.5,4588,0,3203,0,4408,0.0,4504,0.5,4572,1.0,4561,2.0,4561
3413,Luc Bridet,micro_theory,Europe,St Andrews,1,4388,0,4385,1.0,4570,1.0,4570,1,4577,0,3283,0,3965,0.5,4588,0,3203,0,4408,0.0,4504,0.5,4572,1.0,4561,2.0,4561
3414,Thanh Bui,development,Europe,St Andrews,1,4388,1,3809,25.0,3651,25.0,3909,1,4577,0,3283,0,3965,0.5,4588,0,3203,1,3860,0.5,4086,12.5,3700,25.0,3545,26.0,3642
3415,Tugce Cuhadaroglu,micro_theory,Europe,St Andrews,2,3967,2,3404,19.72308292331602,3808,33.0,3785,5,3656,0,3283,1,2917,2.5,3719,0,3203,2,3459,1.5,3437,9.86154146165801,3840,19.72308292331602,3709,20.72308292331602,3791
3416,David Escamilla-Guerrero,history,Europe,St Andrews,3,3600,0,4385,10.770329614269007,4076,18.0,4028,5,3656,0,3283,1,2917,2.5,3719,0,3203,0,4408,0.5,4086,5.385164807134504,4092,10.770329614269007,4009,11.770329614269007,4049
3417,George W. Evans,macro,Europe,St Andrews,32,272,59,219,1110.2670849845094,440,3669.0,467,87,263,6,525,33,157,46.5,267,6,456,59,224,35.0,228,3023.333628290956,547,1093.2267472795177,334,7617.587230956624,297
3418,David A. Jaeger,labor,Europe,St Andrews,15,1141,18,1155,2406.4841574379834,164,3398.0,502,26,1461,3,924,8,1097,14.5,1436,3,816,18,1177,10.5,1239,1661.888747396597,694,2406.618314125602,108,9618.473256502408,248
3419,Jim Jin,multiple-field,Europe,St Andrews,12,1477,13,1510,121.68401702770991,2306,389.0,2049,32,1187,0,3283,3,2072,16.0,1305,0,3203,13,1535,7.5,1649,60.84200851385496,2541,121.68401702770991,2123,122.68401702770991,2457
3420,Erven Lauw,development,Europe,St Andrews,1,4388,1,3809,15.0,3958,15.0,4081,1,4577,0,3283,0,3965,0.5,4588,0,3203,1,3860,0.5,4086,7.5,3982,15.0,3876,16.0,3930
3421,Margaret Leighton,labor,Europe,St Andrews,3,3600,2,3404,30.52867504494749,3515,48.0,3588,6,3475,0,3283,1,2917,3.0,3545,0,3203,2,3459,1.0,3730,15.264337522473747,3582,30.52867504494749,3405,31.52867504494749,3522
3422,Peter Macmillan,multiple-field,Europe,St Andrews,5,2944,4,2824,241.96900627973,1618,439.0,1943,10,2874,0,3283,0,3965,5.0,2983,0,3203,4,2882,2.0,3174,120.98450313986498,1988,241.96900627973,1428,242.96900627973,1901
3423,Roderick Mccrorie,econometrics,Europe,St Andrews,8,2197,8,2100,90.37698822156004,2596,254.0,2410,14,2384,0,3283,3,2072,7.0,2517,0,3203,8,2146,4.5,2297,45.18849411078001,2786,90.37698822156004,2437,91.37698822156004,2712
3424,Irina Merkurieva,labor,Europe,St Andrews,3,3600,1,3809,116.67904696216884,2350,138.0,2912,5,3656,0,3283,1,2917,2.5,3719,0,3203,1,3860,1.0,3730,58.33952348108442,2575,116.67904696216884,2168,117.67904696216884,2494
3425,Gosia Mitka,micro_theory,Europe,St Andrews,2,3967,0,4385,4.47213595499958,4357,6.0,4335,2,4322,0,3283,0,3965,1.0,4350,0,3203,0,4408,0.0,4504,2.23606797749979,4362,4.47213595499958,4318,5.47213595499958,4330
3426,Margherita Negri,political_econ,Europe,St Andrews,3,3600,0,4385,9.1104335791443,4122,15.0,4081,5,3656,1,1576,1,2917,3.0,3545,0,3203,1,3860,1.0,3730,4.55521678957215,4140,10.1104335791443,4026,20.2208671582886,3805
3427,Vivek Prasad,macro,Europe,St Andrews,0,4667,0,4385,0.0,4667,0.0,4667,1,4577,0,3283,0,3965,0.5,4588,0,3203,0,4408,0.0,4504,0.0,4667,0.0,4669,1.0,4669
3428,Luca Savorelli,micro_theory,Europe,St Andrews,3,3600,1,3809,34.46737587922817,3436,48.0,3588,4,3855,0,3283,1,2917,2.0,3907,0,3203,1,3860,0.5,4086,17.233687939614086,3521,34.46737587922817,3328,35.46737587922817,3455
3429,Vibhor Saxena,development,Europe,St Andrews,2,3967,2,3404,56.32938842203065,3037,69.0,3358,5,3656,0,3283,0,3965,2.5,3719,0,3203,2,3459,1.0,3730,28.164694211015323,3176,56.32938842203065,2900,57.32938842203065,3096
3430,Ozge Senay,macro,Europe,St Andrews,6,2677,3,3094,40.92676385936225,3316,99.0,3133,12,2609,0,3283,1,2917,6.0,2731,0,3203,3,3149,2.0,3174,20.463381929681123,3408,40.92676385936225,3200,41.92676385936225,3346
3431,Ian Smith,multiple-field,Europe,St Andrews,14,1239,20,1048,146.52986043806908,2118,629.0,1651,35,1061,0,3283,0,3965,17.5,1186,0,3203,20,1065,10.0,1294,73.26493021903454,2387,146.52986043806908,1940,147.52986043806908,2294
3432,Radek Stefanski,macro,Europe,St Andrews,4,3256,3,3094,39.98749804626441,3335,75.0,3312,4,3855,0,3283,1,2917,2.0,3907,0,3203,3,3149,1.5,3437,19.993749023132207,3425,39.98749804626441,3220,40.98749804626441,3362
3433,Alan Sutherland,i_finance,Europe,St Andrews,17,948,21,998,274.29910681589905,1486,1054.0,1239,38,953,0,3283,9,991,19.0,1075,0,3203,21,1017,11.5,1143,137.14955340794953,1889,274.29910681589905,1300,275.29910681589905,1804
3434,Jonathan Swarbrick,macro,Europe,St Andrews,2,3967,0,4385,6.4031242374328485,4247,9.0,4234,6,3475,0,3283,1,2917,3.0,3545,0,3203,0,4408,0.5,4086,3.2015621187164243,4260,6.4031242374328485,4198,7.403124237432848,4218
3435,Eirini Thomaidou,i_trade,Europe,St Andrews,1,4388,0,4385,2.0,4497,2.0,4502,1,4577,0,3283,0,3965,0.5,4588,0,3203,0,4408,0.0,4504,1.0,4501,2.0,4473,3.0,4474
3436,Conny Wollbrant,behavior-experiment,Europe,St Andrews,15,1141,17,1215,202.45740292713427,1796,667.0,1598,24,1571,0,3283,0,3965,12.0,1681,0,3203,17,1241,8.5,1487,101.22870146356712,2120,202.45740292713427,1601,203.45740292713427,2035
3437,Min Zhang,micro_theory,Europe,St Andrews,1,4388,0,4385,3.3166247903554,4419,5.0,4375,3,4085,0,3283,0,3965,1.5,4125,0,3203,0,4408,0.0,4504,1.6583123951777,4423,3.3166247903554,4379,4.3166247903554,4388
3438,Ran Abramitzky,history,North America,Stanford,19,797,20,1048,486.1121269830655,946,1663.0,875,32,1187,5,627,12,763,18.5,1111,5,545,20,1065,14.0,936,3322.6930997548725,523,299.0255090974251,1197,1770.1530545845503,712
3439,Marcella Alsan,multiple-field,North America,Stanford,22,617,30,633,728.9266081026265,663,2698.0,594,46,750,6,525,9,991,26.0,718,5,545,31,620,19.0,627,5012.970115783602,430,387.3895646186455,945,2676.7269523305185,568
3440,Lukas Althoff,labor,North America,Stanford,2,3967,2,3404,99.84988733093292,2504,112.0,3057,2,4322,1,1576,1,2917,1.5,4125,1,1424,2,3459,1.5,3437,62.5,2516,100.0,2337,200.0,2047
3441,Adrien Auclert,macro,North America,Stanford,7,2425,6,2423,290.82125094291166,1416,433.0,1952,10,2874,5,627,7,1234,7.5,2418,3,816,8,2146,6.5,1818,1157.6214799227305,793,40.07135583350036,3217,216.42813500100215,1975
3442,Kyle Bagwell,i_trade,North America,Stanford,29,352,51,279,927.2842067025622,543,3966.0,438,75,352,11,246,22,327,43.0,305,11,201,51,289,32.0,272,12518.432118081397,263,645.5691451685939,582,7626.8297420231265,296
3443,B. Douglas Bernheim,multiple-field,North America,Stanford,30,323,41,427,1555.312508790436,284,6035.0,275,54,596,24,56,36,128,39.0,379,22,51,43,408,34.5,235,64076.670067361454,78,922.6189403746172,406,22490.47350936543,115
3444,Adrien Bilal,labor,North America,Stanford,3,3600,3,3094,31.84336665618132,3498,52.0,3533,3,4085,3,924,3,2072,3.0,3545,3,816,3,3149,3.0,2752,150.930642478671,1802,3.0,4407,4.0,4412
3445,Nicholas Bloom,multiple-field,North America,Stanford,50,78,79,115,9148.47085583159,18,31777.0,19,99,200,29,30,46,66,64.0,130,27,28,81,114,57.0,79,402963.9954453858,4,2190.1698221102383,119,64865.09466330715,46
3446,Luigi Bocola,i_finance,North America,Stanford,8,2197,7,2254,188.67167248953936,1867,385.0,2056,9,3018,6,525,6,1392,7.5,2418,4,656,9,2003,7.5,1649,1462.998710277736,723,49.3358973600409,3025,310.3512815202863,1689
3447,Michael J. Boskin,multiple-field,North America,Stanford,12,1477,12,1604,337.8179983363823,1291,873.0,1382,33,1137,6,525,10,906,19.5,1041,5,545,13,1535,9.5,1356,1416.2114355130864,733,257.1672749384362,1370,1765.1709245690536,714
3448,Arun G. Chandrasekhar,multiple-field,North America,Stanford,14,1239,15,1353,809.5912548934801,608,1492.0,952,21,1766,10,280,10,906,15.5,1343,7,384,18,1177,14.0,936,3292.5640554947377,526,796.5068340453247,468,8662.575174498572,275
3449,Roberto Corrao,micro_theory,North America,Stanford,3,3600,1,3809,37.74917217635375,3377,49.0,3575,7,3309,3,924,4,1786,5.0,2983,0,3203,4,2882,4.0,2445,30.398519063483693,3123,40.48332962798263,3212,153.9333185119305,2260
3450,Jose Ignacio Cuesta,i_organization,North America,Stanford,2,3967,0,4385,8.12403840463596,4167,12.0,4154,4,3855,1,1576,2,2431,2.5,3719,0,3203,1,3860,1.5,3437,7.535533905932738,3981,8.071067811865476,4114,16.14213562373095,3928
3451,Mark Duggan,p_finance,North America,Stanford,28,386,35,527,776.9890604120499,630,3194.0,527,45,770,15,142,25,268,30.0,588,15,113,35,538,26.0,403,24903.332108372888,162,350.14474484914723,1034,5378.315917586356,385
3452,Liran Einav,multiple-field,North America,Stanford,34,230,53,259,883.0526598114067,568,4668.0,371,73,372,20,83,36,128,46.5,267,17,95,56,241,41.5,158,22336.14765729611,171,797.0032174965557,467,16338.06756742767,151
3453,Matthew Gentzkow,multiple-field,North America,Stanford,38,176,45,357,4917.61436064277,50,14539.0,88,64,480,28,35,34,148,46.0,276,24,40,49,313,39.0,182,125832.8316100298,41,4539.273877742295,36,130855.94245452656,17
3454,Han Hong,econometrics,North America,Stanford,22,617,33,565,680.4292762660937,707,2522.0,647,49,693,8,386,31,175,28.5,630,8,320,33,579,26.0,403,5681.623589699528,403,550.70802463203,680,4893.37222168827,399
3455,Caroline Hoxby,labor,North America,Stanford,21,669,23,906,989.6842930955304,507,3295.0,515,36,1023,11,246,13,700,23.5,827,11,201,23,925,17.0,742,19710.676922955805,192,464.05739150796336,797,5448.6886980955605,381
3456,Allan Hsiao,p_finance,North America,Stanford,1,4388,0,4385,1.0,4570,1.0,4570,2,4322,0,3283,0,3965,1.0,4350,0,3203,0,4408,0.0,4504,0.5,4572,1.0,4561,2.0,4561
3457,Guido W Imbens,econometrics,North America,Stanford,67,21,95,77,8017.020144667219,22,40314.0,11,120,125,26,45,62,26,73.0,92,24,40,97,77,65.0,58,207764.00212784868,25,7430.585606230777,19,199950.81136823096,9
3458,Matthew O. Jackson,micro_theory,North America,Stanford,63,29,117,54,3899.4877868766303,86,19191.0,53,156,71,37,10,81,12,96.5,52,28,25,126,48,87.5,21,114272.0726148363,45,3714.7750067126185,63,139793.45025507952,15
3459,Ravi Jagadeesan,micro_theory,North America,Stanford,4,3256,2,3404,37.05401462729781,3389,75.0,3312,16,2168,3,924,5,1568,9.5,2035,1,1424,4,2882,4.5,2297,88.07016611313708,2241,20.97220075561143,3674,75.88880302244571,2869
3460,Patrick Kehoe,macro,North America,Stanford,36,203,46,346,1122.266011246888,432,5267.0,325,53,615,27,41,43,79,40.0,354,25,35,48,326,38.5,191,73943.46652949887,68,469.981940941163,788,12431.494346352563,195
3461,Benny Kleinman,i_trade,North America,Stanford,2,3967,1,3809,27.202941017470888,3602,34.0,3769,2,4322,1,1576,1,2917,1.5,4125,1,1424,1,3860,1.0,3730,30.0,3131,9.0,4072,18.0,3868
3462,Jonathan Levin,multiple-field,North America,Stanford,31,296,38,469,1035.4670443814232,486,4554.0,382,44,790,18,103,23,303,31.0,565,18,84,38,480,28.5,340,38980.07767956966,113,677.6104911233599,553,12551.599331343838,192
3463,Thomas E. Macurdy,other,North America,Stanford,32,272,69,158,1406.088901883519,323,5660.0,295,113,148,3,924,9,991,58.0,172,3,816,69,166,38.0,196,1118.8647750177506,812,1404.848779291119,244,5611.395117164476,370
3464,Neale Mahoney,p_finance,North America,Stanford,17,948,20,1048,343.6189750290283,1270,1262.0,1082,28,1363,12,216,15,589,20.0,1011,9,268,23,925,18.0,684,7113.218120715571,366,212.63897926375125,1541,2621.306730428766,577
3465,Paul Milgrom,micro_theory,North America,Stanford,37,189,47,332,4379.9076474281965,67,15737.0,76,67,442,15,142,27,228,41.0,333,14,128,48,326,32.0,272,31957.333067962856,135,4269.530878957162,45,68088.49406331459,41
3466,Melanie Morten,development,North America,Stanford,7,2425,7,2254,240.10414407085935,1630,484.0,1865,10,2874,3,924,4,1786,6.5,2616,3,816,7,2299,5.5,2026,846.3318325349098,908,121.71815362445628,2121,478.8726144978251,1354
3467,Muriel Niederle,behavior-experiment,North America,Stanford,28,386,36,503,2392.606110499595,165,6264.0,265,42,840,14,160,16,541,28.0,646,14,128,36,514,25.0,431,33146.90027802373,129,698.0270462489038,538,10275.405693733555,236
3468,Monika Piazzesi,finance,North America,Stanford,17,948,17,1215,1260.7081343435525,371,3923.0,445,27,1408,9,329,17,493,18.0,1148,7,384,19,1119,15.5,820,11713.164962497278,280,946.9546897371962,390,9389.546897371962,256
3469,Luigi Pistaferri,multiple-field,North America,Stanford,32,272,48,318,980.900096849827,511,4359.0,399,57,557,20,83,40,98,38.5,391,17,95,51,289,37.5,199,33107.04022442243,130,528.620683810637,709,10702.034360023375,226
3470,Joseph P. Romano,econometrics,North America,Stanford,36,203,61,204,1782.6505546516962,248,6075.0,270,86,268,8,386,13,700,47.0,257,6,456,63,196,36.5,210,4988.099883047252,433,1705.387109648238,179,15285.483986834142,168
3471,Alvin Roth,multiple-field,North America,Stanford,62,32,136,31,2533.5613274598268,155,16439.0,70,185,51,27,41,48,55,106.0,39,25,35,138,31,83.5,25,127791.00162514164,40,1689.1717721102114,184,46568.80961908592,62
3472,Ilya Segal,micro_theory,North America,Stanford,24,528,28,696,849.1807816949228,588,2996.0,557,40,899,14,160,21,355,27.0,674,14,128,28,718,21.0,550,24445.055928759037,164,291.6040345528141,1220,4179.060518292211,442
3473,Isaac Sorkin,labor,North America,Stanford,7,2425,7,2254,979.8464165367958,512,1283.0,1070,9,3018,5,627,7,1234,7.0,2517,4,656,8,2146,7.0,1731,2622.003525430944,574,114.5627673984187,2182,663.3766043905122,1168
3474,Alessandra Voena,development,North America,Stanford,10,1802,10,1828,516.7010741231336,896,1222.0,1105,10,2874,6,525,9,991,8.0,2304,6,456,10,1859,8.0,1567,5244.856647628774,424,139.8992158304148,1984,944.2945108129036,967
3475,Frank Wolak,i_organization,North America,Stanford,25,490,43,396,721.5829820609686,669,2792.0,582,77,332,5,627,11,832,41.0,333,5,545,43,408,25.5,418,4217.168907885974,471,410.664886328605,894,2439.98931797163,599
3476,Petra Persson,multiple-field,North America,Stanford,9,1992,8,2100,254.13972534808485,1567,563.0,1728,12,2609,4,749,5,1568,8.0,2304,3,816,9,2003,6.5,1818,545.4361525823457,1049,197.5432768142567,1624,972.7163840712836,952
3477,Stephen Redding,i_trade,North America,Stanford,46,100,59,219,2303.9817707612183,170,11628.0,118,73,372,24,56,34,148,48.5,239,23,45,60,218,42.5,151,91333.5566896498,55,1977.3020759728893,143,48857.55189932224,58
3478,Laurence C. Baker,multiple-field,North America,Stanford,54,55,131,39,1863.0287169015944,238,11252.0,126,192,45,2,1169,13,700,97.0,50,1,1424,132,38,67.5,50,1014.7288304665478,850,1864.326233504753,157,5589.978700514259,371
3479,Darrell Duffie,finance,North America,Stanford,50,78,78,117,3108.314655886691,124,15032.0,84,103,179,14,160,37,116,58.5,168,11,201,81,114,48.5,117,34741.440553857734,125,2329.9764679288087,111,34754.64701893213,89
3480,Mohammad Akbarpour,micro_theory,North America,Stanford,8,2197,7,2254,111.76761606118296,2387,256.0,2402,15,2273,8,386,9,991,11.5,1753,4,656,11,1737,9.5,1356,1133.1379493057257,805,34.11512971440119,3340,244.0361674296107,1896
3481,Peter C. Reiss,multiple-field,North America,Stanford,13,1348,13,1510,524.7027730058228,887,1373.0,1015,15,2273,2,1169,7,1234,8.5,2203,2,1039,13,1535,8.0,1567,730.0051763889755,949,375.6308338453881,975,1123.8925015361642,891
3482,Andrzej Skrzypacz,micro_theory,North America,Stanford,23,568,30,633,267.4210163767986,1508,1276.0,1073,41,868,17,114,27,228,29.0,616,14,128,33,579,26.5,389,10423.01419225272,297,182.072711251739,1709,2989.3088025313023,542
3483,Erik Brynjolfsson,multiple-field,North America,Stanford,60,38,86,102,5244.326172159776,44,27791.0,28,118,132,4,749,6,1392,61.0,147,4,656,86,103,45.0,140,9890.067686281744,309,4914.285836893816,31,24556.42918446908,108
3484,John B. Taylor,macro,North America,Stanford,29,352,45,357,4354.583332535962,70,8680.0,176,94,227,8,386,21,355,51.0,216,6,456,47,340,30.0,313,8433.141401900575,341,4319.175129822495,42,38809.57616840245,81
3485,Gavin Wright,history,North America,Stanford,17,948,22,952,408.5853643976984,1110,1220.0,1109,44,790,4,749,6,1392,24.0,802,4,656,22,972,13.0,1007,1190.6095023844232,785,259.52103631599493,1356,1282.605181579975,842
3486,Timothy F. Bresnahan,i_organization,North America,Stanford,23,568,32,583,2697.314219737849,143,7382.0,216,43,813,6,525,14,640,24.5,776,5,545,33,579,20.0,589,5971.809630870938,392,2025.7207727802377,136,14145.045409461663,179
3487,Lawrence H. Goulder,p_finance,North America,Stanford,40,151,47,332,1623.9738298383998,274,7569.0,207,70,404,5,627,13,700,37.5,409,5,545,47,340,26.0,403,4638.371744052445,450,1533.6091717636657,213,9177.655030581996,262
3488,Avner Greif,history,North America,Stanford,23,568,27,733,2789.4447476155538,136,6932.0,234,34,1095,7,445,10,906,20.5,981,7,384,27,755,17.5,716,11198.220292416549,291,2387.46235004883,109,19051.69880039064,131
3489,Robert E. Hall,macro,North America,Stanford,33,250,44,375,4676.0597729284855,56,10375.0,141,82,287,26,45,35,139,54.0,198,21,57,49,313,39.5,174,106310.82945596456,49,421.2252522296621,880,10698.081810200876,227
3490,Donald J. Harris,multiple-field,North America,Stanford,1,4388,0,4385,3.1622776601683795,4423,4.0,4413,5,3656,0,3283,0,3965,2.5,3719,0,3203,0,4408,0.0,4504,1.5811388300841898,4427,3.1622776601683795,4383,4.16227766016838,4392
3491,Anne O. Krueger,multiple-field,North America,Stanford,20,726,33,565,598.9065035546032,797,2177.0,724,78,323,6,525,12,763,42.0,319,4,656,35,538,21.0,550,1374.4359986434956,741,509.4888280786377,732,3531.421796550464,490
3492,Mordecai Kurz,multiple-field,North America,Stanford,17,948,27,733,221.6957374421078,1699,857.0,1394,36,1023,3,924,16,541,19.5,1041,3,816,27,755,17.5,716,447.46336401127,1150,208.99757280123472,1559,827.9902912049389,1047
3493,Roger Noll,multiple-field,North America,Stanford,21,669,29,665,1801.1673992164085,247,3298.0,513,56,569,3,924,5,1568,29.5,601,3,816,29,684,16.5,766,1111.240604132784,815,1803.5760189450489,165,7206.304075780195,311
3494,Aarti Singh,macro,Oceania,Sydney,6,2677,1,3809,28.827070610799147,3559,77.0,3292,13,2492,0,3283,6,1392,6.5,2616,0,3203,1,3860,3.0,2752,14.413535305399574,3621,28.827070610799147,3447,29.827070610799147,3561
3495,Adrian Pagan,econometrics,Oceania,Sydney,30,323,52,269,1434.2562532546267,320,6037.0,274,79,311,3,924,19,415,41.0,333,3,816,52,280,30.0,313,1701.1571414896391,684,1408.8442303470183,242,5627.376921388073,368
3496,Agnieszka Tymula,behavior-experiment,Oceania,Sydney,15,1141,17,1215,406.9422563460325,1113,1150.0,1154,38,953,0,3283,2,2431,19.0,1075,0,3203,17,1241,9.0,1418,203.47112817301624,1571,406.9422563460325,901,407.9422563460325,1476
3497,Alastair Fraser,other,Oceania,Sydney,7,2425,4,2824,100.2496882788171,2501,184.0,2679,10,2874,0,3283,0,3965,5.0,2983,0,3203,4,2882,2.0,3174,50.12484413940855,2705,100.2496882788171,2336,101.2496882788171,2633
3498,Anastasia Burkovskaya,multiple-field,Oceania,Sydney,2,3967,0,4385,7.416198487095663,4198,13.0,4130,6,3475,0,3283,0,3965,3.0,3545,0,3203,0,4408,0.0,4504,3.708099243547832,4215,7.416198487095663,4145,8.416198487095663,4172
3499,Andrew Wait,micro_theory,Oceania,Sydney,8,2197,7,2254,44.71017781221632,3231,173.0,2737,35,1061,0,3283,3,2072,17.5,1186,0,3203,7,2299,4.0,2445,22.35508890610816,3337,44.71017781221632,3102,45.71017781221632,3270
3500,Arezou Zaresani,labor,Oceania,Sydney,4,3256,4,2824,83.64807230295268,2671,153.0,2818,7,3309,0,3283,1,2917,3.5,3382,0,3203,4,2882,2.0,3174,41.82403615147634,2847,83.64807230295268,2514,84.64807230295268,2776
3501,Ashani Amarasinghe,political_econ,Oceania,Sydney,2,3967,0,4385,7.280109889280518,4204,11.0,4176,4,3855,0,3283,3,2072,2.0,3907,0,3203,0,4408,1.5,3437,3.640054944640259,4220,7.280109889280518,4152,8.280109889280517,4177
3502,Brendan K Beare,econometrics,Oceania,Sydney,13,1348,16,1280,125.59060474414476,2266,439.0,1943,29,1320,2,1169,3,2072,15.5,1343,2,1039,16,1309,9.0,1418,219.8337341490554,1516,90.34025130143112,2439,268.0207539042933,1821
3503,Chandana Maitra,development,Oceania,Sydney,6,2677,5,2603,103.19399207318224,2475,201.0,2611,10,2874,0,3283,0,3965,5.0,2983,0,3203,5,2654,2.5,2945,51.59699603659112,2678,103.19399207318224,2303,104.19399207318224,2602
3504,Christian Gillitzer,multiple-field,Oceania,Sydney,9,1992,8,2100,90.20532135079394,2599,247.0,2442,15,2273,0,3283,1,2917,7.5,2418,0,3203,8,2146,4.0,2445,45.10266067539697,2788,90.20532135079394,2441,91.20532135079394,2714
3505,Christopher G. Gibbs,macro,Oceania,Sydney,4,3256,1,3809,19.77371993328519,3804,43.0,3658,9,3018,0,3283,1,2917,4.5,3116,0,3203,1,3860,0.5,4086,9.886859966642596,3837,19.77371993328519,3706,20.77371993328519,3788
3506,Dakyung Seong,econometrics,Oceania,Sydney,2,3967,0,4385,6.4031242374328485,4247,9.0,4234,4,3855,0,3283,0,3965,2.0,3907,0,3203,0,4408,0.0,4504,3.2015621187164243,4260,6.4031242374328485,4198,7.403124237432848,4218
3507,David Ubilava,multiple-field,Oceania,Sydney,14,1239,18,1155,180.646062785769,1919,647.0,1623,25,1518,0,3283,0,3965,12.5,1623,0,3203,18,1177,9.0,1418,90.3230313928845,2224,180.646062785769,1718,181.646062785769,2132
3508,Deborah A. Cobb-Clark,labor,Oceania,Sydney,33,250,76,123,891.7028653088427,563,4492.0,388,113,148,1,1576,14,640,57.0,177,1,1424,76,130,41.5,158,524.05348776921,1069,889.1069755384201,422,1778.2139510768402,708
3509,Denny Lie,macro,Oceania,Sydney,4,3256,0,4385,12.727922061357855,4013,28.0,3857,8,3159,0,3283,1,2917,4.0,3242,0,3203,0,4408,0.5,4086,6.363961030678928,4032,12.727922061357855,3938,13.727922061357855,3985
3510,Ellen Stuart,p_finance,Oceania,Sydney,1,4388,0,4385,5.0990195135927845,4310,6.0,4335,3,4085,1,1576,2,2431,2.0,3907,0,3203,1,3860,1.5,3437,5.500000000000001,4083,2.0,4473,4.0,4412
3511,Garry Barrett,labor,Oceania,Sydney,20,726,26,777,415.72346577983785,1094,1200.0,1120,36,1023,1,1576,9,991,18.5,1111,1,1424,26,797,14.0,936,464.7405347802069,1125,192.4810695604137,1648,384.9621391208274,1518
3512,Graham White,macro,Oceania,Sydney,4,3256,3,3094,29.715315916207253,3542,65.0,3397,12,2609,0,3283,0,3965,6.0,2731,0,3203,3,3149,1.5,3437,14.857657958103626,3604,29.715315916207253,3429,30.715315916207253,3544
3513,Gregor Pfeifer,multiple-field,Oceania,Sydney,7,2425,6,2423,91.14823092084671,2591,196.0,2630,11,2737,0,3283,3,2072,5.5,2853,0,3203,6,2464,4.0,2445,45.57411546042336,2781,91.14823092084671,2432,92.14823092084671,2708
3514,Hayley Fisher,labor,Oceania,Sydney,6,2677,5,2603,48.56953777832357,3169,113.0,3048,9,3018,0,3283,1,2917,4.5,3116,0,3203,5,2654,3.0,2752,24.284768889161786,3284,48.56953777832357,3041,49.56953777832357,3212
3515,Hugh Harley,other,Oceania,Sydney,0,4667,0,4385,0.0,4667,0.0,4667,1,4577,0,3283,0,3965,0.5,4588,0,3203,0,4408,0.0,4504,0.0,4667,0.0,4669,1.0,4669
3516,Mokhtarul Wadud Ikm,multiple-field,Oceania,Sydney,7,2425,6,2423,121.79901477434043,2304,273.0,2344,11,2737,0,3283,0,3965,5.5,2853,0,3203,6,2464,3.0,2752,60.89950738717022,2540,121.79901477434043,2120,122.79901477434043,2456
3517,Jasmine Jiang,i_trade,Oceania,Sydney,1,4388,0,4385,3.1622776601683795,4423,4.0,4413,2,4322,0,3283,0,3965,1.0,4350,0,3203,0,4408,0.0,4504,1.5811388300841898,4427,3.1622776601683795,4383,4.16227766016838,4392
3518,James Morley,macro,Oceania,Sydney,22,617,34,548,404.3921364220625,1118,1701.0,855,54,596,0,3283,15,589,27.0,674,0,3203,34,558,18.5,651,202.19606821103125,1575,404.3921364220625,909,405.3921364220625,1483
3519,Jiemai Wu,micro_theory,Oceania,Sydney,1,4388,1,3809,10.04987562112089,4091,11.0,4176,2,4322,0,3283,1,2917,1.0,4350,0,3203,1,3860,1.0,3730,5.024937810560445,4108,10.04987562112089,4028,11.04987562112089,4065
3520,Jingni Yang,micro_theory,Oceania,Sydney,4,3256,1,3809,14.696938456699067,3968,28.0,3857,6,3475,1,1576,2,2431,3.5,3382,0,3203,2,3459,1.5,3437,11.071067811865476,3773,15.142135623730953,3874,30.284271247461906,3552
3521,Jordi Vidal Robert,other,Oceania,Sydney,2,3967,1,3809,24.08318915758459,3672,26.0,3893,3,4085,0,3283,0,3965,1.5,4125,0,3203,1,3860,0.5,4086,12.041594578792296,3715,24.08318915758459,3567,25.08318915758459,3657
3522,Juliana Silva Goncalves,behavior-experiment,Oceania,Sydney,4,3256,2,3404,21.79449471770337,3743,43.0,3658,9,3018,0,3283,1,2917,4.5,3116,0,3203,2,3459,1.5,3437,10.897247358851684,3783,21.79449471770337,3646,22.79449471770337,3726
3523,Kadir Atalay,multiple-field,Oceania,Sydney,15,1141,23,906,178.30030846860586,1929,705.0,1552,41,868,0,3283,4,1786,20.5,981,0,3203,23,925,12.0,1098,89.15015423430293,2232,178.30030846860586,1733,179.30030846860586,2142
3524,Katrien Stevens,labor,Oceania,Sydney,4,3256,3,3094,255.75965279926388,1559,309.0,2248,6,3475,1,1576,1,2917,3.5,3382,1,1424,3,3149,2.0,3174,268.974979131872,1407,30.949958263743877,3399,61.89991652748775,3047
3525,Kelly Neill,i_organization,Oceania,Sydney,2,3967,0,4385,7.280109889280518,4204,9.0,4234,2,4322,0,3283,0,3965,1.0,4350,0,3203,0,4408,0.0,4504,3.640054944640259,4220,7.280109889280518,4152,8.280109889280517,4177
3526,Luke Hartigan,multiple-field,Oceania,Sydney,4,3256,1,3809,15.459624833740309,3945,35.0,3754,8,3159,0,3283,0,3965,4.0,3242,0,3203,1,3860,0.5,4086,7.729812416870153,3971,15.459624833740309,3860,16.459624833740307,3917
3527,Malcolm Edey,finance,Oceania,Sydney,2,3967,1,3809,46.69047011971501,3196,54.0,3505,2,4322,0,3283,0,3965,1.0,4350,0,3203,1,3860,0.5,4086,23.345235059857504,3308,46.69047011971501,3068,47.69047011971501,3240
3528,Marcel Peruffo,development,Oceania,Sydney,1,4388,1,3809,21.0,3765,21.0,3971,1,4577,0,3283,0,3965,0.5,4588,0,3203,1,3860,0.5,4086,10.5,3804,21.0,3670,22.0,3749
3529,Marian Vidal-Fernandez,labor,Oceania,Sydney,8,2197,6,2423,152.17095649301808,2080,354.0,2127,12,2609,0,3283,2,2431,6.0,2731,0,3203,6,2464,3.0,2752,76.08547824650904,2360,152.17095649301808,1897,153.17095649301808,2263
3530,Mariano Kulish,macro,Oceania,Sydney,9,1992,9,1961,87.3040663428686,2631,260.0,2387,19,1915,0,3283,4,1786,9.5,2035,0,3203,9,2003,5.0,2147,43.6520331714343,2820,87.3040663428686,2477,88.3040663428686,2745
3531,Mark Melatos,i_trade,Oceania,Sydney,6,2677,4,2824,42.83689998120779,3284,97.0,3145,13,2492,0,3283,1,2917,6.5,2616,0,3203,4,2882,2.0,3174,21.418449990603897,3383,42.83689998120779,3166,43.83689998120779,3316
3532,Melissa Song,macro,Oceania,Sydney,1,4388,0,4385,3.0,4440,3.0,4453,1,4577,0,3283,1,2917,0.5,4588,0,3203,0,4408,0.5,4086,1.5,4444,3.0,4407,4.0,4412
3533,Mengke Wang,micro_theory,Oceania,Sydney,0,4667,0,4385,0.0,4667,0.0,4667,2,4322,0,3283,0,3965,1.0,4350,0,3203,0,4408,0.0,4504,0.0,4667,0.0,4669,1.0,4669
3534,Mert Kimya,micro_theory,Oceania,Sydney,4,3256,2,3404,27.65863337187866,3597,61.0,3436,10,2874,0,3283,4,1786,5.0,2983,0,3203,2,3459,3.0,2752,13.82931668593933,3653,27.65863337187866,3486,28.65863337187866,3593
3535,Moyu Liao,econometrics,Oceania,Sydney,0,4667,0,4385,0.0,4667,0.0,4667,2,4322,0,3283,1,2917,1.0,4350,0,3203,0,4408,0.5,4086,0.0,4667,0.0,4669,1.0,4669
3536,Murali Agastya,micro_theory,Oceania,Sydney,5,2944,3,3094,41.689327171351664,3307,94.0,3169,13,2492,1,1576,8,1097,7.0,2517,1,1424,3,3149,4.5,2297,41.04406054905931,2856,35.08812109811862,3316,70.17624219623724,2938
3537,Nanyin Yang,behavior-experiment,Oceania,Sydney,0,4667,0,4385,0.0,4667,0.0,4667,1,4577,0,3283,0,3965,0.5,4588,0,3203,0,4408,0.0,4504,0.0,4667,0.0,4669,1.0,4669
3538,Oleksii Birulin,micro_theory,Oceania,Sydney,4,3256,0,4385,14.177446878757824,3977,35.0,3754,9,3018,0,3283,4,1786,4.5,3116,0,3203,0,4408,2.0,3174,7.088723439378913,3999,14.177446878757824,3896,15.177446878757824,3947
3539,Onur Kesten,micro_theory,Oceania,Sydney,14,1239,16,1280,188.27108115693176,1871,624.0,1655,30,1275,2,1169,12,763,16.0,1305,1,1424,17,1241,11.0,1189,191.94689849472692,1619,147.89379698945393,1926,440.6813909683618,1416
3540,Pablo Guillen Alvarez,behavior-experiment,Oceania,Sydney,1,4388,0,4385,1.0,4570,1.0,4570,2,4322,0,3283,0,3965,1.0,4350,0,3203,0,4408,0.0,4504,0.5,4572,1.0,4561,2.0,4561
3541,Ranae Jabri,labor,Oceania,Sydney,0,4667,0,4385,0.0,4667,0.0,4667,1,4577,0,3283,0,3965,0.5,4588,0,3203,0,4408,0.0,4504,0.0,4667,0.0,4669,1.0,4669
3542,Rebecca Edwards,multiple-field,Oceania,Sydney,6,2677,6,2423,66.27216610312357,2893,146.0,2856,11,2737,0,3283,0,3965,5.5,2853,0,3203,6,2464,3.0,2752,33.13608305156178,3049,66.27216610312357,2751,67.27216610312357,2976
3543,Russell Toth,multiple-field,Oceania,Sydney,5,2944,5,2603,108.65541864076545,2420,208.0,2578,11,2737,0,3283,1,2917,5.5,2853,0,3203,5,2654,3.0,2752,54.32770932038272,2633,108.65541864076545,2238,109.65541864076545,2555
3544,Shauna Phillips,i_finance,Oceania,Sydney,2,3967,2,3404,26.095976701399778,3625,37.0,3719,5,3656,0,3283,0,3965,2.5,3719,0,3203,2,3459,1.0,3730,13.047988350699889,3679,26.095976701399778,3519,27.095976701399778,3617
3545,Shyamal K. Chowdhury,development,Oceania,Sydney,10,1802,11,1709,496.6638702382125,933,1079.0,1218,21,1766,2,1169,5,1568,11.5,1753,2,1039,11,1737,8.0,1567,787.2824469500263,924,302.99501657004225,1180,905.9850497101268,996
3546,Simon Kwok,finance,Oceania,Sydney,7,2425,7,2254,79.27799190191436,2709,207.0,2583,21,1766,0,3283,2,2431,10.5,1890,0,3203,7,2299,4.0,2445,39.63899595095718,2880,79.27799190191436,2565,80.27799190191436,2814
3547,Stefanie Schurer,labor,Oceania,Sydney,18,872,25,816,748.977970303533,647,2012.0,761,39,924,0,3283,7,1234,19.5,1041,0,3203,25,834,14.0,936,374.4889851517665,1231,748.977970303533,499,749.977970303533,1099
3548,Stella Huangfu,macro,Oceania,Sydney,4,3256,1,3809,17.635192088548397,3868,43.0,3658,10,2874,0,3283,5,1568,5.0,2983,0,3203,1,3860,2.5,2945,8.817596044274199,3898,17.635192088548397,3776,18.6351920885484,3847
3549,Stephen Whelan,multiple-field,Oceania,Sydney,10,1802,12,1604,86.63140308225418,2639,301.0,2265,33,1137,0,3283,0,3965,16.5,1262,0,3203,12,1632,6.0,1923,43.31570154112709,2824,86.63140308225418,2482,87.63140308225418,2749
3550,Stephen Cheung,behavior-experiment,Oceania,Sydney,11,1625,11,1709,105.78752289377042,2446,325.0,2201,20,1840,1,1576,2,2431,10.5,1890,1,1424,11,1737,6.0,1923,91.32701108076104,2213,97.65402216152208,2370,195.30804432304416,2068
3551,Suraj Prasad,micro_theory,Oceania,Sydney,5,2944,3,3094,24.79919353527449,3654,63.0,3415,10,2874,0,3283,4,1786,5.0,2983,0,3203,3,3149,2.5,2945,12.399596767637243,3703,24.79919353527449,3549,25.79919353527449,3645
3552,Tiho Ancev,multiple-field,Oceania,Sydney,15,1141,20,1048,774.2577090349182,632,1725.0,845,52,637,0,3283,0,3965,26.0,718,0,3203,20,1065,10.0,1294,387.1288545174591,1215,774.2577090349182,484,775.2577090349182,1081
3553,Timothy C. G. Fisher,multiple-field,Oceania,Sydney,7,2425,6,2423,74.45132638173749,2780,203.0,2600,18,1994,0,3283,1,2917,9.0,2114,0,3203,6,2464,3.0,2752,37.22566319086874,2940,74.45132638173749,2639,75.45132638173749,2873
3554,Tony Aspromourgos,history,Oceania,Sydney,11,1625,13,1510,95.43060305792896,2547,317.0,2228,40,899,0,3283,0,3965,20.0,1011,0,3203,13,1535,6.5,1818,47.71530152896448,2742,95.43060305792896,2389,96.43060305792896,2674
3555,Won-Ki Seo,econometrics,Oceania,Sydney,5,2944,3,3094,30.298514815086232,3525,76.0,3301,12,2609,0,3283,0,3965,6.0,2731,0,3203,3,3149,1.5,3437,15.149257407543116,3589,30.298514815086232,3414,31.298514815086232,3530
3556,Xuetao Shi,econometrics,Oceania,Sydney,2,3967,0,4385,6.708203932499369,4230,11.0,4176,4,3855,0,3283,2,2431,2.0,3907,0,3203,0,4408,1.0,3730,3.3541019662496847,4246,6.708203932499369,4183,7.708203932499369,4204
3557,Ye Lu,econometrics,Oceania,Sydney,3,3600,0,4385,12.806248474865695,4012,24.0,3921,5,3656,0,3283,3,2072,2.5,3719,0,3203,0,4408,1.5,3437,6.4031242374328485,4031,12.806248474865695,3937,13.806248474865695,3984
3558,Yucheng Wang,p_finance,Oceania,Sydney,1,4388,0,4385,8.06225774829855,4171,9.0,4234,7,3309,0,3283,0,3965,3.5,3382,0,3203,0,4408,0.0,4504,4.031128874149275,4187,8.06225774829855,4117,9.06225774829855,4146
3559,Maylis Avaro,history,Europe,TCD,2,3967,0,4385,6.324555320336759,4256,8.0,4272,4,3855,0,3283,0,3965,2.0,3907,0,3203,0,4408,0.0,4504,3.1622776601683795,4269,6.324555320336759,4207,7.324555320336759,4227
3560,Agustin Benetrix,multiple-field,Europe,TCD,9,1992,9,1961,190.5806915718379,1857,513.0,1805,19,1915,0,3283,1,2917,9.5,2035,0,3203,9,2003,5.0,2147,95.29034578591894,2172,190.5806915718379,1662,191.5806915718379,2083
3561,Jian Cao,political_econ,Europe,TCD,4,3256,2,3404,40.95119045888654,3315,67.0,3375,5,3656,0,3283,0,3965,2.5,3719,0,3203,2,3459,1.0,3730,20.47559522944327,3407,40.95119045888654,3199,41.95119045888654,3345
3562,Eleanor Denny,multiple-field,Europe,TCD,23,568,35,527,750.4125531999048,646,2403.0,666,53,615,0,3283,0,3965,26.5,696,0,3203,35,538,17.5,716,375.2062765999524,1230,750.4125531999048,498,751.4125531999048,1098
3563,Nicola Fontana,political_econ,Europe,TCD,1,4388,1,3809,10.0,4097,10.0,4201,1,4577,0,3283,0,3965,0.5,4588,0,3203,1,3860,0.5,4086,5.0,4116,10.0,4036,11.0,4071
3564,Selim Gulesci,development,Europe,TCD,8,2197,7,2254,230.2846065198453,1660,461.0,1904,14,2384,3,924,8,1097,8.5,2203,2,1039,8,2146,6.5,1818,502.6363501693053,1088,165.27137763635335,1814,653.0855105454134,1177
3565,Michael King,development,Europe,TCD,4,3256,3,3094,62.32976816898969,2960,103.0,3101,4,3855,0,3283,0,3965,2.0,3907,0,3203,3,3149,1.5,3437,31.164884084494844,3106,62.32976816898969,2821,63.32976816898969,3028
3566,Martina Kirchberger,labor,Europe,TCD,5,2944,4,2824,122.31107881136523,2301,204.0,2595,6,3475,0,3283,1,2917,3.0,3545,0,3203,4,2882,2.0,3174,61.155539405682624,2537,122.31107881136523,2118,123.31107881136523,2454
3567,Joseph Kopecky,i_trade,Europe,TCD,4,3256,0,4385,12.884098726725126,4009,26.0,3893,6,3475,0,3283,0,3965,3.0,3545,0,3203,0,4408,0.0,4504,6.442049363362563,4028,12.884098726725126,3934,13.884098726725126,3981
3568,Ronan Lyons,multiple-field,Europe,TCD,9,1992,8,2100,243.85651518874784,1609,452.0,1918,24,1571,0,3283,0,3965,12.0,1681,0,3203,8,2146,4.0,2445,121.92825759437392,1979,243.85651518874784,1418,244.85651518874784,1892
3569,Martyna Marczak,multiple-field,Europe,TCD,7,2425,5,2603,44.21538193886829,3246,113.0,3048,11,2737,0,3283,0,3965,5.5,2853,0,3203,5,2654,2.5,2945,22.107690969434145,3349,44.21538193886829,3117,45.21538193886829,3282
3570,Tara Mitchell,development,Europe,TCD,2,3967,1,3809,11.40175425099138,4050,14.0,4102,3,4085,0,3283,0,3965,1.5,4125,0,3203,1,3860,0.5,4086,5.70087712549569,4067,11.40175425099138,3978,12.40175425099138,4021
3571,Gaia Narciso,multiple-field,Europe,TCD,9,1992,9,1961,185.85747227378292,1881,477.0,1871,16,2168,0,3283,4,1786,8.0,2304,0,3203,9,2003,5.5,2026,92.92873613689147,2194,185.85747227378292,1683,186.85747227378292,2107
3572,Carol Newman,multiple-field,Europe,TCD,21,669,29,665,357.2058230208461,1221,1378.0,1012,39,924,0,3283,4,1786,19.5,1041,0,3203,29,684,15.0,864,178.60291151042304,1665,357.2058230208461,1016,358.2058230208461,1568
3573,Sharyn O'Halloran,political_econ,Europe,TCD,15,1141,17,1215,610.3286000180558,783,1471.0,967,26,1461,0,3283,0,3965,13.0,1571,0,3203,17,1241,8.5,1487,305.1643000090279,1342,610.3286000180558,617,611.3286000180558,1217
3574,Alejandra Ramos,labor,Europe,TCD,1,4388,0,4385,7.14142842854285,4210,9.0,4234,3,4085,0,3283,1,2917,1.5,4125,0,3203,0,4408,0.5,4086,3.570714214271425,4226,7.14142842854285,4159,8.14142842854285,4183
3575,Barra Roantree,p_finance,Europe,TCD,4,3256,1,3809,19.72308292331602,3808,47.0,3604,14,2384,0,3283,1,2917,7.0,2517,0,3203,1,3860,0.5,4086,9.86154146165801,3840,19.72308292331602,3709,20.72308292331602,3791
3576,Davide Romelli,multiple-field,Europe,TCD,11,1625,11,1709,132.4273385672309,2219,377.0,2072,19,1915,0,3283,2,2431,9.5,2035,0,3203,11,1737,6.0,1923,66.21366928361545,2464,132.4273385672309,2036,133.4273385672309,2376
3577,Paul Scanlon,multiple-field,Europe,TCD,2,3967,0,4385,4.58257569495584,4352,7.0,4303,3,4085,0,3283,1,2917,1.5,4125,0,3203,0,4408,0.5,4086,2.29128784747792,4357,4.58257569495584,4313,5.58257569495584,4325
3578,Marvin Suesse,history,Europe,TCD,3,3600,2,3404,33.61547262794322,3457,54.0,3505,5,3656,0,3283,2,2431,2.5,3719,0,3203,2,3459,1.0,3730,16.80773631397161,3540,33.61547262794322,3352,34.61547262794322,3476
3579,Vitaliia Yaremko,labor,Europe,TCD,1,4388,0,4385,1.0,4570,1.0,4570,2,4322,0,3283,1,2917,1.0,4350,0,3203,0,4408,0.5,4086,0.5,4572,1.0,4561,2.0,4561
3580,Chong-En Bai,multiple-field,Asia,THU,21,669,30,633,900.9023254493242,556,3357.0,510,45,770,2,1169,9,991,23.5,827,2,1039,30,649,17.0,742,960.904191459948,862,801.5492480141545,463,2401.6477440424637,604
3581,Jing Cao,multiple-field,Asia,THU,23,568,35,527,476.9465378844887,959,1976.0,770,57,557,0,3283,3,2072,28.5,630,0,3203,35,538,18.0,684,238.47326894224437,1466,476.9465378844887,776,477.9465378844887,1355
3582,Feng Dong,macro,Asia,THU,8,2197,7,2254,59.64897316802696,2993,178.0,2715,25,1518,0,3283,11,832,12.5,1623,0,3203,7,2299,8.0,1567,29.82448658401348,3138,59.64897316802696,2857,60.64897316802696,3060
3583,Yingjie Feng,econometrics,Asia,THU,4,3256,3,3094,70.4769465853906,2832,125.0,2973,7,3309,1,1576,1,2917,4.0,3242,1,1424,3,3149,2.0,3174,75.32077301403062,2368,49.64154602806124,3016,99.28309205612248,2653
3584,Sainan Jin,econometrics,Asia,THU,14,1239,19,1100,240.14370697563567,1628,763.0,1478,30,1275,1,1576,16,541,15.5,1343,1,1424,19,1119,12.5,1053,237.55639394729596,1468,196.1127878945919,1630,392.2255757891838,1504
3585,Mingzhi Li,i_organization,Asia,THU,8,2197,7,2254,92.4824307639024,2573,247.0,2442,34,1095,0,3283,0,3965,17.0,1221,0,3203,7,2299,3.5,2589,46.2412153819512,2768,92.4824307639024,2417,93.4824307639024,2694
3586,Chenyuan Liu,p_finance,Asia,THU,2,3967,0,4385,10.295630140987,4086,14.0,4102,2,4322,0,3283,1,2917,1.0,4350,0,3203,0,4408,0.5,4086,5.1478150704935,4102,10.295630140987,4022,11.295630140987,4058
3587,Qing Liu,i_finance,Asia,THU,1,4388,1,3809,12.0,4037,12.0,4154,1,4577,0,3283,1,2917,0.5,4588,0,3203,1,3860,0.5,4086,6.0,4056,12.0,3963,13.0,4008
3588,Yi Lu,multiple-field,Asia,THU,34,230,60,211,1772.356341145877,250,6589.0,248,78,323,0,3283,15,589,39.0,379,0,3203,60,218,31.0,292,886.1781705729385,884,1772.356341145877,169,1773.356341145877,710
3589,Wenlan Luo,macro,Asia,THU,4,3256,3,3094,49.06118628814432,3157,91.0,3190,8,3159,0,3283,2,2431,4.0,3242,0,3203,3,3149,1.5,3437,24.53059314407216,3273,49.06118628814432,3030,50.06118628814432,3200
3590,Hong Ma,i_trade,Asia,THU,15,1141,22,952,332.3627536292236,1302,1179.0,1131,36,1023,0,3283,5,1568,18.0,1148,0,3203,22,972,12.0,1098,166.1813768146118,1733,332.3627536292236,1096,333.3627536292236,1635
3591,Ouyang Min,econometrics,Asia,THU,4,3256,3,3094,147.29901561110313,2110,233.0,2491,5,3656,0,3283,3,2072,2.5,3719,0,3203,3,3149,1.5,3437,73.64950780555156,2383,147.29901561110313,1933,148.29901561110313,2290
3592,Wenqing Pan,multiple-field,Asia,THU,5,2944,4,2824,139.46325680981354,2161,246.0,2447,15,2273,0,3283,0,3965,7.5,2418,0,3203,4,2882,2.0,3174,69.73162840490677,2424,139.46325680981354,1989,140.46325680981354,2328
3593,Liangshu Qi,labor,Asia,THU,4,3256,3,3094,60.597029630172464,2983,100.0,3122,4,3855,0,3283,0,3965,2.0,3907,0,3203,3,3149,1.5,3437,30.298514815086232,3126,60.597029630172464,2849,61.597029630172464,3052
3594,Yingyi Qian,multiple-field,Asia,THU,28,386,29,665,2031.0817314918668,206,7291.0,221,37,989,8,386,14,640,22.5,866,8,320,29,684,18.5,651,15245.411728641311,233,1821.9275068204904,161,16334.347561384411,152
3595,Liangjun Su,econometrics,Asia,THU,31,296,68,166,461.0683246548173,992,2976.0,562,108,163,1,1576,55,38,54.5,193,1,1424,68,173,44.0,145,383.48951023301817,1217,429.97902046603633,863,859.9580409320727,1022
3596,Tracy Xiao Liu,behavior-experiment,Asia,THU,11,1625,11,1709,366.9100707257842,1202,955.0,1312,23,1634,0,3283,4,1786,11.5,1753,0,3203,11,1737,6.0,1923,183.4550353628921,1648,366.9100707257842,998,367.9100707257842,1550
3597,Binzhen Wu,multiple-field,Asia,THU,14,1239,14,1430,364.1812735438219,1208,1066.0,1231,23,1634,1,1576,5,1568,12.0,1681,1,1424,14,1453,8.5,1487,222.8756478910304,1507,362.7512957820608,1008,725.5025915641215,1119
3598,Kangping Wu,multiple-field,Asia,THU,2,3967,0,4385,5.5677643628300215,4290,11.0,4176,7,3309,0,3283,0,3965,3.5,3382,0,3203,0,4408,0.0,4504,2.7838821814150108,4300,5.5677643628300215,4243,6.5677643628300215,4257
3599,Wen Yao,macro,Asia,THU,4,3256,4,2824,26.38181191654584,3619,56.0,3480,6,3475,0,3283,3,2072,3.0,3545,0,3203,4,2882,2.5,2945,13.19090595827292,3674,26.38181191654584,3512,27.38181191654584,3612
3600,Xiaohan Zhong,multiple-field,Asia,THU,4,3256,3,3094,48.29078587059855,3171,92.0,3183,8,3159,0,3283,4,1786,4.0,3242,0,3203,3,3149,2.5,2945,24.145392935299277,3286,48.29078587059855,3044,49.29078587059855,3215
3601,Tsukasa Ishigaki,other,Asia,Tohoku,8,2197,4,2824,35.90264614203248,3410,151.0,2826,35,1061,0,3283,0,3965,17.5,1186,0,3203,4,2882,2.0,3174,17.95132307101624,3500,35.90264614203248,3303,36.90264614203248,3430
3602,Shigemi Izumida,finance,Asia,Tohoku,2,3967,2,3404,128.87590930814028,2243,155.0,2814,3,4085,0,3283,0,3965,1.5,4125,0,3203,2,3459,1.0,3730,64.43795465407014,2492,128.87590930814028,2065,129.87590930814028,2401
3603,Shinji Ohseto,micro_theory,Asia,Tohoku,8,2197,8,2100,64.20280367709809,2923,208.0,2578,19,1915,0,3283,1,2917,9.5,2035,0,3203,8,2146,4.0,2445,32.101401838549044,3076,64.20280367709809,2784,65.20280367709809,2999
3604,Naoki Odanaka,other,Asia,Tohoku,0,4667,0,4385,0.0,4667,0.0,4667,3,4085,0,3283,0,3965,1.5,4125,0,3203,0,4408,0.0,4504,0.0,4667,0.0,4669,1.0,4669
3605,Yoh Kawana,history,Asia,Tohoku,1,4388,0,4385,3.0,4440,3.0,4453,1,4577,0,3283,0,3965,0.5,4588,0,3203,0,4408,0.0,4504,1.5,4444,3.0,4407,4.0,4412
3606,Nozomu Kawabata,multiple-field,Asia,Tohoku,1,4388,0,4385,5.0,4330,5.0,4375,4,3855,0,3283,0,3965,2.0,3907,0,3203,0,4408,0.0,4504,2.5,4337,5.0,4288,6.0,4300
3607,Akiomi Kitagawa,macro,Asia,Tohoku,4,3256,0,4385,12.12435565298214,4026,27.0,3874,13,2492,0,3283,0,3965,6.5,2616,0,3203,0,4408,0.0,4504,6.06217782649107,4044,12.12435565298214,3951,13.12435565298214,3998
3608,Kazuhiro Kurose,macro,Asia,Tohoku,3,3600,0,4385,8.54400374531753,4151,17.0,4044,6,3475,0,3283,0,3965,3.0,3545,0,3203,0,4408,0.0,4504,4.272001872658765,4167,8.54400374531753,4095,9.54400374531753,4127
3609,Norio Sasaki,p_finance,Asia,Tohoku,1,4388,0,4385,1.0,4570,1.0,4570,1,4577,0,3283,0,3965,0.5,4588,0,3203,0,4408,0.0,4504,0.5,4572,1.0,4561,2.0,4561
3610,Kenichi Suzuki,other,Asia,Tohoku,3,3600,0,4385,9.746794344808963,4109,27.0,3874,23,1634,0,3283,0,3965,11.5,1753,0,3203,0,4408,0.0,4504,4.873397172404482,4128,9.746794344808963,4050,10.746794344808963,4082
3611,Jun Nagayasu,multiple-field,Asia,Tohoku,10,1802,11,1709,110.14081895464552,2405,407.0,1997,41,868,0,3283,0,3965,20.5,981,0,3203,11,1737,5.5,2026,55.07040947732276,2621,110.14081895464552,2222,111.14081895464552,2543
3612,Yuko Nishide,other,Asia,Tohoku,1,4388,0,4385,2.449489742783178,4457,4.0,4413,5,3656,0,3283,0,3965,2.5,3719,0,3203,0,4408,0.0,4504,1.224744871391589,4460,2.449489742783178,4430,3.449489742783178,4432
3613,Shiro Hioki,development,Asia,Tohoku,2,3967,1,3809,22.3159136044214,3729,28.0,3857,4,3855,0,3283,0,3965,2.0,3907,0,3203,1,3860,0.5,4086,11.157956802210698,3768,22.3159136044214,3628,23.3159136044214,3712
3614,Akira Hibiki,multiple-field,Asia,Tohoku,11,1625,12,1604,550.09817305641,853,1088.0,1211,34,1095,0,3283,0,3965,17.0,1221,0,3203,12,1632,6.0,1923,275.049086528205,1399,550.09817305641,682,551.09817305641,1279
3615,Michi Fukushima,i_organization,Asia,Tohoku,2,3967,0,4385,5.385164807134504,4298,9.0,4234,8,3159,0,3283,0,3965,4.0,3242,0,3203,0,4408,0.0,4504,2.692582403567252,4307,5.385164807134504,4250,6.385164807134504,4264
3616,Satoru Masuda,multiple-field,Asia,Tohoku,4,3256,1,3809,20.71231517720798,3776,49.0,3575,18,1994,0,3283,0,3965,9.0,2114,0,3203,1,3860,0.5,4086,10.35615758860399,3812,20.71231517720798,3680,21.71231517720798,3758
3617,Yoshifumi Muroi,finance,Asia,Tohoku,4,3256,2,3404,21.93171219946131,3740,63.0,3415,15,2273,0,3283,0,3965,7.5,2418,0,3203,2,3459,1.0,3730,10.965856099730654,3781,21.93171219946131,3643,22.93171219946131,3724
3618,Yasumasa Matsuda,econometrics,Asia,Tohoku,8,2197,6,2423,93.8296328459192,2562,248.0,2438,29,1320,0,3283,0,3965,14.5,1436,0,3203,6,2464,3.0,2752,46.9148164229596,2756,93.8296328459192,2404,94.8296328459192,2685
3619,Kenji Mori,history,Asia,Tohoku,4,3256,1,3809,15.84297951775486,3933,39.0,3705,11,2737,0,3283,0,3965,5.5,2853,0,3203,1,3860,0.5,4086,7.92148975887743,3961,15.84297951775486,3850,16.84297951775486,3908
3620,Takenobu Yuki,history,Asia,Tohoku,1,4388,0,4385,2.23606797749979,4467,3.0,4453,2,4322,0,3283,0,3965,1.0,4350,0,3203,0,4408,0.0,4504,1.118033988749895,4470,2.23606797749979,4440,3.23606797749979,4442
3621,Michio Yuda,p_finance,Asia,Tohoku,5,2944,1,3809,18.76166303929372,3840,52.0,3533,11,2737,0,3283,0,3965,5.5,2853,0,3203,1,3860,0.5,4086,9.38083151964686,3869,18.76166303929372,3742,19.76166303929372,3821
3622,Midori Wakabayashi,labor,Asia,Tohoku,7,2425,5,2603,54.699177324709375,3062,142.0,2879,14,2384,0,3283,1,2917,7.0,2517,0,3203,5,2654,2.5,2945,27.349588662354687,3196,54.699177324709375,2924,55.699177324709375,3118
3623,Atsushi Akiike,other,Asia,Tohoku,3,3600,1,3809,16.06237840420901,3919,26.0,3893,5,3656,0,3283,0,3965,2.5,3719,0,3203,1,3860,0.5,4086,8.031189202104505,3944,16.06237840420901,3833,17.06237840420901,3894
3624,Koji Asano,finance,Asia,Tohoku,2,3967,0,4385,3.741657386773941,4405,6.0,4335,6,3475,0,3283,0,3965,3.0,3545,0,3203,0,4408,0.0,4504,1.8708286933869709,4410,3.741657386773941,4367,4.741657386773941,4376
3625,Iat-Meng Ko,econometrics,Asia,Tohoku,5,2944,2,3404,48.63126566315131,3168,101.0,3112,12,2609,0,3283,2,2431,6.0,2731,0,3203,2,3459,2.0,3174,24.315632831575652,3283,48.63126566315131,3039,49.63126566315131,3210
3626,So Kubota,macro,Asia,Tohoku,3,3600,3,3094,60.73713855624086,2982,97.0,3145,5,3656,0,3283,0,3965,2.5,3719,0,3203,3,3149,1.5,3437,30.36856927812043,3125,60.73713855624086,2847,61.73713855624086,3050
3627,Sakai Ken,history,Asia,Tohoku,2,3967,0,4385,5.477225575051661,4293,8.0,4272,5,3656,0,3283,0,3965,2.5,3719,0,3203,0,4408,0.0,4504,2.7386127875258306,4303,5.477225575051661,4246,6.477225575051661,4260
3628,Ayumu Sugawara,history,Asia,Tohoku,1,4388,0,4385,2.0,4497,2.0,4502,3,4085,0,3283,0,3965,1.5,4125,0,3203,0,4408,0.0,4504,1.0,4501,2.0,4473,3.0,4474
3629,Michio Suzuki,multiple-field,Asia,Tohoku,6,2677,6,2423,78.01281945936834,2734,158.0,2801,8,3159,0,3283,0,3965,4.0,3242,0,3203,6,2464,3.0,2752,39.00640972968417,2901,78.01281945936834,2589,79.01281945936834,2834
3630,Hiroaki Chigira,econometrics,Asia,Tohoku,2,3967,0,4385,5.656854249492381,4287,8.0,4272,5,3656,0,3283,0,3965,2.5,3719,0,3203,0,4408,0.0,4504,2.8284271247461903,4297,5.656854249492381,4238,6.656854249492381,4254
3631,Yasunari Takaura,other,Asia,Tohoku,0,4667,0,4385,0.0,4667,0.0,4667,2,4322,0,3283,0,3965,1.0,4350,0,3203,0,4408,0.0,4504,0.0,4667,0.0,4669,1.0,4669
3632,Takeyasu Ichikohji,other,Asia,Tohoku,5,2944,4,2824,49.69909455915671,3143,102.0,3106,11,2737,0,3283,0,3965,5.5,2853,0,3203,4,2882,2.0,3174,24.84954727957836,3264,49.69909455915671,3012,50.69909455915671,3191
3633,Ayano Fujiwara,labor,Asia,Tohoku,2,3967,0,4385,11.6619037896906,4046,22.0,3954,10,2874,0,3283,0,3965,5.0,2983,0,3203,0,4408,0.0,4504,5.830951894845301,4064,11.6619037896906,3974,12.6619037896906,4017
3634,Bai Yu,multiple-field,Asia,Tohoku,6,2677,5,2603,47.66550115125194,3179,110.0,3069,12,2609,0,3283,0,3965,6.0,2731,0,3203,5,2654,2.5,2945,23.83275057562597,3291,47.66550115125194,3050,48.66550115125194,3221
3635,Masayuki Yagasaki,labor,Asia,Tohoku,1,4388,0,4385,1.0,4570,1.0,4570,1,4577,0,3283,0,3965,0.5,4588,0,3203,0,4408,0.0,4504,0.5,4572,1.0,4561,2.0,4561
3636,Yanjun Li,multiple-field,Asia,Tohoku,5,2944,3,3094,24.24871130596428,3667,62.0,3427,14,2384,0,3283,0,3965,7.0,2517,0,3203,3,3149,1.5,3437,12.12435565298214,3710,24.24871130596428,3561,25.24871130596428,3652
3637,Yinxing Li,other,Asia,Tohoku,1,4388,0,4385,4.58257569495584,4352,9.0,4234,6,3475,0,3283,0,3965,3.0,3545,0,3203,0,4408,0.0,4504,2.29128784747792,4357,4.58257569495584,4313,5.58257569495584,4325
3638,Runyu Dai,econometrics,Asia,Tohoku,1,4388,0,4385,1.4142135623730951,4524,2.0,4502,2,4322,0,3283,0,3965,1.0,4350,0,3203,0,4408,0.0,4504,0.7071067811865476,4528,1.4142135623730951,4502,2.414213562373095,4502
3639,Fengming Chen,multiple-field,Asia,Tohoku,2,3967,0,4385,10.862780491200215,4071,18.0,4028,4,3855,0,3283,0,3965,2.0,3907,0,3203,0,4408,0.0,4504,5.431390245600108,4089,10.862780491200215,4006,11.862780491200215,4046
3640,Yikai Zhao,finance,Asia,Tohoku,1,4388,0,4385,1.4142135623730951,4524,2.0,4502,4,3855,0,3283,0,3965,2.0,3907,0,3203,0,4408,0.0,4504,0.7071067811865476,4528,1.4142135623730951,4502,2.414213562373095,4502
3641,Fumiya Akashi,econometrics,Asia,Tokyo,3,3600,0,4385,9.16515138991168,4121,20.0,3989,10,2874,0,3283,1,2917,5.0,2983,0,3203,0,4408,0.5,4086,4.58257569495584,4139,9.16515138991168,4063,10.16515138991168,4095
3642,Kosuke Aoki,macro,Asia,Tokyo,6,2677,6,2423,341.45863585506225,1278,618.0,1662,15,2273,0,3283,3,2072,7.5,2418,0,3203,6,2464,3.0,2752,170.72931792753113,1706,341.45863585506225,1068,342.45863585506225,1613
3643,Yu Awaya,micro_theory,Asia,Tokyo,6,2677,4,2824,63.85922016435841,2928,134.0,2933,16,2168,2,1169,8,1097,9.0,2114,2,1039,4,2882,5.5,2026,149.42853089020906,1814,29.0,3440,84.0,2780
3644,Masaaki Fujii,other,Asia,Tokyo,16,1038,20,1048,284.4767125794307,1437,1085.0,1216,39,924,0,3283,0,3965,19.5,1041,0,3203,20,1065,10.0,1294,142.23835628971534,1855,284.4767125794307,1249,285.4767125794307,1769
3645,Rika Fujioka,history,Asia,Tokyo,5,2944,3,3094,41.60528812542944,3309,85.0,3226,12,2609,0,3283,0,3965,6.0,2731,0,3203,3,3149,1.5,3437,20.80264406271472,3403,41.60528812542944,3189,42.60528812542944,3338
3646,Shin-Ichi Fukuda,multiple-field,Asia,Tokyo,12,1477,19,1100,228.93448844593075,1665,657.0,1612,69,414,0,3283,2,2431,34.5,474,0,3203,19,1119,10.0,1294,114.46724422296538,2026,228.93448844593075,1471,229.93448844593075,1933
3647,Shohei Funatsu,i_trade,Asia,Tokyo,0,4667,0,4385,0.0,4667,0.0,4667,1,4577,0,3283,0,3965,0.5,4588,0,3203,0,4408,0.0,4504,0.0,4667,0.0,4669,1.0,4669
3648,Taiji Furusawa,micro_theory,Asia,Tokyo,9,1992,9,1961,139.41664176130482,2163,377.0,2072,26,1461,0,3283,1,2917,13.0,1571,0,3203,9,2003,5.0,2147,69.70832088065241,2427,139.41664176130482,1991,140.41664176130482,2330
3649,Andrew S. Griffen,development,Asia,Tokyo,4,3256,2,3404,32.31098884280702,3487,58.0,3462,6,3475,0,3283,1,2917,3.0,3545,0,3203,2,3459,1.5,3437,16.15549442140351,3560,32.31098884280702,3379,33.31098884280702,3496
3650,Masayoshi Hayashi,p_finance,Asia,Tokyo,6,2677,3,3094,151.21177202850313,2088,247.0,2442,17,2079,0,3283,0,3965,8.5,2203,0,3203,3,3149,1.5,3437,75.60588601425157,2365,151.21177202850313,1905,152.21177202850313,2270
3651,Masahiro Higo,econometrics,Asia,Tokyo,1,4388,0,4385,5.196152422706632,4303,7.0,4303,4,3855,0,3283,0,3965,2.0,3907,0,3203,0,4408,0.0,4504,2.598076211353316,4312,5.196152422706632,4257,6.196152422706632,4269
3652,Takeo Hoshi,multiple-field,Asia,Tokyo,15,1141,22,952,1091.3312970862698,452,2560.0,639,46,750,1,1576,3,2072,23.5,827,1,1424,22,972,11.5,1143,1175.238651701319,789,733.4773034026379,507,1466.9546068052755,778
3653,Toshiaki Iizuka,multiple-field,Asia,Tokyo,13,1348,14,1430,221.37750563234735,1700,698.0,1558,25,1518,1,1576,7,1234,13.0,1571,1,1424,14,1453,8.5,1487,192.67770358922576,1615,202.35540717845151,1603,404.71081435690303,1485
3654,Asuka Imaizumi,history,Asia,Tokyo,2,3967,1,3809,31.064449134018133,3507,33.0,3785,3,4085,0,3283,0,3965,1.5,4125,0,3203,1,3860,0.5,4086,15.532224567009068,3575,31.064449134018133,3397,32.06444913401813,3516
3655,Nobuyuki Inamizu,labor,Asia,Tokyo,3,3600,2,3404,39.61060464067672,3342,59.0,3453,3,4085,0,3283,0,3965,1.5,4125,0,3203,2,3459,1.0,3730,19.80530232033836,3431,39.61060464067672,3228,40.61060464067672,3368
3656,Kaoru Irie,econometrics,Asia,Tokyo,5,2944,4,2824,38.27531841800928,3365,95.0,3161,15,2273,0,3283,0,3965,7.5,2418,0,3203,4,2882,2.0,3174,19.13765920900464,3455,38.27531841800928,3253,39.27531841800928,3392
3657,Akira Ishide,finance,Asia,Tokyo,1,4388,0,4385,5.0,4330,5.0,4375,1,4577,0,3283,0,3965,0.5,4588,0,3203,0,4408,0.0,4504,2.5,4337,5.0,4288,6.0,4300
3658,Yasushi Iwamoto,p_finance,Asia,Tokyo,6,2677,3,3094,34.39476704383968,3438,97.0,3145,16,2168,0,3283,2,2431,8.0,2304,0,3203,3,3149,2.0,3174,17.19738352191984,3523,34.39476704383968,3330,35.39476704383968,3457
3659,Michihiro Kandori,micro_theory,Asia,Tokyo,12,1477,14,1430,929.8456861221651,541,1643.0,881,21,1766,10,280,14,640,15.5,1343,9,268,15,1379,12.5,1053,7652.6903486490655,354,166.60459763365824,1804,1733.6505739702409,723
3660,Makoto Kasuya,history,Asia,Tokyo,3,3600,1,3809,11.357816691600547,4052,19.0,4007,7,3309,0,3283,0,3965,3.5,3382,0,3203,1,3860,0.5,4086,5.678908345800274,4069,11.357816691600547,3980,12.357816691600547,4023
3661,Daiji Kawaguchi,labor,Asia,Tokyo,19,797,36,503,184.63206655399816,1891,1023.0,1259,61,505,1,1576,4,1786,31.0,565,1,1424,36,514,19.0,627,115.53278101314304,2021,184.0655620262861,1696,368.1311240525722,1548
3662,Kawai Kei,multiple-field,Asia,Tokyo,6,2677,6,2423,96.44169222903548,2538,193.0,2644,9,3018,7,445,7,1234,8.0,2304,5,545,8,2146,7.5,1649,853.818854592209,901,18.6619037896906,3745,101.2952303175248,2632
3663,Fuhito Kojima,micro_theory,Asia,Tokyo,22,617,35,527,436.5157500022193,1047,1988.0,767,58,546,17,114,31,175,37.5,409,12,173,40,448,30.5,304,11985.989128545902,273,255.0399126197117,1376,4302.718427154811,436
3664,Kenichi Kuwashima,other,Asia,Tokyo,2,3967,1,3809,41.31585652022719,3312,47.0,3604,3,4085,0,3283,0,3965,1.5,4125,0,3203,1,3860,0.5,4086,20.6579282601136,3404,41.31585652022719,3192,42.31585652022719,3341
3665,Yichuan Lou,micro_theory,Asia,Tokyo,0,4667,0,4385,0.0,4667,0.0,4667,1,4577,0,3283,1,2917,0.5,4588,0,3203,0,4408,0.5,4086,0.0,4667,0.0,4669,1.0,4669
3666,Akihiko Matsui,micro_theory,Asia,Tokyo,14,1239,16,1280,294.3637205907005,1406,874.0,1379,38,953,1,1576,14,640,19.5,1041,1,1424,16,1309,11.0,1189,299.48253141855315,1354,229.96506283710625,1466,459.9301256742124,1381
3667,Hitoshi Matsushima,micro_theory,Asia,Tokyo,13,1348,14,1430,236.18848405457877,1643,711.0,1547,38,953,2,1169,17,493,20.0,1011,2,1039,14,1453,11.0,1189,496.5029382175732,1096,143.63332941084172,1958,427.8999882325252,1439
3668,Kosuke Motoki,other,Asia,Tokyo,25,490,48,318,329.7711327572503,1308,1909.0,787,98,208,0,3283,0,3965,49.0,234,0,3203,48,326,24.0,461,164.88556637862516,1739,329.7711327572503,1102,330.7711327572503,1643
3669,Tomoyuki Nakajima,macro,Asia,Tokyo,10,1802,10,1828,53.76802023508026,3076,193.0,2644,21,1766,2,1169,9,991,11.5,1753,2,1039,10,1859,7.5,1649,105.87953089897616,2082,46.62062303464621,3072,136.86186910393863,2355
3670,Taisuke Nakata,macro,Asia,Tokyo,12,1477,13,1510,86.0116271209887,2645,310.0,2245,30,1275,0,3283,4,1786,15.0,1386,0,3203,13,1535,6.5,1818,43.00581356049435,2828,86.0116271209887,2489,87.0116271209887,2754
3671,Makoto Nirei,macro,Asia,Tokyo,8,2197,6,2423,409.6510710348504,1107,686.0,1572,21,1766,2,1169,3,2072,11.5,1753,1,1424,7,2299,4.5,2297,491.4498392696717,1103,117.6027681329474,2162,349.8083043988422,1587
3672,Shunya Noda,micro_theory,Asia,Tokyo,2,3967,0,4385,7.681145747868608,4191,13.0,4130,9,3018,0,3283,3,2072,4.5,3116,0,3203,0,4408,1.5,3437,3.840572873934304,4208,7.681145747868608,4137,8.681145747868609,4165
3673,Shinji Nohara,history,Asia,Tokyo,2,3967,0,4385,6.855654600401044,4228,13.0,4130,12,2609,0,3283,0,3965,6.0,2731,0,3203,0,4408,0.0,4504,3.427827300200522,4244,6.855654600401044,4179,7.855654600401044,4202
3674,Hikaru Ogawa,multiple-field,Asia,Tokyo,12,1477,18,1155,138.63621460498698,2168,562.0,1730,61,505,1,1576,3,2072,31.0,565,1,1424,18,1177,9.5,1356,147.03060268852505,1827,99.0612053770501,2350,198.1224107541002,2053
3675,Hiroshi Ohashi,i_organization,Asia,Tokyo,10,1802,10,1828,335.7335252845626,1293,785.0,1454,22,1700,0,3283,2,2431,11.0,1825,0,3203,10,1859,5.0,2147,167.8667626422813,1725,335.7335252845626,1089,336.7335252845626,1625
3676,Kiyohiro Oki,i_trade,Asia,Tokyo,4,3256,1,3809,15.394804318340652,3948,27.0,3874,5,3656,0,3283,0,3965,2.5,3719,0,3203,1,3860,0.5,4086,7.697402159170326,3973,15.394804318340652,3864,16.394804318340654,3919
3677,Ryo Okui,econometrics,Asia,Tokyo,14,1239,16,1280,227.73669006113175,1674,720.0,1540,31,1232,2,1169,10,906,16.5,1262,2,1039,16,1309,9.5,1356,452.2950211222079,1142,172.80398121823742,1773,515.4119436547123,1313
3678,Yasuhiro Omori,econometrics,Asia,Tokyo,14,1239,18,1155,349.78564864785403,1245,986.0,1284,46,750,0,3283,3,2072,23.0,848,0,3203,18,1177,9.5,1356,174.89282432392702,1682,349.78564864785403,1037,350.78564864785403,1581
3679,Daisuke Oyama,micro_theory,Asia,Tokyo,11,1625,13,1510,80.26830009412184,2701,291.0,2294,24,1571,2,1169,9,991,13.0,1571,1,1424,14,1453,9.0,1418,77.31542392242594,2354,81.10752176626443,2547,240.32256529879328,1910
3680,Shosei Sakaguchi,econometrics,Asia,Tokyo,2,3967,0,4385,4.47213595499958,4357,8.0,4272,4,3855,0,3283,0,3965,2.0,3907,0,3203,0,4408,0.0,4504,2.23606797749979,4362,4.47213595499958,4318,5.47213595499958,4330
3681,Seisho Sato,multiple-field,Asia,Tokyo,6,2677,3,3094,162.628410802049,2023,232.0,2495,20,1840,0,3283,0,3965,10.0,1962,0,3203,3,3149,1.5,3437,81.3142054010245,2315,162.628410802049,1835,163.628410802049,2220
3682,Yasuhiro Sato,multiple-field,Asia,Tokyo,13,1348,16,1280,195.21526579650475,1830,639.0,1636,40,899,0,3283,6,1392,20.0,1011,0,3203,16,1309,10.5,1239,97.60763289825238,2143,195.21526579650475,1634,196.21526579650475,2061
3683,Yasuyuki Sawada,multiple-field,Asia,Tokyo,28,386,62,197,379.72621716178617,1173,2564.0,638,138,90,0,3283,6,1392,69.0,108,0,3203,62,201,32.0,272,189.86310858089308,1627,379.72621716178617,968,380.72621716178617,1526
3684,Katsumi Shimotsu,econometrics,Asia,Tokyo,15,1141,17,1215,466.507234670589,982,1279.0,1072,23,1634,2,1169,10,906,12.5,1623,2,1039,17,1241,10.5,1239,517.6820435475868,1074,446.9269602979797,832,1337.780880893939,821
3685,Mototsugu Shintani,multiple-field,Asia,Tokyo,17,948,25,816,211.6199423494865,1743,929.0,1333,53,615,0,3283,19,415,26.5,696,0,3203,25,834,15.5,820,105.80997117474328,2084,211.6199423494865,1548,212.6199423494865,1991
3686,Kenichiro Shiraya,finance,Asia,Tokyo,7,2425,7,2254,47.3392015141785,3186,151.0,2826,24,1571,0,3283,0,3965,12.0,1681,0,3203,7,2299,3.5,2589,23.66960075708925,3299,47.3392015141785,3059,48.3392015141785,3229
3687,Tomoko Shiroyama,history,Asia,Tokyo,2,3967,0,4385,6.4031242374328485,4247,9.0,4234,14,2384,0,3283,0,3965,7.0,2517,0,3203,0,4408,0.0,4504,3.2015621187164243,4260,6.4031242374328485,4198,7.403124237432848,4218
3688,Akinobu Shuto,finance,Asia,Tokyo,10,1802,10,1828,118.8949115816148,2333,338.0,2173,18,1994,0,3283,0,3965,9.0,2114,0,3203,10,1859,5.0,2147,59.4474557908074,2564,118.8949115816148,2151,119.8949115816148,2482
3689,Akihiko Takahashi,finance,Asia,Tokyo,18,872,36,503,245.52189311749777,1599,1249.0,1088,82,287,0,3283,0,3965,41.0,333,0,3203,36,514,18.0,684,122.76094655874888,1969,245.52189311749777,1409,246.52189311749777,1882
3690,Yoshito Takasaki,development,Asia,Tokyo,19,797,27,733,286.7978382066364,1427,1239.0,1092,60,517,0,3283,1,2917,30.0,588,0,3203,27,755,14.0,936,143.3989191033182,1845,286.7978382066364,1236,287.7978382066364,1760
3691,Mari Tanaka,multiple-field,Asia,Tokyo,5,2944,3,3094,64.48255578061404,2917,130.0,2954,16,2168,1,1576,4,1786,8.5,2203,0,3203,4,2882,3.0,2752,32.24127789030702,3073,65.48255578061404,2760,130.96511156122807,2394
3692,Kenichi Ueda,multiple-field,Asia,Tokyo,8,2197,8,2100,201.99504944428716,1797,516.0,1798,17,2079,1,1576,5,1568,9.0,2114,1,1424,8,2146,5.0,2147,206.1312997460045,1564,157.26259949200897,1865,314.52519898401795,1684
3693,Yasutora Watanabe,multiple-field,Asia,Tokyo,8,2197,7,2254,239.24255474308916,1635,433.0,1952,12,2609,1,1576,1,2917,6.5,2616,1,1424,7,2299,4.0,2445,193.55665240224585,1609,226.1133048044917,1485,452.2266096089834,1394
3694,Shintaro Yamaguchi,labor,Asia,Tokyo,13,1348,14,1430,163.72232590578477,2013,485.0,1863,20,1840,1,1576,6,1392,10.5,1890,1,1424,14,1453,8.0,1567,99.36491873037176,2135,163.7298374607435,1825,327.459674921487,1654
3695,Koji Yamamoto,history,Asia,Tokyo,5,2944,4,2824,65.81033353509159,2898,125.0,2973,11,2737,0,3283,0,3965,5.5,2853,0,3203,4,2882,2.0,3174,32.90516676754579,3055,65.81033353509159,2754,66.81033353509159,2978
3696,Yuichi Yamamoto,micro_theory,Asia,Tokyo,7,2425,6,2423,52.354560450833695,3094,139.0,2905,9,3018,2,1169,7,1234,5.5,2853,1,1424,7,2299,5.0,2147,70.34238156734284,2421,49.69696007084728,3013,146.09088021254183,2304
3697,Noriyuki Yanagawa,multiple-field,Asia,Tokyo,7,2425,7,2254,184.1684011984684,1895,376.0,2075,15,2273,1,1576,5,1568,8.0,2304,1,1424,7,2299,4.0,2445,164.4530169247918,1742,165.90603384958357,1809,331.8120676991672,1639
3698,Victor Aguirregabiria,multiple-field,North America,Toronto,16,1038,21,998,441.1405671665212,1038,1301.0,1057,36,1023,6,525,13,700,21.0,953,5,545,22,972,15.0,864,2605.7233946767437,576,246.12704970494264,1403,1687.8893479345986,731
3699,Varouj A. Aivazian,finance,North America,Toronto,13,1348,17,1215,1439.2108949003964,318,2696.0,595,33,1137,0,3283,2,2431,16.5,1262,0,3203,17,1241,9.0,1418,719.6054474501982,952,1439.2108949003964,235,1440.2108949003964,784
3700,Michelle Alexopoulos,macro,North America,Toronto,10,1802,10,1828,127.08265027138836,2260,346.0,2146,23,1634,1,1576,5,1568,12.0,1681,1,1424,10,1859,5.5,2026,116.74271252818612,2015,112.48542505637228,2199,224.97085011274456,1944
3701,Itai Arieli,micro_theory,North America,Toronto,9,1992,8,2100,85.67379996241559,2649,276.0,2338,47,731,4,749,20,383,25.5,733,4,656,8,2146,13.0,1007,284.6093848002707,1386,82.35815209663893,2529,396.7907604831947,1495
3702,Carolina Arteaga,labor,North America,Toronto,3,3600,1,3809,39.93745109543172,3337,53.0,3520,4,3855,0,3283,2,2431,2.0,3907,0,3203,1,3860,1.0,3730,19.96872554771586,3427,39.93745109543172,3222,40.93745109543172,3364
3703,Michael Baker,labor,North America,Toronto,27,420,33,565,790.1044234783146,617,3009.0,555,41,868,3,924,20,383,22.0,892,3,816,33,579,18.0,684,1942.6262394538655,650,558.946040547102,671,2227.784162188408,627
3704,Ceren Baysan,multiple-field,North America,Toronto,5,2944,4,2824,430.9930393869488,1058,537.0,1767,6,3475,2,1169,3,2072,4.0,3242,2,1039,4,2882,3.5,2589,329.3813028548526,1296,429.7674601930353,864,1286.3023805791058,841
3705,Dwayne Benjamin,multiple-field,North America,Toronto,16,1038,17,1215,436.5420941902396,1046,1463.0,975,20,1840,2,1169,8,1097,11.0,1825,2,1039,17,1241,9.5,1356,486.4639241168346,1109,407.0135800192384,900,1218.040740057715,861
3706,Arthur Blouin,multiple-field,North America,Toronto,3,3600,2,3404,81.25884567233281,2691,115.0,3034,8,3159,2,1169,5,1568,5.0,2983,2,1039,2,3459,3.5,2589,208.91539980633115,1553,8.164414002968975,4110,21.49324200890693,3761
3707,Gustavo Bobonis,multiple-field,North America,Toronto,10,1802,10,1828,329.56334747662703,1309,896.0,1357,14,2384,3,924,8,1097,8.5,2203,3,816,10,1859,7.0,1731,845.302400452549,909,280.4508965564898,1263,1113.8035862259592,898
3708,Michael Boutros,macro,North America,Toronto,1,4388,0,4385,2.23606797749979,4467,3.0,4453,3,4085,0,3283,3,2072,1.5,4125,0,3203,0,4408,1.5,3437,1.118033988749895,4470,2.23606797749979,4440,3.23606797749979,4442
3709,Loren Brandt,multiple-field,North America,Toronto,32,272,52,269,2008.5661552460751,209,7224.0,224,73,372,8,386,18,453,40.5,343,6,456,54,259,32.0,272,5363.070057312014,417,1928.27940675309,147,17291.51466077781,142
3710,Martin Burda,econometrics,North America,Toronto,6,2677,5,2603,81.3142054010245,2690,164.0,2777,12,2609,0,3283,2,2431,6.0,2731,0,3203,5,2654,2.5,2945,40.65710270051225,2869,81.3142054010245,2544,82.3142054010245,2799
3711,Gabriel Carroll,micro_theory,North America,Toronto,11,1625,12,1604,433.7107330929222,1055,885.0,1370,17,2079,7,445,11,832,12.0,1681,6,456,13,1535,10.5,1239,3741.146692891138,500,64.78408085277466,2773,470.2726468221973,1360
3712,Murat Celik,multiple-field,North America,Toronto,5,2944,4,2824,125.92060990957756,2264,214.0,2556,7,3309,1,1576,4,1786,4.0,3242,1,1424,4,2882,3.0,2752,133.53930848138526,1911,90.07861696277058,2442,180.1572339255412,2137
3713,Yanyou Chen,i_organization,North America,Toronto,1,4388,0,4385,1.0,4570,1.0,4570,1,4577,0,3283,1,2917,0.5,4588,0,3203,0,4408,0.5,4086,0.5,4572,1.0,4561,2.0,4561
3714,Robert Clark,i_organization,North America,Toronto,14,1239,14,1430,155.49276510500417,2062,590.0,1693,33,1137,6,525,11,832,19.5,1041,3,816,17,1241,12.0,1098,757.5236632651329,936,128.70696801730537,2068,865.9487761211375,1017
3715,Ettore Damiano,micro_theory,North America,Toronto,7,2425,7,2254,92.41753080449618,2574,219.0,2538,10,2874,1,1576,7,1234,5.5,2853,1,1424,7,2299,5.0,2147,72.03691633164158,2401,89.07383266328314,2454,178.14766532656628,2146
3716,Margarida Duarte,i_finance,North America,Toronto,8,2197,8,2100,339.66306834862104,1286,543.0,1754,12,2609,1,1576,6,1392,6.5,2616,1,1424,8,2146,5.0,2147,370.22126303337575,1235,81.44252606675154,2539,162.88505213350308,2222
3717,Sebastian Dyrda,macro,North America,Toronto,2,3967,1,3809,24.43358344574123,3665,31.0,3809,5,3656,1,1576,3,2072,3.0,3545,1,1424,1,3860,2.0,3174,26.29128784747792,3221,5.58257569495584,4240,11.16515138991168,4062
3718,Shari Eli,history,North America,Toronto,5,2944,3,3094,214.00934559032697,1732,262.0,2375,10,2874,2,1169,2,2431,6.0,2731,1,1424,4,2882,3.0,2752,285.5638524710374,1384,22.37154878746336,3626,64.11464636239009,3014
3719,Kripa Freitas,other,North America,Toronto,1,4388,0,4385,2.23606797749979,4467,3.0,4453,2,4322,0,3283,0,3965,1.0,4350,0,3203,0,4408,0.0,4504,1.118033988749895,4470,2.23606797749979,4440,3.23606797749979,4442
3720,Robert Gazzale,behavior-experiment,North America,Toronto,5,2944,3,3094,57.75811631277461,3017,104.0,3096,10,2874,1,1576,2,2431,5.5,2853,1,1424,3,3149,2.0,3174,64.478240283249,2491,23.956480566497994,3574,47.91296113299599,3236
3721,Aria Golestani,labor,North America,Toronto,1,4388,0,4385,4.0,4388,4.0,4413,1,4577,0,3283,0,3965,0.5,4588,0,3203,0,4408,0.0,4504,2.0,4394,4.0,4349,5.0,4360
3722,Christian Gourieroux,multiple-field,North America,Toronto,34,230,72,143,967.1757854702524,518,4203.0,413,157,69,4,749,40,98,80.5,75,3,816,73,142,45.0,140,757.1288937564822,938,970.2080521295608,383,4836.040260647804,405
3723,Jiaying Gu,econometrics,North America,Toronto,9,1992,9,1961,78.64477096412705,2725,255.0,2407,23,1634,1,1576,8,1097,12.0,1681,0,3203,10,1859,7.0,1731,39.32238548206352,2892,79.64477096412705,2560,159.2895419282541,2238
3724,Fatih Guvenen,labor,North America,Toronto,19,797,23,906,594.3988559881319,804,1978.0,769,30,1275,12,216,17,493,21.0,953,12,173,23,925,18.0,684,12715.57224210672,261,328.7380621270516,1107,4130.594807651671,445
3725,Yoram Halevy,behavior-experiment,North America,Toronto,11,1625,12,1604,418.8340960332623,1089,866.0,1387,16,2168,7,445,11,832,11.5,1753,7,384,12,1632,10.5,1239,4246.652126951346,467,49.69660408041839,3014,349.5728326433471,1590
3726,Gillian C. Hamilton,history,North America,Toronto,6,2677,6,2423,122.5275479229059,2299,207.0,2583,8,3159,0,3283,0,3965,4.0,3242,0,3203,6,2464,3.0,2752,61.26377396145295,2535,122.5275479229059,2117,123.5275479229059,2453
3727,Stephan Heblich,multiple-field,North America,Toronto,23,568,33,565,669.8581939485401,721,2754.0,587,49,693,4,749,6,1392,26.5,696,4,656,33,579,18.5,651,1685.52576973154,689,641.0109889162038,586,3190.0549445810198,524
3729,Mitsuru Igami,i_organization,North America,Toronto,10,1802,10,1828,104.53229166147656,2459,301.0,2265,12,2609,3,924,5,1568,7.5,2418,3,816,10,1859,6.5,1818,402.3524678241223,1197,68.43699259593154,2720,265.74797038372617,1828
3730,Gueorgui Kambourov,labor,North America,Toronto,10,1802,10,1828,419.16583830269377,1087,952.0,1315,13,2492,5,627,9,991,9.0,2114,4,656,11,1737,8.5,1487,1285.3423999637785,762,384.9618401892485,953,2285.771041135491,616
3731,Zi Yang Kang,micro_theory,North America,Toronto,0,4667,0,4385,0.0,4667,0.0,4667,1,4577,1,1576,1,2917,1.0,4350,0,3203,1,3860,1.0,3730,0.0,4667,1.0,4561,2.0,4561
3732,Marlène Koffi,labor,North America,Toronto,1,4388,0,4385,4.0,4388,4.0,4413,1,4577,1,1576,1,2917,1.0,4350,0,3203,1,3860,1.0,3730,4.0,4196,1.0,4561,2.0,4561
3733,Kory Kroft,labor,North America,Toronto,10,1802,10,1828,1723.3125079334857,256,2646.0,609,14,2384,5,627,9,991,9.5,2035,3,816,12,1632,8.5,1487,4961.612251097052,435,321.2103730113862,1132,1903.2622380683167,682
3734,Burhanettin Kuruscu,multiple-field,North America,Toronto,11,1625,11,1709,184.2552577268828,1894,520.0,1790,13,2492,4,749,9,991,8.5,2203,4,656,11,1737,8.0,1567,815.2505895291429,913,151.67531953579785,1900,743.3765976789892,1104
3735,Runjing Lu,labor,North America,Toronto,3,3600,1,3809,30.24896692450835,3527,41.0,3682,4,3855,0,3283,1,2917,2.0,3907,0,3203,1,3860,0.5,4086,15.124483462254174,3591,30.24896692450835,3416,31.24896692450835,3532
3736,Yao Luo,econometrics,North America,Toronto,7,2425,6,2423,40.8656334834051,3319,130.0,2954,25,1518,2,1169,15,589,13.5,1526,1,1424,7,2299,9.0,1418,37.81852968120546,2925,37.63705936241092,3270,109.91117808723276,2554
3737,Dan Mcgee,political_econ,North America,Toronto,1,4388,0,4385,1.0,4570,1.0,4570,1,4577,1,1576,1,2917,1.0,4350,0,3203,1,3860,1.0,3730,1.0,4501,1.0,4561,2.0,4561
3738,Robert Mcmillan,labor,North America,Toronto,10,1802,10,1828,644.9906976073376,747,1173.0,1136,11,2737,3,924,7,1234,7.0,2517,3,816,10,1859,7.0,1731,1670.2152580035977,691,183.52977593737828,1700,726.1191037495131,1118
3739,Angelo Melino,multiple-field,North America,Toronto,10,1802,10,1828,447.88949529990094,1022,831.0,1416,18,1994,2,1169,8,1097,10.0,1962,2,1039,10,1859,6.5,1818,320.28589980705954,1315,447.84750756284376,828,1340.542522688531,818
3740,Jordi Mondria,multiple-field,North America,Toronto,10,1802,10,1828,160.55528642807124,2034,436.0,1948,13,2492,0,3283,3,2072,6.5,2616,0,3203,10,1859,5.0,2147,80.27764321403562,2322,160.55528642807124,1846,161.55528642807124,2231
3741,Peter Morrow,i_trade,North America,Toronto,7,2425,7,2254,277.3355368502205,1469,443.0,1933,9,3018,2,1169,4,1786,5.5,2853,1,1424,8,2146,5.0,2147,307.00568145137623,1337,90.01136290275251,2443,267.0340887082575,1825
3742,Jennifer Murdock,i_organization,North America,Toronto,2,3967,2,3404,160.7886811936711,2031,229.0,2502,3,4085,0,3283,0,3965,1.5,4125,0,3203,2,3459,1.0,3730,80.39434059683555,2321,160.7886811936711,1845,161.7886811936711,2230
3743,Philip Oreopoulos,labor,North America,Toronto,33,250,43,396,1509.1931619246093,298,6688.0,246,49,693,6,525,20,383,27.5,661,6,456,43,408,25.5,418,8679.699815217818,337,1264.1144622012737,282,8813.801235408915,270
3744,Marcin Pęski,micro_theory,North America,Toronto,9,1992,9,1961,71.93052203341777,2815,206.0,2588,19,1915,5,627,10,906,12.0,1681,2,1039,12,1632,9.5,1356,214.0688503332237,1530,72.46109990209172,2663,410.7665994125503,1470
3745,David Price,labor,North America,Toronto,1,4388,1,3809,371.0,1190,371.0,2087,1,4577,1,1576,1,2917,1.0,4350,1,1424,1,3860,1.0,3730,371.00000000000006,1234,1.0,4561,2.0,4561
3746,Diego Restuccia,development,North America,Toronto,23,568,33,565,1111.855656099298,438,3691.0,463,38,953,7,445,16,541,22.5,866,7,384,33,579,20.5,567,7335.101190896164,358,980.9378830295082,378,7799.503064236065,289
3747,Joao Ritto,macro,North America,Toronto,1,4388,0,4385,4.0,4388,4.0,4413,1,4577,0,3283,1,2917,0.5,4588,0,3203,0,4408,0.5,4086,2.0,4394,4.0,4349,5.0,4360
3748,Anne-Katrin Roesler,micro_theory,North America,Toronto,3,3600,2,3404,75.07329751649384,2774,90.0,3198,3,4085,3,924,3,2072,3.0,3545,2,1039,3,3149,3.0,2752,197.86436523172685,1591,3.0,4407,4.0,4412
3749,Shamil Sharapudinov,micro_theory,North America,Toronto,1,4388,0,4385,2.0,4497,2.0,4502,1,4577,0,3283,0,3965,0.5,4588,0,3203,0,4408,0.0,4504,1.0,4501,2.0,4473,3.0,4474
3750,Xianwen Shi,micro_theory,North America,Toronto,13,1348,14,1430,206.3879841463645,1768,630.0,1649,24,1571,5,627,14,640,14.5,1436,5,545,14,1453,12.0,1098,1464.048765521199,722,126.25180411028944,2084,733.5108246617366,1113
3751,Michael Smart,p_finance,North America,Toronto,16,1038,24,859,444.2915709306221,1030,1657.0,877,37,989,1,1576,14,640,19.0,1075,1,1424,24,876,14.5,901,241.92059390691975,1460,444.8411878138396,837,889.6823756276791,1004
3752,Eduardo Souza-Rodrigues,multiple-field,North America,Toronto,6,2677,5,2603,62.34580980306536,2958,133.0,2937,7,3309,2,1169,3,2072,4.5,3116,2,1039,5,2654,4.0,2445,136.53649718927707,1891,47.57411546042336,3055,139.72234638127009,2335
3753,Joseph Steinberg,multiple-field,North America,Toronto,6,2677,4,2824,119.57006314291216,2327,219.0,2538,13,2492,3,924,6,1392,8.0,2304,1,1424,6,2464,6.0,1923,182.06386443286405,1658,111.4250893474384,2209,437.7003573897536,1423
3754,Michael Stepner,labor,North America,Toronto,6,2677,4,2824,1918.2174016518568,221,2090.0,742,9,3018,1,1576,1,2917,5.0,2983,1,1424,4,2882,2.5,2945,1061.6980212989895,832,1916.3960425979792,150,3832.7920851959584,467
3755,Colin Stewart,micro_theory,North America,Toronto,8,2197,7,2254,96.02083107326244,2541,238.0,2476,15,2273,4,749,12,763,9.5,2035,4,656,7,2299,8.5,1487,531.1870357527658,1059,45.2674205639267,3090,211.3371028196335,1997
3756,Max Tabord-Meehan,econometrics,North America,Toronto,3,3600,3,3094,31.080540535840107,3506,58.0,3462,9,3018,2,1169,5,1568,5.5,2853,2,1039,3,3149,3.5,2589,74.38486394981382,2378,17.524174696260026,3780,49.57252408878008,3211
3757,Daniel Trefler,i_trade,North America,Toronto,19,797,21,998,1030.420787833786,488,3259.0,519,31,1232,9,329,11,832,20.0,1011,9,268,21,1017,15.0,864,15815.28503613878,229,393.4398522525988,927,3854.398522525989,465
3758,Anton Tsoy,micro_theory,North America,Toronto,4,3256,1,3809,23.600847442411894,3684,39.0,3705,5,3656,1,1576,3,2072,3.0,3545,0,3203,2,3459,2.0,3174,17.412712210513327,3515,23.825424421026653,3576,47.65084884205331,3243
3759,Clementine Van Effenterre,labor,North America,Toronto,3,3600,1,3809,33.0,3469,47.0,3604,3,4085,0,3283,2,2431,1.5,4125,0,3203,1,3860,1.0,3730,16.5,3549,33.0,3362,34.0,3484
3760,Eva Vivalt,multiple-field,North America,Toronto,6,2677,5,2603,123.48279232346503,2288,242.0,2463,8,3159,1,1576,4,1786,4.5,3116,1,1424,5,2654,3.5,2589,87.2474065831883,2251,121.4948131663766,2126,242.9896263327532,1900
3761,Yuanyuan Wan,econometrics,North America,Toronto,6,2677,5,2603,72.6773692424265,2806,150.0,2832,17,2079,0,3283,10,906,8.5,2203,0,3203,5,2654,5.0,2147,36.33868462121325,2965,72.6773692424265,2660,73.6773692424265,2894
3762,Tianyi Wang,history,North America,Toronto,4,3256,3,3094,108.58637115218464,2421,163.0,2783,5,3656,1,1576,1,2917,3.0,3545,1,1424,3,3149,2.0,3174,92.06745449890578,2204,101.13490899781156,2326,202.2698179956231,2039
3763,Aaron Weisbrod,development,North America,Toronto,1,4388,1,3809,34.0,3449,34.0,3769,1,4577,0,3283,0,3965,0.5,4588,0,3203,1,3860,0.5,4086,17.0,3534,34.0,3345,35.0,3469
3764,Ronald Wolthoff,micro_theory,North America,Toronto,9,1992,9,1961,103.68702908271604,2469,261.0,2382,16,2168,2,1169,10,906,9.0,2114,1,1424,10,1859,7.5,1649,77.05496978322932,2357,102.10993956645864,2318,303.3298186993759,1716
3765,Adonis Yatchew,multiple-field,North America,Toronto,18,872,24,859,460.5029858752275,996,1565.0,914,35,1061,1,1576,7,1234,18.0,1148,1,1424,24,876,13.0,1007,304.9245469313534,1344,454.8490938627068,813,909.6981877254136,994
3766,Roman Zarate,labor,North America,Toronto,4,3256,3,3094,25.80697580112788,3635,48.0,3588,4,3855,1,1576,2,2431,2.5,3719,1,1424,3,3149,2.5,2945,27.24662100445346,3200,19.49324200890693,3716,38.98648401781386,3401
3767,David Lagziel,micro_theory,North America,Toronto,3,3600,0,4385,7.483314773547883,4196,18.0,4028,14,2384,0,3283,4,1786,7.0,2517,0,3203,0,4408,2.0,3174,3.741657386773941,4213,7.483314773547883,4142,8.483314773547882,4170
3768,Adam Lavecchia,multiple-field,North America,Toronto,4,3256,2,3404,118.02965729002182,2342,163.0,2783,5,3656,1,1576,2,2431,3.0,3545,1,1424,2,3459,2.0,3174,94.70008976653448,2177,112.40017953306898,2201,224.800359066138,1946
3769,Christian Spielmann,i_trade,North America,Toronto,1,4388,1,3809,100.0,2502,100.0,3122,3,4085,0,3283,0,3965,1.5,4125,0,3203,1,3860,0.5,4086,50.0,2707,100.0,2337,101.0,2634
3770,Amartya Lahiri,multiple-field,North America,UBC,14,1239,17,1215,174.10628937519746,1954,621.0,1656,27,1408,1,1576,10,906,14.0,1485,1,1424,17,1241,11.0,1189,142.53526844255802,1851,164.07053688511607,1819,328.14107377023214,1650
3771,Brian R. Copeland,i_trade,North America,UBC,23,568,26,777,3224.0781628242203,115,8086.0,194,38,953,4,749,5,1568,21.0,953,4,656,26,797,15.0,864,13719.918077536537,254,1916.4520909031944,149,9567.260454515972,249
3772,David A. Green,labor,North America,UBC,27,420,42,412,421.3502106324382,1084,2176.0,725,59,532,6,525,17,493,32.5,531,6,456,42,422,24.0,461,2409.5922315057987,591,393.7022053071145,926,2720.9154371498016,565
3773,Erik Snowberg,multiple-field,North America,UBC,17,948,21,998,550.8411749315768,849,1948.0,778,29,1320,9,329,11,832,19.0,1075,7,384,23,925,17.0,742,7118.7459802013,365,373.4914265109675,984,3654.9142651096745,482
3774,Florian Hoffmann,labor,North America,UBC,5,2944,5,2603,220.0113633428965,1704,381.0,2065,6,3475,1,1576,2,2431,3.5,3382,1,1424,5,2654,3.0,2752,244.9568805233684,1454,116.9137610467368,2166,233.8275220934736,1926
3775,Giovanni Gallipoli,labor,North America,UBC,8,2197,7,2254,118.97058459972364,2332,306.0,2254,15,2273,3,924,8,1097,9.0,2114,3,816,7,2299,6.0,1923,496.2815594009552,1098,65.06448259673161,2765,252.2579303869264,1864
3776,Gorkem Bostanci,i_finance,North America,UBC,2,3967,1,3809,134.18271125595876,2204,141.0,2888,2,4322,0,3283,0,3965,1.0,4350,0,3203,1,3860,0.5,4086,67.09135562797938,2454,134.18271125595876,2024,135.18271125595876,2365
3777,Henry Siu,multiple-field,North America,UBC,13,1348,15,1353,259.3684637730655,1547,758.0,1484,20,1840,2,1169,13,700,11.0,1825,2,1039,15,1379,10.0,1294,341.68532886150354,1275,236.8765633263566,1443,707.6296899790698,1132
3778,Hiro Kasahara,multiple-field,North America,UBC,13,1348,16,1280,582.327227596306,817,1397.0,1003,21,1766,2,1169,8,1097,11.5,1753,2,1039,16,1309,9.5,1356,582.2575282561146,1031,566.889369699944,662,1697.6681090998322,728
3779,Jamie Mccasland,development,North America,UBC,4,3256,1,3809,29.68164415931166,3543,45.0,3632,5,3656,0,3283,2,2431,2.5,3719,0,3203,1,3860,1.5,3437,14.84082207965583,3605,29.68164415931166,3430,30.68164415931166,3545
3780,Jesse Perla,macro,North America,UBC,4,3256,4,2824,134.14917070187204,2205,264.0,2366,6,3475,3,924,5,1568,4.5,3116,3,816,4,2882,4.0,2445,589.0942505619118,1027,72.12307863514182,2669,280.4923145405673,1786
3781,Katherine Wagner,multiple-field,North America,UBC,4,3256,3,3094,46.42197755374064,3205,79.0,3276,5,3656,0,3283,1,2917,2.5,3719,0,3203,3,3149,2.0,3174,23.21098877687032,3317,46.42197755374064,3078,47.42197755374064,3250
3782,Kevin Milligan,multiple-field,North America,UBC,25,490,31,605,947.8618042731756,531,3452.0,495,52,637,2,1169,11,832,27.0,674,2,1039,31,620,16.5,766,1326.9901304584298,754,777.0335476610029,481,2328.1006429830086,612
3783,Kevin Song,econometrics,North America,UBC,1,4388,1,3809,50.0,3134,50.0,3563,1,4577,0,3283,1,2917,0.5,4588,0,3203,1,3860,0.5,4086,25.0,3257,50.0,3003,51.0,3185
3784,Li Hao,micro_theory,North America,UBC,9,1992,9,1961,113.10172412478954,2376,296.0,2283,11,2737,1,1576,6,1392,6.0,2731,1,1424,9,2003,5.5,2026,108.62089877354268,2058,96.24179754708538,2383,192.4835950941708,2077
3785,Marit Rehavi,multiple-field,North America,UBC,4,3256,4,2824,157.8670326572334,2049,272.0,2347,4,3855,0,3283,0,3965,2.0,3907,0,3203,4,2882,2.0,3174,78.9335163286167,2338,157.8670326572334,1860,158.8670326572334,2241
3786,Matt Lowe,multiple-field,North America,UBC,4,3256,3,3094,139.14381049834736,2165,185.0,2676,8,3159,2,1169,3,2072,5.0,2983,1,1424,4,2882,3.5,2589,185.65624575606253,1639,31.34280150224242,3393,91.02840450672726,2715
3787,Mauricio Drelichman,history,North America,UBC,11,1625,11,1709,150.4991694329241,2092,440.0,1940,21,1766,0,3283,2,2431,10.5,1890,0,3203,11,1737,5.5,2026,75.24958471646205,2369,150.4991694329241,1911,151.4991694329241,2274
3788,Michael Devereux,p_finance,North America,UBC,30,323,49,305,892.9770433779358,561,3786.0,453,92,240,1,1576,17,493,46.5,267,1,1424,49,313,25.0,431,473.284382428962,1116,893.568764857924,421,1787.137529715848,707
3789,Michael Peters,micro_theory,North America,UBC,18,872,24,859,271.4516531539272,1497,1114.0,1188,40,899,13,186,28,209,26.5,696,12,173,25,834,22.0,518,5974.508743724446,391,220.74262923146037,1504,2922.396809240445,549
3790,Michal Szkup,multiple-field,North America,UBC,4,3256,4,2824,54.74486277268398,3061,105.0,3091,11,2737,0,3283,5,1568,5.5,2853,0,3203,4,2882,3.0,2752,27.37243138634199,3195,54.74486277268398,2923,55.74486277268398,3117
3791,Munir Squires,development,North America,UBC,5,2944,1,3809,19.39071942966532,3818,44.0,3644,6,3475,1,1576,3,2072,3.5,3382,1,1424,1,3860,2.0,3174,19.61577310586391,3435,16.231546211727817,3827,32.463092423455635,3510
3792,Nathan Nunn,history,North America,UBC,34,230,38,469,2747.203487184741,141,9929.0,152,43,813,20,83,24,285,31.5,555,20,64,38,480,29.5,320,106061.52489666884,50,825.8877092995028,451,16944.64189528956,143
3793,Nicole Fortin,labor,North America,UBC,22,617,24,859,2623.0030499410404,147,6523.0,250,32,1187,5,627,9,991,18.5,1111,5,545,24,876,14.5,901,10056.369184161182,304,1246.0926637443313,286,7452.555982465988,304
3794,Patrick Baylis,multiple-field,North America,UBC,9,1992,8,2100,624.2099005943434,772,1400.0,1000,14,2384,2,1169,5,1568,8.0,2304,1,1424,9,2003,6.5,1818,361.1020732814232,1247,624.2041465628464,605,1869.6124396885396,691
3795,Patrick Francois,multiple-field,North America,UBC,21,669,27,733,495.4018570817029,938,1871.0,803,35,1061,7,445,20,383,21.0,953,7,384,27,755,18.0,684,3207.5564455621598,529,442.1689327146413,842,3489.3514617171304,495
3796,Paul Beaudry,macro,North America,UBC,25,490,44,375,672.7451226133119,718,2772.0,584,54,596,13,186,27,228,33.5,504,13,148,44,387,31.0,292,11208.408797231628,289,476.05075315779374,777,6496.710544209112,329
3797,Paul Schrimpf,p_finance,North America,UBC,7,2425,7,2254,371.33408138763673,1187,745.0,1494,9,3018,3,924,6,1392,6.0,2731,3,816,7,2299,5.5,2026,1201.7473492116003,780,292.2023513044111,1217,1160.8094052176443,884
3798,Raffaele Saggio,labor,North America,UBC,6,2677,5,2603,95.98958276813168,2543,172.0,2744,6,3475,3,924,6,1392,4.5,3116,3,816,5,2654,4.5,2297,335.3770016796115,1292,33.59411708155671,3353,126.37646832622684,2428
3799,Reka Juhasz,history,North America,UBC,6,2677,6,2423,198.9346626407776,1811,347.0,2142,8,3159,2,1169,2,2431,5.0,2983,2,1039,6,2464,4.0,2445,271.2613313682741,1406,175.11845655504212,1753,522.3553696651263,1304
3800,Sam Norris,labor,North America,UBC,6,2677,5,2603,74.04052944165107,2784,154.0,2816,9,3018,3,924,6,1392,6.0,2731,1,1424,7,2299,6.0,1923,169.73967921140294,1713,55.92447448959697,2905,215.69789795838787,1977
3801,Sergei Severinov,micro_theory,North America,UBC,9,1992,9,1961,197.2333643175008,1820,505.0,1823,18,1994,1,1576,12,763,9.5,2035,1,1424,9,2003,7.0,1731,169.3603895520598,1718,181.72077910411963,1710,363.44155820823926,1557
3802,Siwan Anderson,development,North America,UBC,14,1239,16,1280,633.1626963111456,760,1871.0,803,27,1408,6,525,12,763,16.5,1262,6,456,16,1309,11.5,1143,4844.478867404143,441,492.178979389278,757,3410.2528557249457,502
3803,Terry Moon,p_finance,North America,UBC,2,3967,2,3404,30.52867504494749,3515,42.0,3670,2,4322,1,1576,2,2431,1.5,4125,1,1424,2,3459,1.5,3437,34.0,3024,17.0,3801,34.0,3484
3804,Thomas Lemieux,labor,North America,UBC,36,203,47,332,4555.680080953885,59,14553.0,86,53,615,12,216,26,250,32.5,531,12,173,47,340,30.5,304,46397.44766794069,101,3838.4522733205495,60,49756.87955316714,56
3805,Vadim Marmer,econometrics,North America,UBC,10,1802,10,1828,79.09487973314076,2714,258.0,2392,21,1766,0,3283,12,763,10.5,1890,0,3203,10,1859,7.5,1649,39.54743986657038,2884,79.09487973314076,2569,80.09487973314076,2818
3806,Vitor Farinha Luz,micro_theory,North America,UBC,4,3256,2,3404,54.81788029466298,3059,83.0,3240,6,3475,1,1576,3,2072,3.5,3382,0,3203,3,3149,2.5,2945,29.390691849604675,3150,55.78138369920935,2906,111.5627673984187,2539
3807,Wei Li,micro_theory,North America,UBC,6,2677,3,3094,38.24918299781056,3366,83.0,3240,9,3018,2,1169,6,1392,5.5,2853,2,1039,3,3149,4.0,2445,85.39973354705255,2275,23.517434791350013,3583,67.55230437405004,2971
3808,Jonathan Graves,labor,North America,UBC,1,4388,0,4385,2.23606797749979,4467,3.0,4453,2,4322,0,3283,0,3965,1.0,4350,0,3203,0,4408,0.0,4504,1.118033988749895,4470,2.23606797749979,4440,3.23606797749979,4442
3809,Marina Adshade,multiple-field,North America,UBC,4,3256,2,3404,139.8713694792469,2160,168.0,2758,7,3309,0,3283,0,3965,3.5,3382,0,3203,2,3459,1.0,3730,69.93568473962345,2423,139.8713694792469,1985,140.8713694792469,2327
3810,Angela Redish,history,North America,UBC,13,1348,14,1430,146.94556815365345,2112,515.0,1800,33,1137,0,3283,1,2917,16.5,1262,0,3203,14,1453,7.5,1649,73.47278407682671,2384,146.94556815365345,1936,147.94556815365345,2291
3811,Ashok Kotwal,multiple-field,North America,UBC,14,1239,15,1353,503.4302334981482,919,1544.0,926,37,989,3,924,12,763,20.0,1011,3,816,15,1379,10.5,1239,1761.3429563148356,678,358.0507006048573,1014,1424.2028024194292,789
3812,David Donaldson,micro_theory,North America,UBC,21,669,32,583,545.9423046439981,863,2049.0,750,50,671,2,1169,24,285,26.0,718,2,1039,32,600,20.0,589,488.9315603405972,1107,537.1411028878272,699,1608.4233086634815,749
3813,Donald Paterson,history,North America,UBC,3,3600,1,3809,43.15089802078283,3272,56.0,3480,4,3855,0,3283,0,3965,2.0,3907,0,3203,1,3860,0.5,4086,21.575449010391416,3374,43.15089802078283,3151,44.15089802078283,3306
3814,Gordon R Munro,multiple-field,North America,UBC,25,490,42,412,856.6994805648011,584,3464.0,493,69,414,0,3283,0,3965,34.5,474,0,3203,42,422,21.0,550,428.34974028240055,1170,856.6994805648011,435,857.6994805648011,1025
3815,Hugh M Neary,micro_theory,North America,UBC,7,2425,7,2254,93.55746896961249,2565,215.0,2553,13,2492,0,3283,4,1786,6.5,2616,0,3203,7,2299,4.5,2297,46.77873448480624,2759,93.55746896961249,2408,94.55746896961249,2688
3816,John Helliwell,multiple-field,North America,UBC,31,296,53,259,2244.71735414506,176,7972.0,197,84,277,1,1576,5,1568,42.5,312,1,1424,53,270,28.0,353,1132.3475397576278,806,2245.695079515256,115,4491.390159030511,419
3817,Margaret Slade,i_organization,North America,UBC,30,323,48,318,738.861962750824,654,3453.0,494,65,467,3,924,16,541,34.0,490,3,816,48,326,25.5,418,1754.9248491798878,679,670.3851961199019,557,2673.540784479608,569
3818,Mukesh Eswaran,multiple-field,North America,UBC,22,617,28,696,636.8987360640622,756,2330.0,685,48,712,2,1169,14,640,25.0,750,2,1039,28,718,15.5,820,1087.5436184902703,824,544.3421429319319,692,1630.0264287957957,745
3819,Nancy Gallini,i_organization,North America,UBC,10,1802,10,1828,532.182299592912,876,1056.0,1237,19,1915,1,1576,3,2072,10.0,1962,1,1424,10,1859,5.5,2026,415.4630150534788,1181,507.9260301069575,735,1015.852060213915,937
3820,Paul Bradley,p_finance,North America,UBC,3,3600,1,3809,30.80584360149873,3510,41.0,3682,4,3855,0,3283,0,3965,2.0,3907,0,3203,1,3860,0.5,4086,15.402921800749365,3578,30.80584360149873,3402,31.80584360149873,3519
3821,Russell Uhler,multiple-field,North America,UBC,3,3600,3,3094,57.92236183029832,3015,103.0,3101,5,3656,1,1576,1,2917,3.0,3545,1,1424,3,3149,2.0,3174,60.94636006565342,2539,42.89272013130682,3162,85.78544026261365,2767
3822,W Erwin Diewert,multiple-field,North America,UBC,32,272,63,191,1287.299110541136,358,4301.0,405,124,115,3,924,22,327,63.5,134,2,1039,64,192,34.5,235,1138.6960045408982,801,1277.4999019223187,276,5101.999607689275,392
3823,W. Craig Riddell,labor,North America,UBC,17,948,22,952,420.8752784376864,1085,1542.0,929,37,989,1,1576,8,1097,19.0,1075,1,1424,22,972,12.5,1053,325.0969915239907,1307,403.1939830479815,912,806.387966095963,1059
3824,Frederik Noack,multiple-field,North America,UBC,14,1239,15,1353,203.0960363965777,1789,742.0,1501,23,1634,1,1576,1,2917,12.0,1681,0,3203,16,1309,8.5,1487,106.51723991519864,2075,204.0344798303973,1584,408.0689596607946,1475
3825,Margaret Schabas,history,North America,UBC,8,2197,7,2254,58.30951894845301,3011,198.0,2623,32,1187,0,3283,0,3965,16.0,1305,0,3203,7,2299,3.5,2589,29.154759474226505,3155,58.30951894845301,2875,59.30951894845301,3078
3826,Emrul Hasan,finance,North America,UBC,1,4388,0,4385,2.0,4497,2.0,4502,2,4322,0,3283,0,3965,1.0,4350,0,3203,0,4408,0.0,4504,1.0,4501,2.0,4473,3.0,4474
3827,Geoffrey Newman,macro,North America,UBC,1,4388,0,4385,7.0,4221,7.0,4303,2,4322,0,3283,0,3965,1.0,4350,0,3203,0,4408,0.0,4504,3.5,4237,7.0,4171,8.0,4195
3828,Ratna Shrestha,multiple-field,North America,UBC,4,3256,2,3404,19.79898987322333,3802,44.0,3644,7,3309,0,3283,0,3965,3.5,3382,0,3203,2,3459,1.0,3730,9.899494936611664,3835,19.79898987322333,3704,20.79898987322333,3786
3829,Josefa Aguirre,labor,South America,UC,3,3600,2,3404,16.673332000533065,3899,26.0,3893,3,4085,0,3283,2,2431,1.5,4125,0,3203,2,3459,1.5,3437,8.336666000266533,3929,16.673332000533065,3811,17.673332000533065,3877
3830,Sumeyra Akin,micro_theory,South America,UC,1,4388,0,4385,1.0,4570,1.0,4570,2,4322,0,3283,0,3965,1.0,4350,0,3203,0,4408,0.0,4504,0.5,4572,1.0,4561,2.0,4561
3831,Miriam Artiles,political_econ,South America,UC,1,4388,0,4385,2.0,4497,2.0,4502,1,4577,0,3283,1,2917,0.5,4588,0,3203,0,4408,0.5,4086,1.0,4501,2.0,4473,3.0,4474
3832,Martín Besfamille,p_finance,South America,UC,3,3600,2,3404,47.10626285325551,3190,63.0,3415,4,3855,0,3283,2,2431,2.0,3907,0,3203,2,3459,1.5,3437,23.553131426627758,3303,47.10626285325551,3063,48.10626285325551,3233
3833,Jaime Casassus,finance,South America,UC,7,2425,7,2254,287.0069685565143,1426,505.0,1823,13,2492,0,3283,1,2917,6.5,2616,0,3203,7,2299,3.5,2589,143.50348427825716,1844,287.0069685565143,1235,288.0069685565143,1759
3834,Pablo Celhay,multiple-field,South America,UC,8,2197,8,2100,61.335144900782616,2974,188.0,2663,17,2079,0,3283,4,1786,8.5,2203,0,3203,8,2146,5.0,2147,30.667572450391308,3118,61.335144900782616,2840,62.335144900782616,3042
3835,Emilio Depetris-Chauvin,multiple-field,South America,UC,5,2944,5,2603,128.80605575826007,2244,251.0,2425,8,3159,1,1576,6,1392,4.5,3116,1,1424,5,2654,3.5,2589,141.67169507533902,1857,78.34339015067803,2582,156.68678030135607,2251
3836,José Díaz,history,South America,UC,1,4388,0,4385,2.23606797749979,4467,3.0,4453,3,4085,0,3283,0,3965,1.5,4125,0,3203,0,4408,0.0,4504,1.118033988749895,4470,2.23606797749979,4440,3.23606797749979,4442
3837,Nicolás Figueroa,micro_theory,South America,UC,8,2197,7,2254,66.96267617113283,2886,228.0,2507,32,1187,1,1576,7,1234,16.5,1262,1,1424,7,2299,6.0,1923,50.2490309931942,2702,65.4980619863884,2759,130.9961239727768,2393
3838,Sebastian Fleitas,history,South America,UC,3,3600,2,3404,27.784887978899608,3594,48.0,3588,8,3159,0,3283,2,2431,4.0,3242,0,3203,2,3459,2.0,3174,13.892443989449804,3650,27.784887978899608,3482,28.784887978899608,3590
3839,Rodrigo Fuentes,multiple-field,South America,UC,7,2425,7,2254,50.28916384272063,3126,147.0,2849,15,2273,0,3283,1,2917,7.5,2418,0,3203,7,2299,3.5,2589,25.14458192136032,3251,50.28916384272063,2996,51.28916384272063,3178
3840,Francisco Gallego,multiple-field,South America,UC,13,1348,15,1353,457.4571018139296,999,1139.0,1166,24,1571,1,1576,9,991,12.5,1623,1,1424,15,1379,10.0,1294,268.8080332209556,1409,456.61606644191113,806,913.2321328838224,991
3841,Tibor Heumann,micro_theory,South America,UC,4,3256,1,3809,26.758176320519304,3612,44.0,3644,7,3309,0,3283,4,1786,3.5,3382,0,3203,1,3860,2.0,3174,13.379088160259652,3667,26.758176320519304,3500,27.758176320519304,3606
3842,Alexandre Janiak,macro,South America,UC,5,2944,4,2824,112.4855546281388,2380,189.0,2658,8,3159,0,3283,4,1786,4.0,3242,0,3203,4,2882,3.0,2752,56.24277731406941,2603,112.4855546281388,2198,113.4855546281388,2523
3843,Felipe Jordán,p_finance,South America,UC,2,3967,1,3809,11.224972160321824,4058,14.0,4102,5,3656,0,3283,0,3965,2.5,3719,0,3203,1,3860,0.5,4086,5.612486080160912,4075,11.224972160321824,3988,12.224972160321824,4029
3844,David Kohn,multiple-field,South America,UC,4,3256,3,3094,51.35172830587107,3114,85.0,3226,5,3656,0,3283,2,2431,2.5,3719,0,3203,3,3149,2.0,3174,25.67586415293553,3240,51.35172830587107,2979,52.35172830587107,3166
3845,Jeanne Lafortune,labor,South America,UC,10,1802,10,1828,162.85883457767957,2022,421.0,1978,17,2079,2,1169,5,1568,9.5,2035,2,1039,10,1859,6.5,1818,159.7113344825382,1759,162.3277892319357,1837,483.9833676958071,1347
3846,Felipe Larraín,multiple-field,South America,UC,7,2425,4,2824,78.99367063252599,2717,178.0,2715,18,1994,0,3283,0,3965,9.0,2114,0,3203,4,2882,2.0,3174,39.496835316263,2885,78.99367063252599,2571,79.99367063252599,2820
3847,Rolf Lüders,history,South America,UC,1,4388,1,3809,11.04536101718726,4064,12.0,4154,4,3855,0,3283,0,3965,2.0,3907,0,3203,1,3860,0.5,4086,5.522680508593631,4081,11.04536101718726,3996,12.04536101718726,4036
3848,Caio Machado,macro,South America,UC,4,3256,2,3404,28.635642126552707,3565,54.0,3505,7,3309,0,3283,3,2072,3.5,3382,0,3203,2,3459,2.0,3174,14.317821063276352,3627,28.635642126552707,3454,29.635642126552707,3567
3849,Verónica Mies,development,South America,UC,2,3967,0,4385,3.605551275463989,4413,5.0,4375,2,4322,0,3283,0,3965,1.0,4350,0,3203,0,4408,0.0,4504,1.8027756377319943,4417,3.605551275463989,4374,4.60555127546399,4383
3850,Juan-Pablo Montero,multiple-field,South America,UC,21,669,26,777,478.0868122004622,957,1721.0,848,40,899,4,749,15,589,22.0,892,4,656,26,797,16.5,766,1035.612979248712,837,466.8142175862794,793,2319.071087931397,614
3851,Tomás Rau,labor,South America,UC,8,2197,6,2423,64.22616289332565,2922,195.0,2635,16,2168,0,3283,4,1786,8.0,2304,0,3203,6,2464,4.5,2297,32.113081446662825,3075,64.22616289332565,2783,65.22616289332565,2998
3852,José Miguel Sánchez,multiple-field,South America,UC,5,2944,4,2824,227.66203021145185,1675,386.0,2054,7,3309,0,3283,0,3965,3.5,3382,0,3203,4,2882,2.0,3174,113.83101510572592,2032,227.66203021145185,1479,228.66203021145185,1939
3853,Hugo Silva,multiple-field,South America,UC,9,1992,9,1961,144.25671561490648,2132,346.0,2146,16,2168,0,3283,1,2917,8.0,2304,0,3203,9,2003,4.5,2297,72.12835780745324,2400,144.25671561490648,1955,145.25671561490648,2309
3854,Raimundo Soto,multiple-field,South America,UC,10,1802,11,1709,184.3013836084797,1893,505.0,1823,27,1408,1,1576,1,2917,14.0,1485,1,1424,11,1737,6.0,1923,108.75783345306274,2057,184.5156669061255,1693,369.031333812251,1544
3855,Alejandra Traferri,econometrics,South America,UC,1,4388,1,3809,18.0,3855,18.0,4028,1,4577,0,3283,0,3965,0.5,4588,0,3203,1,3860,0.5,4086,9.0,3886,18.0,3762,19.0,3835
3856,Javier Turén,macro,South America,UC,3,3600,2,3404,35.59494346111537,3416,55.0,3490,6,3475,0,3283,1,2917,3.0,3545,0,3203,2,3459,1.5,3437,17.797471730557685,3505,35.59494346111537,3309,36.59494346111537,3436
3857,Bernardita Vial,micro_theory,South America,UC,2,3967,1,3809,57.087651904768336,3027,61.0,3436,4,3855,0,3283,2,2431,2.0,3907,0,3203,1,3860,1.0,3730,28.543825952384168,3168,57.087651904768336,2891,58.087651904768336,3089
3858,Joaquín Vial,multiple-field,South America,UC,2,3967,0,4385,9.848857801796104,4106,13.0,4130,3,4085,0,3283,0,3965,1.5,4125,0,3203,0,4408,0.0,4504,4.924428900898052,4125,9.848857801796104,4048,10.848857801796104,4080
3859,Alejandro Vicondoa,macro,South America,UC,4,3256,4,2824,62.64982043070834,2951,113.0,3048,4,3855,0,3283,2,2431,2.0,3907,0,3203,4,2882,2.0,3174,31.32491021535417,3098,62.64982043070834,2813,63.64982043070834,3021
3860,Gert Wagner,history,South America,UC,1,4388,0,4385,2.0,4497,2.0,4502,1,4577,0,3283,0,3965,0.5,4588,0,3203,0,4408,0.0,4504,1.0,4501,2.0,4473,3.0,4474
3861,Felipe Zurita,multiple-field,South America,UC,4,3256,1,3809,17.175564037317667,3877,51.0,3547,16,2168,0,3283,2,2431,8.0,2304,0,3203,1,3860,1.5,3437,8.587782018658833,3906,17.175564037317667,3787,18.175564037317667,3854
3862,Felipe González,multiple-field,South America,UC,11,1625,11,1709,410.8089580328063,1103,678.0,1581,28,1363,1,1576,9,991,14.5,1436,0,3203,12,1632,9.0,1418,208.3990019449949,1556,411.7980038899897,892,823.5960077799795,1049
3863,Andrew Chesher,econometrics,Europe,UCL,19,797,30,633,367.3690242794022,1199,1474.0,965,51,654,13,186,25,268,32.0,545,9,268,34,558,25.0,431,5662.3454000927695,405,228.3996285976371,1473,3029.59480036692,537
3864,Attila Lindner,labor,Europe,UCL,7,2425,7,2254,1069.72800281193,463,1352.0,1032,8,3159,3,924,5,1568,5.5,2853,3,816,7,2299,5.0,2147,2854.4740524734902,557,43.26164427839479,3148,165.04657711357916,2208
3865,Beatriz Armendariz,development,Europe,UCL,6,2677,4,2824,194.38106903708496,1837,294.0,2288,6,3475,0,3283,0,3965,3.0,3545,0,3203,4,2882,2.0,3174,97.19053451854248,2150,194.38106903708496,1641,195.38106903708496,2067
3866,Christian Dustmann,labor,Europe,UCL,58,45,92,83,1643.1059004215158,270,11939.0,109,106,170,14,160,51,45,60.0,154,14,128,92,85,55.5,83,31065.818936202544,140,1444.4653089117542,234,21471.979633676317,120
3867,Daniel Lewis,econometrics,Europe,UCL,6,2677,5,2603,91.9945650568554,2578,197.0,2627,8,3159,2,1169,5,1568,5.0,2983,2,1039,5,2654,4.0,2445,131.78038427975483,1922,87.30533394811839,2476,258.91600184435515,1849
3868,Deniz Kattwinkel,micro_theory,Europe,UCL,2,3967,1,3809,13.820274961085254,3991,21.0,3971,6,3475,2,1169,3,2072,4.0,3242,0,3203,3,3149,3.0,2752,15.59545297913646,3574,15.19090595827292,3872,42.57271787481876,3339
3869,Dennis Kristensen,econometrics,Europe,UCL,17,948,23,906,346.3437598687177,1258,1122.0,1179,34,1095,2,1169,17,493,18.0,1148,2,1039,23,925,15.0,864,513.9763163920221,1078,220.9383474862273,1502,659.8150424586819,1169
3870,Duygu Ozdemir,behavior-experiment,Europe,UCL,1,4388,0,4385,3.0,4440,3.0,4453,1,4577,0,3283,1,2917,0.5,4588,0,3203,0,4408,0.5,4086,1.5,4444,3.0,4407,4.0,4412
3871,Fabien Postel-Vinay,labor,Europe,UCL,24,528,32,583,646.8678381246049,745,2524.0,646,40,899,11,246,22,327,25.5,733,8,320,35,538,24.0,461,8183.190309238357,348,380.2966287417203,966,4443.559544900644,423
3872,Franck Portier,macro,Europe,UCL,15,1141,19,1100,551.5596069329225,846,1458.0,977,32,1187,3,924,7,1234,17.5,1186,3,816,19,1119,11.0,1189,1437.7690222491226,727,326.6417772785213,1114,1298.5671091140853,836
3873,François Gerard,multiple-field,Europe,UCL,7,2425,7,2254,133.03007178829907,2215,261.0,2382,7,3309,3,924,4,1786,5.0,2983,3,816,7,2299,5.0,2147,294.9990687818351,1367,127.43472184241824,2077,501.73888736967297,1331
3874,Frederic Malherbe,finance,Europe,UCL,6,2677,6,2423,79.15175298121956,2712,185.0,2676,10,2874,1,1576,6,1392,5.5,2853,1,1424,6,2464,4.5,2297,59.15756805667783,2569,77.31513611335565,2597,154.6302722267113,2259
3875,Gabriel Ulyssea,labor,Europe,UCL,8,2197,8,2100,322.49961240286785,1322,772.0,1472,10,2874,1,1576,6,1392,5.5,2853,1,1424,8,2146,4.5,2297,341.5392945674104,1276,230.0785891348207,1465,460.1571782696414,1380
3876,Gabriella Conti,multiple-field,Europe,UCL,23,568,30,633,2090.97297926109,196,4618.0,379,42,840,1,1576,9,991,21.5,923,1,1424,30,649,15.5,820,1384.3945846130987,739,2061.7891692261974,129,4123.578338452395,446
3877,Hugh Goodacre,history,Europe,UCL,4,3256,1,3809,14.798648586948742,3966,35.0,3754,7,3309,0,3283,0,3965,3.5,3382,0,3203,1,3860,0.5,4086,7.399324293474371,3990,14.798648586948742,3884,15.798648586948742,3938
3878,Hyejin Ku,labor,Europe,UCL,6,2677,6,2423,68.2934843158555,2868,174.0,2732,10,2874,1,1576,8,1097,5.5,2853,0,3203,7,2299,5.5,2026,39.05510240771565,2899,69.11020481543129,2709,138.22040963086258,2346
3879,Ian Preston,multiple-field,Europe,UCL,24,528,31,605,975.8268288994724,514,3532.0,488,40,899,4,749,19,415,22.0,892,4,656,31,620,18.0,684,4599.39314637126,452,668.2890936934009,559,3326.4454684670045,509
3880,Imran Rasul,multiple-field,Europe,UCL,32,272,42,412,1339.1728790563227,345,5140.0,338,55,582,10,280,26,250,32.5,531,9,268,43,408,28.5,340,12304.18426377452,265,1209.2843699473449,296,13203.128069420794,187
3881,Jonas Hjort,multiple-field,Europe,UCL,10,1802,10,1828,394.7733526974687,1137,782.0,1460,14,2384,5,627,9,991,9.5,2035,5,545,10,1859,9.0,1418,2273.601759691824,603,88.02409288875127,2467,504.1445573325076,1329
3883,Kalina Manova,i_trade,Europe,UCL,14,1239,14,1430,1067.0515451467188,465,3103.0,542,16,2168,3,924,8,1097,9.5,2035,3,816,14,1453,8.5,1487,3235.2994918675604,528,718.0846103783804,520,2864.338441513521,551
3884,Liyang Sun,econometrics,Europe,UCL,2,3967,2,3404,29.9833287011299,3537,47.0,3604,6,3475,2,1169,3,2072,4.0,3242,1,1424,3,3149,3.0,2752,43.19634940277471,2825,21.209372712298546,3657,60.62811813689564,3062
3885,Lukasz Rachel,macro,Europe,UCL,4,3256,4,2824,102.69371937952194,2479,178.0,2715,5,3656,1,1576,1,2917,3.0,3545,1,1424,4,2882,2.5,2945,102.93287187579196,2103,82.8657437515839,2525,165.7314875031678,2204
3886,Marcos Angel Vera-Hernandez,p_finance,Europe,UCL,1,4388,1,3809,87.0,2633,87.0,3214,1,4577,0,3283,1,2917,0.5,4588,0,3203,1,3860,0.5,4086,43.5,2822,87.0,2480,88.0,2747
3887,Mark Armstrong,i_organization,Europe,UCL,31,296,44,375,2136.5516609714823,189,5669.0,293,49,693,11,246,28,209,30.0,588,10,231,45,370,28.0,353,7127.701925922185,364,2120.847624829812,123,25330.171497957745,106
3888,Marta Morazzoni,macro,Europe,UCL,1,4388,1,3809,35.0,3424,35.0,3754,1,4577,0,3283,1,2917,0.5,4588,0,3203,1,3860,0.5,4086,17.5,3512,35.0,3320,36.0,3446
3889,Martin Cripps,micro_theory,Europe,UCL,12,1477,13,1510,266.6589582219206,1513,663.0,1605,21,1766,5,627,14,640,13.0,1571,5,545,13,1535,10.5,1239,2018.9842386940013,636,74.56292115775473,2638,423.3775269465284,1449
3890,Michael Thaler,behavior-experiment,Europe,UCL,3,3600,3,3094,605.7590279971071,788,652.0,1619,6,3475,1,1576,2,2431,3.5,3382,0,3203,4,2882,2.5,2945,305.8757996275041,1338,606.7515992550082,623,1213.5031985100163,864
3891,Michela Tincani,labor,Europe,UCL,3,3600,2,3404,43.69210454990696,3258,65.0,3397,3,4085,0,3283,1,2917,1.5,4125,0,3203,2,3459,1.0,3730,21.84605227495348,3360,43.69210454990696,3132,44.69210454990696,3295
3892,Ming Yang,micro_theory,Europe,UCL,5,2944,5,2603,63.0317380372777,2944,121.0,2994,7,3309,1,1576,2,2431,4.0,3242,1,1424,5,2654,3.0,2752,46.483602149352365,2766,61.96720429870473,2829,123.93440859740946,2451
3893,Morten Ravn,macro,Europe,UCL,23,568,31,605,1249.9463988507666,374,3548.0,485,38,953,10,280,20,383,24.0,802,8,320,33,579,22.0,518,8680.571262894373,336,1079.7728730903584,339,11778.501603993942,208
3894,Parama Chaudhury,other,Europe,UCL,1,4388,1,3809,12.041594578792296,4032,13.0,4130,8,3159,0,3283,0,3965,4.0,3242,0,3203,1,3860,0.5,4086,6.020797289396148,4051,12.041594578792296,3958,13.041594578792296,4004
3895,Pedro Carneiro,labor,Europe,UCL,21,669,27,733,812.393377619488,603,2895.0,566,40,899,9,329,22,327,24.5,776,7,384,29,684,21.0,550,6430.474254225288,379,700.310349987616,534,6923.10349987616,316
3896,Peter Postl,micro_theory,Europe,UCL,2,3967,1,3809,26.457513110645905,3618,34.0,3769,5,3656,0,3283,1,2917,2.5,3719,0,3203,1,3860,0.5,4086,13.228756555322953,3673,26.457513110645905,3510,27.457513110645905,3611
3897,Philippe Jehiel,micro_theory,Europe,UCL,28,386,48,318,544.0431968143706,866,2671.0,601,75,352,19,95,49,49,47.0,257,17,95,50,299,40.5,165,16477.23995859863,219,402.1161703713379,914,7682.323407426757,293
3898,Raffaella Giacomini,econometrics,Europe,UCL,16,1038,19,1100,1036.2142635574942,484,2356.0,679,27,1408,3,924,15,589,15.0,1386,3,816,19,1119,13.0,1007,2477.677324906006,586,485.2032766375608,767,1932.8131065502432,677
3899,Ramin Nassehi,other,Europe,UCL,1,4388,0,4385,1.0,4570,1.0,4570,3,4085,0,3283,0,3965,1.5,4125,0,3203,0,4408,0.0,4504,0.5,4572,1.0,4561,2.0,4561
3900,Ran Spiegler,micro_theory,Europe,UCL,19,797,31,605,379.9947368056563,1172,1544.0,926,54,596,12,216,31,175,33.0,516,12,173,31,620,27.5,363,8301.708890094442,345,258.912940122627,1358,3222.8682215941512,518
3901,Richard Blundell,multiple-field,Europe,UCL,58,45,126,45,17423.72890629328,4,36521.0,16,175,57,36,12,89,11,105.5,40,32,12,130,42,87.5,21,188112.7810842985,27,17193.529076181105,3,634865.5758187008,2
3902,Saleem Bahaj,multiple-field,Europe,UCL,6,2677,5,2603,57.24508712544685,3023,147.0,2849,12,2609,2,1169,7,1234,7.0,2517,2,1039,5,2654,4.5,2297,133.6305312400343,1910,40.69108424430621,3204,119.0732527329186,2488
3903,Stephen Hansen,multiple-field,Europe,UCL,10,1802,10,1828,371.2963775745732,1188,847.0,1403,14,2384,3,924,6,1392,8.5,2203,3,816,10,1859,7.0,1731,1075.335307162651,829,226.0044842598462,1486,896.0179370393848,1000
3904,Stephen Smith,p_finance,Europe,UCL,14,1239,19,1100,154.7740288291288,2068,597.0,1689,41,868,0,3283,2,2431,20.5,981,0,3203,19,1119,10.5,1239,77.3870144145644,2353,154.7740288291288,1883,155.7740288291288,2255
3905,Suphanit Piyapromdee,labor,Europe,UCL,4,3256,3,3094,56.17828762075256,3040,96.0,3153,5,3656,2,1169,3,2072,3.5,3382,1,1424,4,2882,3.5,2589,105.82923287495149,2083,30.337254630609507,3411,88.01176389182852,2746
3906,Vasiliki Skreta,micro_theory,Europe,UCL,17,948,26,777,410.5995616169116,1104,1372.0,1017,58,546,10,280,32,165,34.0,490,8,320,28,718,26.0,403,3492.6590732528007,514,374.0865281770255,982,4015.9518099472807,457
3907,Vincent Sterk,macro,Europe,UCL,10,1802,10,1828,181.00828710310475,1916,492.0,1845,14,2384,3,924,11,832,8.5,2203,2,1039,11,1737,7.0,1731,520.3894945040983,1072,119.52467549836815,2147,470.0987019934726,1362
3908,Wei Cui,macro,Europe,UCL,6,2677,4,2824,55.27205442174191,3049,129.0,2957,12,2609,3,924,9,991,7.5,2418,0,3203,7,2299,6.5,1818,64.54765592970023,2490,57.680892457969264,2885,222.72356983187703,1956
3909,Wendy Carlin,multiple-field,Europe,UCL,17,948,20,1048,347.6219210579218,1255,1205.0,1117,39,924,0,3283,2,2431,19.5,1041,0,3203,20,1065,10.0,1294,173.8109605289609,1690,347.6219210579218,1047,348.6219210579218,1594
3910,Nancy Daza Baez,labor,Europe,UCL,1,4388,0,4385,5.0,4330,5.0,4375,1,4577,0,3283,0,3965,0.5,4588,0,3203,0,4408,0.0,4504,2.5,4337,5.0,4288,6.0,4300
3911,Sebastian Espinoza Rojas,p_finance,Europe,UCL,4,3256,4,2824,54.42425929675111,3067,106.0,3088,4,3855,0,3283,0,3965,2.0,3907,0,3203,4,2882,2.0,3174,27.212129648375555,3202,54.42425929675111,2929,55.42425929675111,3124
3912,Antonio Guarino,behavior-experiment,Europe,UCL,10,1802,11,1709,195.49680304291425,1825,527.0,1777,21,1766,2,1169,10,906,11.5,1753,2,1039,11,1737,8.5,1487,483.09151052981696,1112,117.90081966923272,2161,350.70245900769817,1584
3913,Costas Meghir,multiple-field,Europe,UCL,74,12,160,19,2001.9557937177333,213,18313.0,57,200,39,50,3,106,6,125.0,25,44,4,166,19,113.0,11,311036.4594649084,12,1545.1839351731946,209,76305.38069383292,36
3914,John Asker,i_organization,North America,UCLA,12,1477,13,1510,545.4988542609416,864,1349.0,1034,20,1840,5,627,11,832,12.5,1623,5,545,13,1535,10.0,1294,2484.8827227384204,585,498.01419857849936,751,2964.085191470996,546
3915,Andrew Atkeson,multiple-field,North America,UCLA,23,568,29,665,676.7554949906207,714,2456.0,656,40,899,19,95,26,250,29.5,601,18,84,30,649,25.5,418,28724.43482594036,149,195.77952370113456,1632,3555.5904740226915,487
3916,Martha Bailey,labor,North America,UCLA,19,797,26,777,551.3066297442831,848,1787.0,827,35,1061,6,525,9,991,20.5,981,5,545,27,755,17.0,742,3508.33726059576,513,365.60672963669634,1000,2524.2471074568743,587
3917,David Baqaee,macro,North America,UCLA,11,1625,11,1709,335.3281974424459,1295,795.0,1441,17,2079,11,246,13,700,14.0,1485,7,384,15,1379,13.0,1007,4824.639447504252,443,50.03844259188627,3002,480.4613111026353,1353
3918,Natalie Bau,development,North America,UCLA,9,1992,9,1961,176.43128974192757,1936,428.0,1965,12,2609,8,386,9,991,10.0,1962,5,545,12,1632,10.0,1294,1690.9244587389376,687,65.58472019555188,2757,527.2624817599668,1299
3919,Saki Bigio,macro,North America,UCLA,5,2944,4,2824,122.09013064126027,2302,242.0,2463,10,2874,4,749,8,1097,7.0,2517,3,816,5,2654,6.0,1923,679.4621910871174,979,28.79919353527449,3449,128.99596767637246,2410
3920,Alexander Bloedel,micro_theory,North America,UCLA,1,4388,0,4385,1.4142135623730951,4524,2.0,4502,2,4322,2,1169,2,2431,2.0,3907,0,3203,2,3459,2.0,3174,4.0,4196,2.0,4473,3.0,4474
3921,Simon Board,micro_theory,North America,UCLA,12,1477,12,1604,181.4717608885746,1910,580.0,1708,15,2273,10,280,12,763,12.5,1623,8,320,14,1453,12.0,1098,3431.032288688671,518,98.5776495511142,2357,985.354145062256,948
3922,Ariel Burstein,multiple-field,North America,UCLA,20,726,22,952,688.0007267438023,701,2289.0,692,28,1363,15,142,20,383,21.5,923,11,201,26,797,20.5,567,13302.81224449536,257,389.95066342120265,935,6015.210614739242,349
3923,Denis Chetverikov,econometrics,North America,UCLA,19,797,21,998,2005.880604622319,211,3675.0,464,25,1518,5,627,8,1097,15.0,1386,4,656,22,972,14.0,936,2463.16133855079,588,1990.878898623982,141,11921.273391743893,203
3924,Dora Costa,history,North America,UCLA,29,352,44,375,884.2301736538965,565,3793.0,452,56,569,11,246,19,415,33.5,504,11,201,44,387,28.5,340,7137.069405340716,362,813.6481171721516,458,9643.77740606582,247
3925,Pablo Fajgelbaum,i_trade,North America,UCLA,11,1625,11,1709,604.9826443791591,789,1562.0,916,12,2609,9,329,9,991,10.5,1890,9,268,11,1737,10.0,1294,9545.125924011032,315,220.18948837477683,1508,2121.8948837477683,645
3926,Michela Giorcelli,history,North America,UCLA,7,2425,6,2423,123.5637487291479,2286,252.0,2421,11,2737,3,924,6,1392,7.0,2517,3,816,6,2464,5.5,2026,462.8761029723916,1129,48.50824101193101,3042,186.03296404772405,2115
3927,Felipe Goncalves,labor,North America,UCLA,1,4388,1,3809,79.0,2715,79.0,3276,2,4322,1,1576,1,2917,1.5,4125,1,1424,1,3860,1.0,3730,79.0,2336,1.0,4561,2.0,4561
3928,Joao Guerreiro,p_finance,North America,UCLA,2,3967,2,3404,65.95452979136459,2895,78.0,3285,3,4085,1,1576,3,2072,2.0,3907,1,1424,2,3459,2.0,3174,70.59016994374946,2416,12.180339887498947,3947,24.360679774997894,3675
3929,Daniel Haanwinckel,labor,North America,UCLA,1,4388,1,3809,20.0,3796,20.0,3989,2,4322,2,1169,2,2431,2.0,3907,1,1424,2,3459,2.0,3174,20.000000000000004,3424,2.0,4473,3.0,4474
3930,Martin B. Hackmann,p_finance,North America,UCLA,5,2944,5,2603,116.37869220780924,2351,220.0,2532,6,3475,4,749,5,1568,5.0,2983,4,656,5,2654,4.5,2297,694.7848418022144,968,30.30589287593181,3413,136.52946437965906,2356
3931,Jinyong Hahn,econometrics,North America,UCLA,30,323,49,305,1778.1934652899836,249,5258.0,328,82,287,14,160,33,157,48.0,244,13,148,50,299,34.5,235,31254.8784231888,139,389.0906557087233,939,5641.359835630849,367
3932,Gary D. Hansen,macro,North America,UCLA,13,1348,13,1510,1148.4289268387488,416,2007.0,763,25,1518,1,1576,7,1234,13.0,1571,1,1424,13,1535,7.5,1649,978.296554976464,856,1057.593109952928,345,2115.186219905856,646
3933,Hugo Hopenhayn,micro_theory,North America,UCLA,19,797,22,952,531.5552652358924,877,1881.0,797,31,1232,13,186,22,327,22.0,892,13,148,22,972,19.0,627,14320.64957735326,243,246.69424468736923,1402,3285.719425623169,514
3934,Zhipeng Liao,econometrics,North America,UCLA,15,1141,18,1155,148.10806865258894,2104,556.0,1735,32,1187,5,627,13,700,18.5,1111,5,545,18,1177,13.0,1007,846.9681501066942,907,118.53853971229329,2155,687.2312382737597,1150
3935,Adriana Lleras-Muney,multiple-field,North America,UCLA,21,669,25,816,1934.9705424114345,218,5457.0,317,39,924,9,329,19,415,24.0,802,7,384,27,755,20.5,567,13131.225211599203,259,1626.24951692681,190,16182.4951692681,153
3936,Juliana Londoño-Vélez,p_finance,North America,UCLA,5,2944,4,2824,54.84523680320835,3058,116.0,3028,9,3018,2,1169,5,1568,5.5,2853,0,3203,6,2464,4.5,2297,34.841099259145395,3003,56.75399528801528,2895,167.26198586404584,2198
3937,Jay Lu,micro_theory,North America,UCLA,4,3256,4,2824,71.61703707917552,2818,139.0,2905,6,3475,4,749,5,1568,5.0,2983,3,816,5,2654,4.5,2297,450.9011448936431,1144,14.44030650891055,3890,57.20153254455276,3098
3938,Rosa Matzkin,econometrics,North America,UCLA,19,797,23,906,363.9697789652322,1209,1370.0,1019,29,1320,7,445,16,541,18.0,1148,7,384,23,925,17.0,742,3935.419143747949,488,228.22838877503943,1475,1777.8271102003157,709
3939,Maurizio Mazzocco,multiple-field,North America,UCLA,6,2677,5,2603,201.3156725145859,1803,390.0,2047,13,2492,6,525,9,991,9.5,2035,3,816,8,2146,8.0,1567,974.644565062694,859,102.97937925146768,2306,685.8556547602738,1153
3940,Kathleen Mcgarry,multiple-field,North America,UCLA,27,420,29,665,891.8088360181233,562,3765.0,458,42,840,5,627,14,640,23.5,827,4,656,30,649,17.5,716,2813.072107097339,560,791.9015186158939,473,4727.409111695363,410
3941,Moritz Meyer-Ter-Vehn,micro_theory,North America,UCLA,8,2197,8,2100,140.73379125142617,2157,326.0,2199,15,2273,7,445,11,832,11.0,1825,4,656,11,1737,9.5,1356,1106.269454084134,818,61.27706698044764,2842,442.21653584358114,1412
3942,Ichiro Obara,micro_theory,North America,UCLA,7,2425,7,2254,99.0101004948485,2513,257.0,2396,12,2609,2,1169,9,991,7.0,2517,2,1039,7,2299,5.5,2026,184.50149083565077,1643,85.17451532771321,2497,252.52354598313963,1862
3943,Filip Obradovic,labor,North America,UCLA,1,4388,1,3809,79.0,2715,79.0,3276,2,4322,1,1576,1,2917,1.5,4125,1,1424,1,3860,1.0,3730,79.0,2336,1.0,4561,2.0,4561
3944,Lee E. Ohanian,multiple-field,North America,UCLA,21,669,27,733,1038.085256614311,482,2581.0,633,53,615,11,246,28,209,32.0,545,8,320,30,649,24.0,461,9031.376898687757,324,294.6899716239543,1210,3416.279659487452,500
3945,Will Rafey,other,North America,UCLA,4,3256,4,2824,64.11708040764177,2924,95.0,3161,4,3855,1,1576,2,2431,2.5,3719,1,1424,4,2882,2.5,2945,44.392674304684526,2802,63.78534860936905,2792,127.5706972187381,2422
3946,Michael Rubens,i_organization,North America,UCLA,1,4388,1,3809,25.03996805109783,3648,27.0,3874,4,3855,2,1169,3,2072,3.0,3545,1,1424,2,3459,2.5,2945,36.5,2959,3.0,4407,6.0,4300
3947,Tomasz Sadzik,micro_theory,North America,UCLA,4,3256,2,3404,113.82003338604324,2371,149.0,2836,7,3309,2,1169,5,1568,4.5,3116,0,3203,4,2882,4.0,2445,86.62790380032803,2258,115.3225485064645,2174,342.9676455193935,1612
3948,Andres Santos,econometrics,North America,UCLA,14,1239,14,1430,198.06564568344507,1815,644.0,1629,18,1994,10,280,14,640,14.0,1485,8,320,16,1309,13.5,969,2990.926235554144,551,143.70115930686617,1957,1481.7127523755275,775
3949,Yotam Shem-Tov,multiple-field,North America,UCLA,7,2425,5,2603,68.7386354243376,2861,179.0,2710,12,2609,4,749,5,1568,8.0,2304,1,1424,8,2146,6.5,1818,183.35517266278825,1650,64.89334939055331,2771,309.4667469527666,1694
3950,Bernardo S. Silveira,multiple-field,North America,UCLA,4,3256,4,2824,70.31358332498779,2837,138.0,2912,8,3159,4,749,5,1568,6.0,2731,3,816,5,2654,5.0,2147,295.7424946845909,1366,43.1279950930277,3152,200.6399754651385,2044
3951,Aaron Tornell,i_finance,North America,UCLA,21,669,22,952,1015.7863948685276,495,2978.0,560,30,1275,3,924,10,906,16.5,1262,3,816,22,972,12.5,1053,3447.9141924343367,517,621.6089233110043,606,2478.4356932440173,590
3952,Jonathan Vogel,i_trade,North America,UCLA,12,1477,12,1604,306.8664204503321,1367,835.0,1414,16,2168,9,329,10,906,12.5,1623,7,384,14,1453,11.5,1143,4161.370544207037,474,105.10931276416451,2274,971.0931276416452,953
3953,Till Von Wachter,labor,North America,UCLA,27,420,28,696,1028.03064156668,491,3673.0,465,36,1023,13,186,19,415,24.5,776,12,173,29,684,22.0,518,17020.265428679133,214,734.3549750296313,504,10112.969650414838,239
3954,Pierre-Olivier Weill,finance,North America,UCLA,17,948,19,1100,311.08841187032345,1355,1160.0,1150,27,1408,9,329,18,453,18.0,1148,7,384,21,1017,16.5,766,4006.257180420818,482,234.9690244259155,1451,2269.690244259155,620
3955,Titan Alon,macro,North America,UCSD,4,3256,4,2824,97.17509969122747,2533,171.0,2749,4,3855,0,3283,1,2917,2.0,3907,0,3203,4,2882,2.0,3174,48.587549845613744,2733,97.17509969122747,2376,98.17509969122747,2665
3956,Kate Antonovics,labor,North America,UCSD,10,1802,10,1828,226.9383176107552,1679,563.0,1728,11,2737,2,1169,7,1234,6.5,2616,2,1039,10,1859,6.0,1923,416.81567755503374,1180,187.63135511006757,1674,559.8940653302027,1268
3957,David Arnold,labor,North America,UCSD,3,3600,2,3404,203.4330356653019,1787,241.0,2466,3,4085,2,1169,2,2431,2.5,3719,2,1039,2,3459,2.0,3174,411.0465053408525,1186,6.0,4225,15.0,3954
3958,Samuel Bazzi,multiple-field,North America,UCSD,15,1141,16,1280,636.2743119127158,757,1693.0,860,19,1915,5,627,9,991,12.0,1681,5,545,16,1309,11.0,1189,1796.1056452976295,673,613.9187137869882,611,3659.512282721929,480
3959,Eli Berman,multiple-field,North America,UCSD,16,1038,18,1155,1809.7715325421605,243,4981.0,349,24,1571,6,525,10,906,15.0,1386,6,456,18,1177,12.0,1098,19728.57493924587,191,492.60969986222017,756,3413.267899035541,501
3960,Julian R. Betts,labor,North America,UCSD,20,726,24,859,415.1493707089052,1095,1621.0,896,35,1061,2,1169,8,1097,18.5,1111,2,1039,24,876,13.0,1007,398.6024256208781,1202,406.5590191801439,903,1216.6770575404316,863
3961,Prashant Bharadwaj,labor,North America,UCSD,19,797,27,733,373.2505860678587,1184,1526.0,941,40,899,1,1576,18,453,20.5,981,1,1424,27,755,16.0,788,317.7556403731767,1322,344.5112807463533,1056,689.0225614927067,1149
3962,Judd Boomhower,multiple-field,North America,UCSD,8,2197,8,2100,345.44319359338954,1260,669.0,1595,11,2737,1,1576,2,2431,6.0,2731,1,1424,8,2146,4.5,2297,218.1154580977417,1520,343.2309161954834,1060,686.4618323909668,1151
3963,Richard T. Carson,multiple-field,North America,UCSD,48,90,76,123,1986.6579977439496,216,10834.0,132,114,144,2,1169,4,1786,58.0,172,1,1424,77,125,39.5,174,1145.7616622418293,798,1986.3729488178376,142,5956.118846453513,351
3964,Jeffrey Clemens,multiple-field,North America,UCSD,14,1239,19,1100,406.00492607848986,1114,1156.0,1153,35,1061,3,924,10,906,19.0,1075,3,816,19,1119,11.5,1143,1271.4956697730013,765,210.2172772719495,1555,832.869109087798,1040
3965,Julie Berry Cullen,labor,North America,UCSD,13,1348,13,1510,537.8838164510994,872,1441.0,984,15,2273,1,1576,11,832,8.0,2304,1,1424,13,1535,8.0,1567,497.60072463656206,1094,470.20144927312407,786,940.402898546248,971
3966,Gordon B. Dahl,labor,North America,UCSD,16,1038,18,1155,864.8375570013134,579,2510.0,648,30,1275,11,246,18,453,20.5,981,10,231,19,1119,17.0,742,17661.373273533016,207,236.8140828203591,1444,2721.768993844309,564
3967,Songzi Du,micro_theory,North America,UCSD,4,3256,3,3094,73.2120208708925,2797,132.0,2945,8,3159,4,749,7,1234,6.0,2731,3,816,4,2882,5.5,2026,376.6274171465814,1227,14.04987562112089,3900,55.24937810560445,3127
3968,Fabian Eckert,labor,North America,UCSD,2,3967,2,3404,88.11923740024082,2621,101.0,3112,2,4322,0,3283,0,3965,1.0,4350,0,3203,2,3459,1.0,3730,44.05961870012041,2811,88.11923740024082,2465,89.11923740024082,2736
3969,Graham Elliott,econometrics,North America,UCSD,27,420,33,565,4527.726140128177,61,7322.0,220,42,840,7,445,28,209,24.5,776,7,384,33,579,22.0,518,16988.355332106294,215,553.0979765573207,677,4376.783812458566,431
3970,Itzik Fadlon,labor,North America,UCSD,6,2677,4,2824,149.30840565755165,2099,265.0,2363,8,3159,2,1169,6,1392,5.0,2983,1,1424,5,2654,4.5,2297,162.61302342846963,1747,97.2260468569393,2375,288.6781405708179,1755
3971,Melissa Famulari,labor,North America,UCSD,3,3600,3,3094,469.4134638035002,975,529.0,1776,3,4085,1,1576,2,2431,2.0,3907,1,1424,3,3149,2.0,3174,252.5341126574128,1435,470.0682253148256,787,940.1364506296512,972
3972,Alexander Gelber,labor,North America,UCSD,10,1802,10,1828,166.09936784948945,1999,505.0,1823,15,2273,4,749,7,1234,9.5,2035,3,816,11,1737,8.0,1567,544.4749486033935,1050,151.20054347725758,1906,741.0027173862879,1106
3973,Josh Graff Zivin,multiple-field,North America,UCSD,44,113,72,143,1704.2009857995035,260,9101.0,170,105,174,3,924,15,589,54.0,198,3,816,72,147,39.0,182,3042.7883432684243,545,1557.997106106632,205,6223.988424426528,340
3974,James D. Hamilton,multiple-field,North America,UCSD,43,122,60,211,3749.137500812687,91,15420.0,81,72,385,7,445,33,157,39.5,366,7,384,60,218,35.0,228,18437.203812445045,203,2857.173854346433,86,22809.39083477146,114
3975,Juan Herreño,macro,North America,UCSD,2,3967,1,3809,116.1077086157504,2354,121.0,2994,4,3855,1,1576,2,2431,2.5,3719,1,1424,1,3860,1.5,3437,118.5,2003,6.0,4225,12.0,4041
3976,Mark Jacobsen,p_finance,North America,UCSD,13,1348,13,1510,342.88482031142763,1271,888.0,1369,15,2273,6,525,7,1234,10.5,1890,6,456,13,1535,9.5,1356,1942.958623053831,649,199.4011375354344,1616,1360.8079627480406,805
3977,Nir Jaimovich,macro,North America,UCSD,19,797,20,1048,781.6872776244986,627,2091.0,741,25,1518,6,525,20,383,15.5,1343,6,456,20,1065,14.0,936,6524.245816361113,377,265.2817000869903,1332,1821.971900608932,695
3978,Sara Lowes,history,North America,UCSD,7,2425,6,2423,180.8480024772184,1917,336.0,2178,9,3018,4,749,4,1786,6.5,2616,4,656,6,2464,5.0,2147,1075.9145087871166,828,24.12461179749811,3566,105.62305898749054,2586
3979,Xinwei Ma,econometrics,North America,UCSD,6,2677,5,2603,429.9534858563191,1060,728.0,1527,11,2737,1,1576,3,2072,6.0,2731,1,1424,5,2654,3.5,2589,258.7960476716069,1423,428.59209534321377,866,857.1841906864275,1026
3980,Katherine Meckel,p_finance,North America,UCSD,6,2677,5,2603,164.50835845026234,2008,297.0,2277,12,2609,1,1576,5,1568,6.5,2616,1,1424,5,2654,5.0,2147,95.95578076011478,2164,164.91156152022955,1815,329.8231230404591,1647
3981,Marc Muendler,i_trade,North America,UCSD,12,1477,13,1510,267.4172769287729,1509,724.0,1534,18,1994,3,924,6,1392,10.5,1890,3,816,13,1535,8.5,1487,913.1874529764068,874,161.98742088605627,1838,639.9496835442251,1192
3982,Karthik Muralidharan,development,North America,UCSD,19,797,22,952,907.0115765523614,553,2998.0,556,24,1571,9,329,14,640,16.5,1262,8,320,23,925,16.5,766,9578.746877616091,314,759.5024983302853,491,7515.024983302854,300
3983,Paul Niehaus,multiple-field,North America,UCSD,13,1348,13,1510,316.1249752866736,1340,943.0,1322,15,2273,5,627,7,1234,10.0,1962,5,545,13,1535,9.5,1356,1691.0051975648362,686,210.25593779474443,1554,1237.5356267684667,853
3984,Giacomo Rondina,macro,North America,UCSD,5,2944,2,3404,33.77869150810907,3455,73.0,3328,10,2874,1,1576,5,1568,5.5,2853,0,3203,3,3149,3.5,2589,24.408839081421934,3280,33.81767816284388,3349,67.63535632568775,2970
3985,Denis Shishkin,micro_theory,North America,UCSD,2,3967,1,3809,21.213203435596427,3753,28.0,3857,4,3855,2,1169,3,2072,3.0,3545,1,1424,2,3459,2.5,2945,33.44427190999916,3041,9.0,4072,24.0,3688
3986,Yixiao Sun,econometrics,North America,UCSD,19,797,25,816,275.04181500273734,1481,1184.0,1128,46,750,3,924,26,250,24.5,776,3,816,25,834,20.0,589,867.8264130844767,895,220.12438831232205,1509,872.4975532492881,1013
3987,Isabel Trevino,behavior-experiment,North America,UCSD,7,2425,6,2423,143.87494569938158,2134,240.0,2469,8,3159,1,1576,4,1786,4.5,3116,1,1424,6,2464,4.0,2445,107.3829950348066,2065,139.76599006961325,1988,279.5319801392265,1791
3988,Fabian Trottner,i_finance,North America,UCSD,1,4388,1,3809,19.0,3833,19.0,4007,1,4577,0,3283,0,3965,0.5,4588,0,3203,1,3860,0.5,4086,9.5,3862,19.0,3735,20.0,3814
3989,Emanuel Vespa,behavior-experiment,North America,UCSD,8,2197,6,2423,112.32542009714452,2383,275.0,2341,15,2273,3,924,8,1097,9.0,2114,1,1424,8,2146,7.5,1649,156.43096130572553,1779,104.92153844992724,2277,411.686153799709,1469
3990,Suhas Vijaykumar,other,North America,UCSD,2,3967,0,4385,6.48074069840786,4237,12.0,4154,5,3656,0,3283,1,2917,2.5,3719,0,3203,0,4408,0.5,4086,3.24037034920393,4252,6.48074069840786,4190,7.48074069840786,4210
3991,Tom Vogl,development,North America,UCSD,15,1141,16,1280,391.6924814187783,1142,1089.0,1207,19,1915,3,924,8,1097,11.0,1825,3,816,16,1309,10.0,1294,635.7591572483908,1002,384.934549366773,954,1531.7381974670925,762
3992,Joel Watson,micro_theory,North America,UCSD,19,797,25,816,455.1911686313785,1004,1537.0,934,40,899,8,386,19,415,24.0,802,7,384,26,797,18.5,651,3119.746588970188,538,278.49399253957563,1276,2443.4459328561807,598
3993,Johannes Wieland,macro,North America,UCSD,10,1802,10,1828,194.7511232316774,1834,454.0,1913,15,2273,6,525,8,1097,10.5,1890,5,545,11,1737,8.5,1487,1321.4517029579083,755,80.71947537289057,2550,530.036327610234,1293
3994,Steve Pak Yeung Wu,i_finance,North America,UCSD,3,3600,3,3094,50.0999001995014,3132,74.0,3321,4,3855,1,1576,2,2431,2.5,3719,1,1424,3,3149,2.5,2945,37.19194080680589,2942,49.38388161361178,3024,98.76776322722355,2660
3995,Ying Zhu,econometrics,North America,UCSD,5,2944,2,3404,49.3051721424842,3150,81.0,3257,8,3159,0,3283,5,1568,4.0,3242,0,3203,2,3459,3.5,2589,24.6525860712421,3269,49.3051721424842,3026,50.3051721424842,3196
3996,Richard Akresh,development,North America,UIUC,12,1477,12,1604,391.7103521736437,1141,1029.0,1256,13,2492,1,1576,7,1234,7.0,2517,1,1424,12,1632,6.5,1818,337.9944133206397,1287,358.9888266412794,1011,717.9776532825588,1125
3997,David Yves Albouy,multiple-field,North America,UIUC,16,1038,17,1215,312.75229815302714,1350,1068.0,1228,20,1840,2,1169,9,991,11.0,1825,2,1039,17,1241,10.0,1294,663.5193073597795,991,249.5722116878225,1391,745.7166350634675,1102
3998,Alexander Wickman Bartik,labor,North America,UIUC,4,3256,3,3094,920.9457095833608,547,1065.0,1232,6,3475,0,3283,1,2917,3.0,3545,0,3203,3,3149,2.0,3174,460.4728547916804,1134,920.9457095833608,409,921.9457095833608,984
3999,Anil K Bera,econometrics,North America,UIUC,24,528,42,412,3188.9793037898507,119,6705.0,245,93,233,1,1576,11,832,47.0,257,1,1424,42,422,22.5,503,1609.4720129246546,700,3189.944025849309,77,6379.888051698618,332
4000,Mark Daniel Bernhardt,multiple-field,North America,UIUC,24,528,52,269,426.1138345559787,1073,2333.0,683,99,200,11,246,47,61,55.0,190,7,384,56,241,41.0,161,3659.362436649256,505,375.5984092121083,976,4387.180910545299,427
4001,Mark Borgschulte,labor,North America,UIUC,6,2677,4,2824,63.07931515164064,2941,117.0,3021,8,3159,0,3283,2,2431,4.0,3242,0,3203,4,2882,2.0,3174,31.53965757582032,3091,63.07931515164064,2804,64.07931515164063,3015
4002,Eun Yi Chung,econometrics,North America,UIUC,5,2944,4,2824,168.57639217873896,1989,256.0,2402,7,3309,0,3283,2,2431,3.5,3382,0,3203,4,2882,2.0,3174,84.28819608936948,2287,168.57639217873896,1799,169.57639217873896,2192
4003,Drew Creal,econometrics,North America,UIUC,13,1348,15,1353,678.1445273686134,712,1446.0,982,20,1840,0,3283,12,763,10.0,1962,0,3203,15,1379,9.0,1418,339.0722636843067,1282,678.1445273686134,551,679.1445273686134,1160
4004,Marcelo Cunha Medeiros,econometrics,North America,UIUC,22,617,36,503,588.1581419992416,811,2450.0,657,65,467,0,3283,14,640,32.5,531,0,3203,36,514,21.5,536,294.0790709996208,1368,588.1581419992416,644,589.1581419992416,1243
4005,George Deltas,multiple-field,North America,UIUC,16,1038,19,1100,507.1341045522377,912,1263.0,1081,47,731,1,1576,8,1097,24.0,802,0,3203,20,1065,11.5,1143,258.55472782024793,1424,508.1094556404958,734,1016.2189112809916,935
4006,Eliza Forsythe,labor,North America,UIUC,7,2425,5,2603,284.89296235604,1433,434.0,1950,12,2609,0,3283,4,1786,6.0,2731,0,3203,5,2654,3.5,2589,142.44648117801998,1853,284.89296235604,1247,285.89296235604,1767
4007,Seung-Hyun Hong,i_organization,North America,UIUC,5,2944,4,2824,68.30080526611674,2867,143.0,2870,9,3018,0,3283,4,1786,4.5,3116,0,3203,4,2882,3.0,2752,34.15040263305837,3020,68.30080526611674,2722,69.30080526611674,2947
4008,Greg Howard,multiple-field,North America,UIUC,5,2944,3,3094,36.9729630946723,3393,69.0,3358,9,3018,0,3283,2,2431,4.5,3116,0,3203,3,3149,2.5,2945,18.48648154733615,3485,36.9729630946723,3284,37.9729630946723,3417
4009,Marieke Kleemans,labor,North America,UIUC,3,3600,3,3094,73.66138744281159,2790,120.0,3002,3,4085,0,3283,3,2072,1.5,4125,0,3203,3,3149,1.5,3437,36.830693721405794,2950,73.66138744281159,2646,74.66138744281159,2882
4010,Stefan Krasa,micro_theory,North America,UIUC,15,1141,17,1215,254.26954202184737,1565,891.0,1365,35,1061,5,627,17,493,20.0,1011,3,816,19,1119,15.5,820,877.7952915026043,889,228.32487546173624,1474,1345.9492527704174,814
4011,Ji Hyung Lee,econometrics,North America,UIUC,8,2197,7,2254,115.18246394308468,2359,297.0,2277,18,1994,0,3283,8,1097,9.0,2114,0,3203,7,2299,5.0,2147,57.591231971542335,2583,115.18246394308468,2176,116.18246394308468,2504
4012,Jorge Lemus,i_organization,North America,UIUC,6,2677,4,2824,52.14403129793476,3102,119.0,3011,17,2079,1,1576,6,1392,9.0,2114,1,1424,4,2882,3.5,2589,39.11473670974872,2897,51.22947341949744,2981,102.45894683899488,2621
4013,Adam Mohamed Osman,development,North America,UIUC,5,2944,3,3094,200.71372648625703,1807,276.0,2338,14,2384,2,1169,4,1786,8.0,2304,1,1424,4,2882,3.5,2589,243.58177678171413,1457,34.87856444554719,3321,101.63569333664157,2627
4014,Stephen Lawrence Parente,multiple-field,North America,UIUC,15,1141,18,1155,834.7933876115694,593,2068.0,748,22,1700,4,749,13,700,13.0,1571,4,656,18,1177,12.0,1098,4861.362705537019,440,257.6257084760928,1366,1273.1285423804638,845
4015,Martin Perry,i_organization,North America,UIUC,12,1477,13,1510,576.9393382323657,821,1177.0,1132,14,2384,4,749,8,1097,9.0,2114,4,656,13,1535,8.5,1487,1669.0215350976987,692,364.8656259606892,1003,1809.3281298034456,699
4016,Elizabeth T Powers,multiple-field,North America,UIUC,10,1802,10,1828,151.90128373387765,2083,438.0,1945,21,1766,2,1169,6,1392,11.5,1753,1,1424,11,1737,6.5,1818,192.37037863765187,1618,132.20752666416791,2038,393.6225799925037,1501
4017,Joshua Shea,econometrics,North America,UIUC,1,4388,0,4385,1.0,4570,1.0,4570,1,4577,0,3283,0,3965,0.5,4588,0,3203,0,4408,0.0,4504,0.5,4572,1.0,4561,2.0,4561
4018,Lena Song,behavior-experiment,North America,UIUC,2,3967,1,3809,78.10249675906654,2732,82.0,3250,2,4322,1,1576,1,2917,1.5,4125,1,1424,1,3860,1.0,3730,80.00000000000001,2325,5.0,4288,10.0,4105
4019,Russell Michael Weinstein,labor,North America,UIUC,5,2944,4,2824,37.54996671103717,3383,86.0,3220,10,2874,0,3283,5,1568,5.0,2983,0,3203,4,2882,4.0,2445,18.774983355518582,3474,37.54996671103717,3273,38.54996671103717,3409
4020,Jing Cynthia Wu,multiple-field,North America,UIUC,17,948,22,952,1141.4797413883437,418,2568.0,636,33,1137,1,1576,15,589,17.0,1221,1,1424,22,972,13.0,1007,632.8699413023993,1007,1140.7398826047986,319,2281.479765209597,617
4021,Shihan Xie,macro,North America,UIUC,1,4388,0,4385,4.123105625617661,4372,5.0,4375,3,4085,0,3283,2,2431,1.5,4125,0,3203,0,4408,1.0,3730,2.0615528128088303,4377,4.123105625617661,4333,5.123105625617661,4345
4022,Hoyoung Yoo,labor,North America,UIUC,1,4388,0,4385,6.0,4274,6.0,4335,2,4322,0,3283,1,2917,1.0,4350,0,3203,0,4408,0.5,4086,3.0,4285,6.0,4225,7.0,4242
4023,Christos Agiakloglou,econometrics,North America,UIUC,10,1802,10,1828,176.22712617528552,1939,434.0,1950,27,1408,0,3283,0,3965,13.5,1526,0,3203,10,1859,5.0,2147,88.11356308764276,2240,176.22712617528552,1742,177.22712617528552,2150
4024,Heitor Almeida,finance,North America,UIUC,26,451,27,733,2475.494496055283,159,7487.0,210,37,989,0,3283,16,541,18.5,1111,0,3203,27,755,15.5,820,1237.7472480276415,774,2475.494496055283,106,2476.494496055283,592
4025,Mackenzie Alston,behavior-experiment,North America,UIUC,2,3967,0,4385,8.54400374531753,4151,11.0,4176,3,4085,0,3283,1,2917,1.5,4125,0,3203,0,4408,0.5,4086,4.272001872658765,4167,8.54400374531753,4095,9.54400374531753,4127
4026,Yannis Bilias,econometrics,North America,UIUC,7,2425,7,2254,185.89244201957217,1880,470.0,1888,13,2492,0,3283,4,1786,6.5,2616,0,3203,7,2299,4.0,2445,92.94622100978609,2193,185.89244201957217,1682,186.89244201957217,2106
4027,Jeffrey R Brown,multiple-field,North America,UIUC,28,386,36,503,946.450738284883,532,3977.0,436,72,385,7,445,21,355,39.5,366,7,384,36,514,21.5,536,11223.554354595322,288,612.9018072262204,612,4855.214457809763,402
4028,Peter Christensen,multiple-field,North America,UIUC,11,1625,12,1604,173.53385836775485,1959,486.0,1860,17,2079,2,1169,7,1234,9.5,2035,1,1424,13,1535,8.0,1567,175.28508623154525,1681,169.8809101714665,1794,506.6427305143995,1325
4029,Tatyana Deryugina,multiple-field,North America,UIUC,14,1239,15,1353,511.8525178212959,905,1353.0,1030,18,1994,2,1169,2,2431,10.0,1962,2,1039,15,1379,8.5,1487,909.551452500928,876,321.4385699942948,1130,961.3157099828844,961
4030,Don Fullerton,p_finance,North America,UIUC,29,352,43,396,597.48891203101,799,2751.0,588,83,282,5,627,16,541,44.0,295,4,656,44,387,25.5,418,1654.482882821481,695,525.6870461227167,715,3130.1222767363,529
4031,Riley League,multiple-field,North America,UIUC,3,3600,2,3404,17.406895185529212,3873,35.0,3754,8,3159,1,1576,1,2917,4.5,3116,0,3203,3,3149,2.0,3174,8.703447592764606,3903,18.40689518552921,3752,36.81379037105842,3432
4032,Lewis Lehe,multiple-field,North America,UIUC,7,2425,6,2423,142.79005567615695,2144,351.0,2134,30,1275,0,3283,0,3965,15.0,1386,0,3203,6,2464,3.0,2752,71.39502783807848,2409,142.79005567615695,1966,143.79005567615695,2317
4033,Darren Lubotsky,labor,North America,UIUC,10,1802,10,1828,1107.7531313429,443,1907.0,788,14,2384,2,1169,6,1392,8.0,2304,2,1039,10,1859,6.0,1923,2306.344003602229,599,353.1182137115647,1025,1056.354641134694,920
4034,Daniel Mcmillen,multiple-field,North America,UIUC,41,139,72,143,813.6522598751877,602,5072.0,344,107,167,0,3283,4,1786,53.5,201,0,3203,72,147,36.0,215,406.82612993759386,1191,813.6522598751877,457,814.6522598751877,1053
4035,Nolan H Miller,multiple-field,North America,UIUC,15,1141,18,1155,628.4584314017912,767,1690.0,862,25,1518,4,749,12,763,14.5,1436,4,656,18,1177,11.5,1143,2528.186577080271,580,460.6015768698133,801,2288.0078843490664,615
4036,David Molitor,labor,North America,UIUC,10,1802,11,1709,472.928112930496,967,983.0,1286,15,2273,3,924,5,1568,9.0,2114,3,816,11,1737,7.0,1731,1823.4848168289568,670,143.03213916812098,1965,564.1285566724839,1261
4037,Ziyi Qiu,econometrics,North America,UIUC,1,4388,0,4385,8.0,4180,8.0,4272,1,4577,0,3283,0,3965,0.5,4588,0,3203,0,4408,0.0,4504,4.0,4196,8.0,4126,9.0,4155
4038,Julian Reif,multiple-field,North America,UIUC,9,1992,9,1961,469.7861215489449,974,957.0,1311,17,2079,2,1169,6,1392,9.5,2035,2,1039,9,2003,6.0,1923,1253.075538830189,769,142.65205295337853,1971,424.9561588601356,1444
4039,Yuanyuan Sun,finance,North America,UIUC,3,3600,1,3809,12.041594578792296,4032,19.0,4007,4,3855,0,3283,0,3965,2.0,3907,0,3203,1,3860,0.5,4086,6.020797289396148,4051,12.041594578792296,3958,13.041594578792296,4004
4040,Ali Toossi,political_econ,North America,UIUC,1,4388,0,4385,4.0,4388,4.0,4413,1,4577,0,3283,0,3965,0.5,4588,0,3203,0,4408,0.0,4504,2.0,4394,4.0,4349,5.0,4360
4041,Jose Vazquez,multiple-field,North America,UIUC,3,3600,3,3094,61.37589103222861,2973,103.0,3101,5,3656,0,3283,0,3965,2.5,3719,0,3203,3,3149,1.5,3437,30.687945516114304,3117,61.37589103222861,2839,62.37589103222861,3041
4042,Pavlo Dziuba,finance,North America,UIUC,3,3600,0,4385,8.366600265340756,4159,14.0,4102,6,3475,0,3283,0,3965,3.0,3545,0,3203,0,4408,0.0,4504,4.183300132670378,4176,8.366600265340756,4103,9.366600265340756,4135
4043,Richard Arnould,i_organization,North America,UIUC,10,1802,11,1709,88.54377448471462,2615,280.0,2325,20,1840,0,3283,0,3965,10.0,1962,0,3203,11,1737,5.5,2026,44.27188724235731,2806,88.54377448471462,2462,89.54377448471462,2733
4044,Lanny Arvan,micro_theory,North America,UIUC,6,2677,2,3404,35.77708763999664,3412,86.0,3220,12,2609,0,3283,0,3965,6.0,2731,0,3203,2,3459,1.0,3730,17.88854381999832,3502,35.77708763999664,3306,36.77708763999664,3433
4045,Hassan Arvin-Rad,development,North America,UIUC,1,4388,1,3809,16.0,3924,16.0,4062,2,4322,0,3283,0,3965,1.0,4350,0,3203,1,3860,0.5,4086,8.0,3952,16.0,3840,17.0,3899
4046,Jan Brueckner,multiple-field,North America,UIUC,54,55,128,43,1616.5701345750515,276,10961.0,130,182,52,1,1576,22,327,91.5,59,1,1424,128,44,65.5,56,1126.6331323692425,811,1582.2662647384848,200,3164.5325294769696,526
4047,Lawrence M Debrock,multiple-field,North America,UIUC,8,2197,8,2100,98.69650449737316,2516,245.0,2452,15,2273,0,3283,2,2431,7.5,2418,0,3203,8,2146,4.0,2445,49.34825224868658,2716,98.69650449737316,2354,99.69650449737316,2646
4048,Hadi S Esfahani,multiple-field,North America,UIUC,15,1141,18,1155,470.5751799659647,972,1173.0,1136,58,546,0,3283,7,1234,29.0,616,0,3203,18,1177,10.0,1294,235.28758998298235,1469,470.5751799659647,784,471.5751799659647,1358
4049,Firouz Gahvari,p_finance,North America,UIUC,20,726,34,548,311.9054343867705,1354,1313.0,1051,68,428,1,1576,26,250,34.5,474,1,1424,34,558,20.0,589,183.32305044648075,1651,311.6461008929615,1161,623.292201785923,1203
4050,Earl Grinols,multiple-field,North America,UIUC,14,1239,17,1215,213.83872427603004,1733,759.0,1483,44,790,0,3283,7,1234,22.0,892,0,3203,17,1241,10.0,1294,106.91936213801502,2071,213.83872427603004,1535,214.83872427603004,1982
4051,Wallace Hendricks,labor,North America,UIUC,13,1348,17,1215,267.4359736460299,1507,692.0,1565,25,1518,0,3283,5,1568,12.5,1623,0,3203,17,1241,9.0,1418,133.71798682301494,1909,267.4359736460299,1326,268.4359736460299,1819
4052,Geoffrey Hewings,multiple-field,North America,UIUC,38,176,147,28,585.7123867565035,814,5517.0,305,295,15,0,3283,2,2431,147.5,18,0,3203,147,28,73.5,37,292.85619337825176,1371,585.7123867565035,646,586.7123867565035,1246
4053,Ralph Husby,multiple-field,North America,UIUC,2,3967,0,4385,4.69041575982343,4349,8.0,4272,5,3656,0,3283,0,3965,2.5,3719,0,3203,0,4408,0.0,4504,2.345207879911715,4354,4.69041575982343,4309,5.69041575982343,4322
4054,Roger Koenker,econometrics,North America,UIUC,44,113,70,153,6648.552474035232,32,18796.0,55,110,156,3,924,19,415,56.5,180,2,1039,71,153,39.0,182,3871.885820508154,492,6646.10544850825,21,26576.421794033,103
4055,Jane H Leuthold,p_finance,North America,UIUC,6,2677,4,2824,74.01351227985333,2786,144.0,2864,14,2384,0,3283,2,2431,7.0,2517,0,3203,4,2882,2.5,2945,37.006756139926665,2947,74.01351227985333,2643,75.01351227985333,2879
4056,Larry Neal,history,North America,UIUC,20,726,31,605,198.3103628154616,1813,1039.0,1246,67,442,1,1576,1,2917,34.0,490,1,1424,31,620,16.0,788,125.2318685559834,1954,197.4637371119668,1625,394.9274742239336,1498
4057,Salim Rashid,multiple-field,North America,UIUC,13,1348,15,1353,109.63576058932595,2409,474.0,1877,65,467,3,924,5,1568,34.0,490,2,1039,16,1309,10.0,1294,164.21380964923097,1743,109.00943354249186,2236,428.03773416996745,1438
4058,Wayne Shafer,micro_theory,North America,UIUC,2,3967,0,4385,9.219544457292889,4118,11.0,4176,2,4322,0,3283,1,2917,1.0,4350,0,3203,0,4408,0.5,4086,4.609772228646444,4136,9.219544457292889,4060,10.219544457292889,4092
4059,Taira Koji,multiple-field,North America,UIUC,7,2425,6,2423,47.28636167014756,3187,126.0,2967,14,2384,0,3283,0,3965,7.0,2517,0,3203,6,2464,3.0,2752,23.643180835073775,3300,47.28636167014756,3060,48.28636167014756,3230
4060,Thomas Ulen,multiple-field,North America,UIUC,9,1992,9,1961,481.3626491534216,953,766.0,1475,36,1023,0,3283,0,3965,18.0,1148,0,3203,9,2003,4.5,2297,240.6813245767108,1462,481.3626491534216,771,482.3626491534216,1350
4061,Anne Villamil,multiple-field,North America,UIUC,14,1239,18,1155,192.7459467796924,1843,717.0,1542,36,1023,3,924,7,1234,19.5,1041,2,1039,19,1119,11.0,1189,454.9971919084852,1140,157.62535367784935,1862,622.5014147113974,1204
4062,Nicholas Yannelis,micro_theory,North America,UIUC,24,528,51,279,435.458379182213,1051,1894.0,794,90,249,0,3283,18,453,45.0,285,0,3203,51,289,28.5,340,217.7291895911065,1522,435.458379182213,853,436.458379182213,1426
4063,Evelyn Shyamala Devadason,multiple-field,Asia,UM,6,2677,4,2824,66.53570470055908,2889,157.0,2808,20,1840,0,3283,0,3965,10.0,1962,0,3203,4,2882,2.0,3174,33.26785235027954,3045,66.53570470055908,2744,67.53570470055908,2972
4064,Yong Chen Chen,multiple-field,Asia,UM,13,1348,15,1353,167.2572868367773,1993,619.0,1659,53,615,0,3283,0,3965,26.5,696,0,3203,15,1379,7.5,1649,83.62864341838865,2291,167.2572868367773,1802,168.2572868367773,2194
4065,Roza Hazli Zakaria,finance,Asia,UM,7,2425,6,2423,49.16299421312742,3154,139.0,2905,25,1518,0,3283,0,3965,12.5,1623,0,3203,6,2464,3.0,2752,24.58149710656371,3271,49.16299421312742,3028,50.16299421312742,3198
4066,Santha Chenayah @ Ramu,multiple-field,Asia,UM,9,1992,9,1961,113.07077429645558,2377,317.0,2228,20,1840,0,3283,0,3965,10.0,1962,0,3203,9,2003,4.5,2297,56.53538714822779,2599,113.07077429645558,2193,114.07077429645558,2520
4067,Lim Kian Ping,finance,Asia,UM,19,797,29,665,434.5388360089349,1054,1472.0,966,49,693,0,3283,0,3965,24.5,776,0,3203,29,684,14.5,901,217.26941800446744,1524,434.5388360089349,855,435.5388360089349,1428
4068,Goh Lim Thye,multiple-field,Asia,UM,8,2197,8,2100,66.4529909033446,2891,194.0,2639,20,1840,0,3283,0,3965,10.0,1962,0,3203,8,2146,4.0,2445,33.2264954516723,3047,66.4529909033446,2748,67.4529909033446,2974
4069,Nurulhuda Mohd Satar,multiple-field,Asia,UM,9,1992,8,2100,87.46427842267951,2630,274.0,2343,34,1095,0,3283,0,3965,17.0,1221,0,3203,8,2146,4.0,2445,43.73213921133976,2819,87.46427842267951,2474,88.46427842267951,2744
4070,Yong Sook Lu,multiple-field,Asia,UM,5,2944,2,3404,21.633307652783937,3745,52.0,3533,10,2874,0,3283,0,3965,5.0,2983,0,3203,2,3459,1.0,3730,10.816653826391969,3785,21.633307652783937,3648,22.633307652783937,3729
4071,Elya Nabila Abdul Bahri,development,Asia,UM,2,3967,2,3404,24.06241883103193,3674,35.0,3754,4,3855,0,3283,0,3965,2.0,3907,0,3203,2,3459,1.0,3730,12.031209415515963,3717,24.06241883103193,3569,25.06241883103193,3659
4072,Ong Sheue Li,multiple-field,Asia,UM,5,2944,3,3094,63.56099432828282,2933,108.0,3079,16,2168,0,3283,0,3965,8.0,2304,0,3203,3,3149,1.5,3437,31.78049716414141,3083,63.56099432828282,2795,64.56099432828282,3004
4073,Tang Tuck Cheong,multiple-field,Asia,UM,11,1625,13,1510,155.3962676514465,2064,516.0,1798,38,953,0,3283,0,3965,19.0,1075,0,3203,13,1535,6.5,1818,77.69813382572325,2350,155.3962676514465,1878,156.3962676514465,2253
4074,Muhammad Aizat Bin Zainal Alam,behavior-experiment,Asia,UM,1,4388,0,4385,6.0,4274,6.0,4335,2,4322,0,3283,0,3965,1.0,4350,0,3203,0,4408,0.0,4504,3.0,4285,6.0,4225,7.0,4242
4075,Robert Akerlof,micro_theory,Oceania,UNSW,10,1802,11,1709,94.40338976964756,2554,310.0,2245,16,2168,4,749,6,1392,10.0,1962,4,656,11,1737,7.5,1649,288.12866756270154,1380,92.80315309717332,2414,449.01576548586655,1403
4076,Gautam Bose,multiple-field,Oceania,UNSW,7,2425,5,2603,44.74371464239419,3229,140.0,2897,23,1634,0,3283,6,1392,11.5,1753,0,3203,5,2654,4.5,2297,22.37185732119709,3335,44.74371464239419,3100,45.74371464239419,3268
4077,Alice Calder,development,Oceania,UNSW,1,4388,0,4385,3.0,4440,3.0,4453,1,4577,0,3283,0,3965,0.5,4588,0,3203,0,4408,0.0,4504,1.5,4444,3.0,4407,4.0,4412
4078,Juan Carlos Carbajal,micro_theory,Oceania,UNSW,6,2677,5,2603,46.604720790924176,3200,108.0,3079,10,2874,1,1576,6,1392,5.5,2853,1,1424,5,2654,4.0,2445,37.06241147291021,2945,45.12482294582042,3092,90.24964589164084,2723
4079,Arpita Chatterjee,multiple-field,Oceania,UNSW,8,2197,8,2100,212.6522983651952,1737,429.0,1963,12,2609,0,3283,1,2917,6.0,2731,0,3203,8,2146,4.0,2445,106.3261491825976,2076,212.6522983651952,1540,213.6522983651952,1986
4080,Sang-Wook (Stanley) Cho,multiple-field,Oceania,UNSW,7,2425,4,2824,80.1373820385967,2702,182.0,2693,17,2079,0,3283,0,3965,8.5,2203,0,3203,4,2882,2.0,3174,40.06869101929835,2875,80.1373820385967,2556,81.1373820385967,2809
4081,Evgenia Dechter,labor,Oceania,UNSW,4,3256,2,3404,66.27971031922213,2892,101.0,3112,9,3018,0,3283,2,2431,4.5,3116,0,3203,2,3459,1.5,3437,33.139855159611066,3048,66.27971031922213,2750,67.27971031922213,2975
4082,Isabella Dobrescu,multiple-field,Oceania,UNSW,10,1802,12,1604,69.82836100038436,2848,260.0,2387,26,1461,0,3283,4,1786,13.0,1571,0,3203,12,1632,6.5,1818,34.91418050019218,3000,69.82836100038436,2699,70.82836100038436,2933
4083,Denzil Fiebig,multiple-field,Oceania,UNSW,23,568,40,441,758.5591605141948,640,2644.0,611,82,287,0,3283,13,700,41.0,333,0,3203,40,448,21.0,550,379.2795802570974,1222,758.5591605141948,492,759.5591605141948,1090
4084,Gigi Foster,multiple-field,Oceania,UNSW,13,1348,16,1280,210.4233827311024,1748,704.0,1553,53,615,0,3283,1,2917,26.5,696,0,3203,16,1309,8.0,1567,105.2116913655512,2087,210.4233827311024,1552,211.4233827311024,1996
4085,Kevin Fox,multiple-field,Oceania,UNSW,16,1038,22,952,321.7685503587944,1325,1075.0,1221,58,546,0,3283,6,1392,29.0,616,0,3203,22,972,12.0,1098,160.8842751793972,1755,321.7685503587944,1129,322.7685503587944,1666
4086,Scott French,i_trade,Oceania,UNSW,3,3600,3,3094,101.97058399362044,2490,136.0,2924,3,4085,0,3283,1,2917,1.5,4125,0,3203,3,3149,1.5,3437,50.98529199681022,2690,101.97058399362044,2320,102.97058399362044,2615
4087,Han Gao,multiple-field,Oceania,UNSW,1,4388,0,4385,1.0,4570,1.0,4570,3,4085,0,3283,0,3965,1.5,4125,0,3203,0,4408,0.0,4504,0.5,4572,1.0,4561,2.0,4561
4088,Arghya Ghosh,multiple-field,Oceania,UNSW,14,1239,19,1100,145.557548756497,2123,557.0,1733,30,1275,0,3283,4,1786,15.0,1386,0,3203,19,1119,10.5,1239,72.7787743782485,2392,145.557548756497,1945,146.557548756497,2299
4089,Jacob Goeree,multiple-field,Oceania,UNSW,38,176,68,166,683.6395248959791,704,4273.0,410,94,227,13,186,37,116,53.5,201,11,201,70,160,42.0,155,12214.457367614255,266,558.7270379961029,672,7654.178531945441,295
4090,Gabriele Gratton,political_econ,Oceania,UNSW,7,2425,5,2603,80.11242100947892,2703,188.0,2663,15,2273,3,924,8,1097,9.0,2114,3,816,5,2654,6.0,1923,311.52302496380617,1332,43.38564101261734,3143,165.54256405046937,2205
4091,Pauline Grosjean,multiple-field,Oceania,UNSW,18,872,23,906,436.9542310128144,1045,1571.0,912,31,1232,5,627,14,640,18.0,1148,5,545,23,925,15.0,864,1565.5386529940467,707,412.1240597164456,891,2448.744358298674,597
4092,Richard Holden,multiple-field,Oceania,UNSW,13,1348,16,1280,184.331223616619,1892,668.0,1596,41,868,6,525,10,906,23.5,827,5,545,17,1241,12.5,1053,894.0636119556647,882,172.62232743543106,1774,1173.3562920480174,880
4093,Benoit Julien,micro_theory,Oceania,UNSW,9,1992,9,1961,128.39003076563228,2249,318.0,2224,28,1363,0,3283,8,1097,14.0,1485,0,3203,9,2003,6.5,1818,64.19501538281614,2497,128.39003076563228,2070,129.39003076563228,2406
4094,Keiichi Kawai,micro_theory,Oceania,UNSW,7,2425,4,2824,51.41011573610781,3113,119.0,3011,10,2874,0,3283,6,1392,5.0,2983,0,3203,4,2882,4.0,2445,25.705057868053903,3238,51.41011573610781,2977,52.41011573610781,3165
4095,Robert Kohn,econometrics,Oceania,UNSW,36,203,88,96,1343.971725893071,343,5772.0,286,153,73,1,1576,22,327,77.0,83,1,1424,88,98,48.0,121,705.7707942445846,958,1344.5415884891693,265,2689.0831769783385,566
4096,Anton Kolotilin,micro_theory,Oceania,UNSW,7,2425,7,2254,154.42150109359773,2070,334.0,2183,13,2492,3,924,6,1392,8.0,2304,1,1424,9,2003,6.5,1818,136.65905739125853,1890,154.65750888103102,1885,610.6300355241241,1218
4098,Jonathan Lim,multiple-field,Oceania,UNSW,3,3600,3,3094,32.01562118716424,3494,51.0,3547,3,4085,0,3283,0,3965,1.5,4125,0,3203,3,3149,1.5,3437,16.00781059358212,3566,32.01562118716424,3386,33.01562118716424,3503
4099,Federico Masera,political_econ,Oceania,UNSW,4,3256,3,3094,29.68164415931166,3543,65.0,3397,9,3018,1,1576,2,2431,5.0,2983,1,1424,3,3149,2.5,2945,31.48808848170152,3095,21.97617696340303,3642,43.95235392680606,3313
4100,Rachael Meager,multiple-field,Oceania,UNSW,4,3256,2,3404,146.63901254441126,2116,179.0,2710,6,3475,2,1169,3,2072,4.0,3242,1,1424,3,3149,3.0,2752,107.2765847809739,2066,147.25494828060076,1934,438.7648448418023,1420
4101,Alberto Motta,multiple-field,Oceania,UNSW,8,2197,6,2423,59.4474557908074,2999,168.0,2758,16,2168,0,3283,6,1392,8.0,2304,0,3203,6,2464,4.5,2297,29.723727895403695,3144,59.4474557908074,2863,60.4474557908074,3067
4102,Timothy Neal,multiple-field,Oceania,UNSW,9,1992,9,1961,187.7578227398262,1872,411.0,1993,13,2492,0,3283,4,1786,6.5,2616,0,3203,9,2003,5.5,2026,93.8789113699131,2185,187.7578227398262,1673,188.7578227398262,2098
4103,Andreas Ortmann,behavior-experiment,Oceania,UNSW,25,490,40,441,721.7257096709247,668,2442.0,659,90,249,0,3283,3,2072,45.0,285,0,3203,40,448,20.0,589,360.8628548354624,1248,721.7257096709247,518,722.7257096709247,1122
4104,Rachida Ouysse,econometrics,Oceania,UNSW,6,2677,2,3404,22.15851980616034,3733,55.0,3490,10,2874,0,3283,0,3965,5.0,2983,0,3203,2,3459,1.0,3730,11.07925990308017,3772,22.15851980616034,3635,23.15851980616034,3717
4105,Valentyn Panchenko,multiple-field,Oceania,UNSW,15,1141,17,1215,774.9354811853694,631,1549.0,923,29,1320,0,3283,3,2072,14.5,1436,0,3203,17,1241,9.5,1356,387.4677405926847,1214,774.9354811853694,483,775.9354811853694,1079
4106,John Piggott,p_finance,Oceania,UNSW,19,797,32,583,218.54518983496297,1712,1140.0,1164,81,293,2,1169,4,1786,41.5,325,2,1039,32,600,17.0,742,301.3171395645494,1348,206.38444167793205,1575,616.1533250337961,1211
4107,Nalini Prasad,multiple-field,Oceania,UNSW,4,3256,4,2824,69.3757882838098,2852,121.0,2994,7,3309,0,3283,2,2431,3.5,3382,0,3203,4,2882,2.5,2945,34.6878941419049,3006,69.3757882838098,2708,70.3757882838098,2937
4108,Petr Sedlacek,macro,Oceania,UNSW,8,2197,8,2100,189.74720024284943,1862,442.0,1935,12,2609,2,1169,8,1097,7.0,2517,2,1039,8,2146,6.0,1923,437.9250054838476,1160,131.24395537122808,2048,390.73186611368425,1507
4109,Tess Stafford,labor,Oceania,UNSW,3,3600,3,3094,141.82030884185804,2153,181.0,2699,3,4085,0,3283,1,2917,1.5,4125,0,3203,3,3149,1.5,3437,70.91015442092902,2414,141.82030884185804,1975,142.82030884185804,2323
4110,Christopher Teh,micro_theory,Oceania,UNSW,1,4388,0,4385,7.071067811865476,4214,8.0,4272,2,4322,0,3283,1,2917,1.0,4350,0,3203,0,4408,0.5,4086,3.5355339059327378,4230,7.071067811865476,4163,8.071067811865476,4187
4111,Patrick Vu,behavior-experiment,Oceania,UNSW,1,4388,1,3809,12.0,4037,12.0,4154,2,4322,0,3283,1,2917,1.0,4350,0,3203,1,3860,1.0,3730,6.0,4056,12.0,3963,13.0,4008
4112,Sarah Walker,multiple-field,Oceania,UNSW,9,1992,9,1961,338.3976950276109,1290,699.0,1556,17,2079,0,3283,4,1786,8.5,2203,0,3203,9,2003,5.0,2147,169.19884751380548,1720,338.3976950276109,1085,339.3976950276109,1623
4113,Brett Williams,behavior-experiment,Oceania,UNSW,1,4388,1,3809,19.0,3833,19.0,4007,2,4322,0,3283,1,2917,1.0,4350,0,3203,1,3860,0.5,4086,9.5,3862,19.0,3735,20.0,3814
4114,Alan Woodland,multiple-field,Oceania,UNSW,16,1038,25,816,279.8517464658743,1452,929.0,1333,64,480,2,1169,11,832,33.0,516,2,1039,25,834,14.5,901,245.33721413837455,1453,278.2752250926601,1279,831.8256752779803,1041
4115,Hasin Yousaf,political_econ,Oceania,UNSW,3,3600,1,3809,22.427661492005804,3723,33.0,3785,4,3855,1,1576,3,2072,2.5,3719,1,1424,1,3860,2.0,3174,24.937003937005905,3261,8.874007874011811,4081,17.748015748023622,3876
4116,Pei-Cheng Yu,multiple-field,Oceania,UNSW,2,3967,0,4385,9.219544457292889,4118,15.0,4081,5,3656,0,3283,2,2431,2.5,3719,0,3203,0,4408,1.0,3730,4.609772228646444,4136,9.219544457292889,4060,10.219544457292889,4092
4117,Jane Zhang,behavior-experiment,Oceania,UNSW,6,2677,5,2603,376.80897016923575,1177,601.0,1683,8,3159,2,1169,5,1568,5.0,2983,2,1039,5,2654,4.0,2445,859.4846684872198,899,89.42997197757758,2450,265.28991593273275,1831
4118,Frederique Bracoud,micro_theory,Oceania,UQ,2,3967,0,4385,5.830951894845301,4282,8.0,4272,2,4322,0,3283,0,3965,1.0,4350,0,3203,0,4408,0.0,4504,2.9154759474226504,4293,5.830951894845301,4234,6.830951894845301,4250
4119,Valentin Zelenyuk,econometrics,Oceania,UQ,30,323,53,259,500.49275719035137,925,2705.0,592,96,216,0,3283,3,2072,48.0,244,0,3203,53,270,27.0,375,250.24637859517568,1439,500.49275719035137,746,501.49275719035137,1332
4120,Claudio Mezzetti,micro_theory,Oceania,UQ,18,872,25,816,256.8092677455391,1556,1095.0,1198,41,868,2,1169,20,383,21.5,923,2,1039,25,834,16.0,788,364.9228918930827,1241,241.84578378616536,1429,722.5373513584962,1123
4121,John Quiggin,multiple-field,Oceania,UQ,41,139,125,47,2111.7199151402638,192,8141.0,190,282,16,4,749,20,383,143.0,19,2,1039,127,46,69.5,46,1348.9154507724313,745,2115.0262906937,124,10560.131453468495,229
4122,Flavio Menezes,multiple-field,Oceania,UQ,17,948,30,633,259.70945304320367,1543,1141.0,1161,79,311,0,3283,2,2431,39.5,366,0,3203,30,649,15.5,820,129.85472652160183,1932,259.70945304320367,1353,260.70945304320367,1841
4123,Lana Friesen,behavior-experiment,Oceania,UQ,15,1141,20,1048,176.94349380522584,1934,707.0,1549,35,1061,0,3283,3,2072,17.5,1186,0,3203,20,1065,10.5,1239,88.47174690261292,2236,176.94349380522584,1737,177.94349380522584,2147
4124,Brenda Gannon,multiple-field,Oceania,UQ,22,617,36,503,1398.0178825751836,327,2888.0,567,76,341,0,3283,4,1786,38.0,399,0,3203,36,514,18.0,684,699.0089412875918,965,1398.0178825751836,249,1399.0178825751836,798
4125,Rodney Strachan,econometrics,Oceania,UQ,15,1141,20,1048,229.3643389893032,1662,744.0,1496,26,1461,0,3283,9,991,13.0,1571,0,3203,20,1065,10.5,1239,114.6821694946516,2024,229.3643389893032,1468,230.3643389893032,1931
4126,Alicia Rambaldi,multiple-field,Oceania,UQ,12,1477,13,1510,354.20897786476274,1229,740.0,1505,32,1187,0,3283,1,2917,16.0,1305,0,3203,13,1535,6.5,1818,177.10448893238137,1672,354.20897786476274,1023,355.20897786476274,1573
4127,Ross Guest,multiple-field,Oceania,UQ,16,1038,23,906,223.5352321223659,1692,880.0,1371,86,268,0,3283,0,3965,43.0,305,0,3203,23,925,11.5,1143,111.76761606118296,2039,223.5352321223659,1493,224.5352321223659,1948
4128,Jeffrey Kline,micro_theory,Oceania,UQ,7,2425,3,3094,46.72258554489466,3195,139.0,2905,19,1915,0,3283,2,2431,9.5,2035,0,3203,3,3149,2.5,2945,23.36129277244733,3307,46.72258554489466,3067,47.72258554489466,3239
4129,Christopher O'Donnell,econometrics,Oceania,UQ,25,490,27,733,4034.9013618674735,80,7775.0,203,42,840,0,3283,3,2072,21.0,953,0,3203,27,755,14.0,936,2017.4506809337367,637,4034.9013618674735,52,4035.9013618674735,455
4130,Tang Kk,multiple-field,Oceania,UQ,17,948,35,527,258.1937257177254,1550,1164.0,1144,63,491,0,3283,3,2072,31.5,555,0,3203,35,538,18.0,684,129.0968628588627,1937,258.1937257177254,1363,259.1937257177254,1846
4131,Begona Dominguez,multiple-field,Oceania,UQ,4,3256,3,3094,23.15167380558045,3697,58.0,3462,15,2273,0,3283,4,1786,7.5,2418,0,3203,3,3149,2.5,2945,11.575836902790224,3739,23.15167380558045,3594,24.15167380558045,3680
4132,Marco Faravelli,behavior-experiment,Oceania,UQ,10,1802,11,1709,115.15207336387826,2360,312.0,2240,17,2079,0,3283,6,1392,8.5,2203,0,3203,11,1737,6.0,1923,57.57603668193913,2584,115.15207336387826,2177,116.15207336387826,2505
4133,Temesgen Kifle,labor,Oceania,UQ,11,1625,12,1604,59.262129560116215,3003,216.0,2550,19,1915,0,3283,0,3965,9.5,2035,0,3203,12,1632,6.0,1923,29.631064780058107,3146,59.262129560116215,2866,60.262129560116215,3069
4134,Lionel Page,behavior-experiment,Oceania,UQ,25,490,37,484,342.3448553724738,1275,1712.0,852,70,404,1,1576,11,832,35.5,448,1,1424,37,494,20.5,567,182.08404367444675,1657,343.1680873488935,1061,686.336174697787,1152
4135,Ian Mackenzie,multiple-field,Oceania,UQ,11,1625,13,1510,97.3755616158387,2531,374.0,2080,29,1320,0,3283,4,1786,14.5,1436,0,3203,13,1535,7.5,1649,48.68778080791935,2730,97.3755616158387,2373,98.3755616158387,2663
4136,Vera Te Velde,behavior-experiment,Oceania,UQ,5,2944,5,2603,65.29931086925804,2904,138.0,2912,8,3159,0,3283,0,3965,4.0,3242,0,3203,5,2654,2.5,2945,32.64965543462902,3060,65.29931086925804,2762,66.29931086925804,2983
4137,Antonio Peyrache,multiple-field,Oceania,UQ,11,1625,12,1604,123.3774695801466,2291,394.0,2034,23,1634,0,3283,0,3965,11.5,1753,0,3203,12,1632,6.0,1923,61.6887347900733,2530,123.3774695801466,2111,124.3774695801466,2446
4138,Shino Takayama,multiple-field,Oceania,UQ,3,3600,2,3404,22.71563338320109,3712,44.0,3644,12,2609,0,3283,0,3965,6.0,2731,0,3203,2,3459,1.0,3730,11.357816691600547,3752,22.71563338320109,3608,23.71563338320109,3697
4139,Julie Moschion,labor,Oceania,UQ,11,1625,11,1709,151.5222755900927,2085,423.0,1974,22,1700,0,3283,1,2917,11.0,1825,0,3203,11,1737,5.5,2026,75.76113779504635,2363,151.5222755900927,1901,152.5222755900927,2266
4140,Kenan Kalayci,behavior-experiment,Oceania,UQ,7,2425,7,2254,72.91776189653656,2800,155.0,2814,9,3018,0,3283,0,3965,4.5,3116,0,3203,7,2299,3.5,2589,36.45888094826828,2960,72.91776189653656,2655,73.91776189653656,2889
4141,Axel Wieneke,multiple-field,Oceania,UQ,2,3967,1,3809,41.31585652022719,3312,47.0,3604,3,4085,0,3283,0,3965,1.5,4125,0,3203,1,3860,0.5,4086,20.6579282601136,3404,41.31585652022719,3192,42.31585652022719,3341
4142,Eric Eisenstat,econometrics,Oceania,UQ,8,2197,7,2254,163.22070947033652,2017,357.0,2121,15,2273,0,3283,2,2431,7.5,2418,0,3203,7,2299,3.5,2589,81.61035473516826,2309,163.22070947033652,1831,164.22070947033652,2215
4143,Carlos Oyarzun,micro_theory,Oceania,UQ,3,3600,1,3809,14.933184523068078,3960,33.0,3785,11,2737,0,3283,6,1392,5.5,2853,0,3203,1,3860,3.5,2589,7.466592261534039,3984,14.933184523068078,3878,15.933184523068078,3932
4144,Priscilla Man,micro_theory,Oceania,UQ,4,3256,3,3094,25.317977802344327,3643,53.0,3520,9,3018,0,3283,3,2072,4.5,3116,0,3203,3,3149,2.5,2945,12.658988901172163,3694,25.317977802344327,3536,26.317977802344327,3635
4145,Heiko Gerlach,i_organization,Oceania,UQ,11,1625,12,1604,75.97367965289031,2758,264.0,2366,20,1840,0,3283,7,1234,10.0,1962,0,3203,12,1632,6.5,1818,37.98683982644516,2921,75.97367965289031,2615,76.97367965289031,2856
4146,Metin Uyanik,micro_theory,Oceania,UQ,8,2197,5,2603,49.65883607174055,3144,148.0,2842,20,1840,0,3283,2,2431,10.0,1962,0,3203,5,2654,3.0,2752,24.829418035870276,3265,49.65883607174055,3015,50.65883607174055,3192
4147,Dong-Hyuk Kim,multiple-field,Oceania,UQ,3,3600,1,3809,17.86057109949175,3862,33.0,3785,6,3475,0,3283,3,2072,3.0,3545,0,3203,1,3860,1.5,3437,8.930285549745875,3893,17.86057109949175,3769,18.86057109949175,3842
4148,Jorge Miranda-Pinto,macro,Oceania,UQ,5,2944,3,3094,34.07345007480164,3445,81.0,3257,13,2492,0,3283,3,2072,6.5,2616,0,3203,3,3149,3.0,2752,17.03672503740082,3530,34.07345007480164,3341,35.07345007480164,3464
4149,Annari De Waal,macro,Oceania,UQ,3,3600,0,4385,10.816653826391969,4073,19.0,4007,4,3855,0,3283,0,3965,2.0,3907,0,3203,0,4408,0.0,4504,5.408326913195984,4091,10.816653826391969,4008,11.816653826391969,4048
4150,Carl Sherwood,other,Oceania,UQ,4,3256,2,3404,32.60368077380221,3476,57.0,3471,7,3309,0,3283,0,3965,3.5,3382,0,3203,2,3459,1.0,3730,16.301840386901105,3552,32.60368077380221,3371,33.60368077380221,3488
4151,Haishan Yuan,multiple-field,Oceania,UQ,3,3600,1,3809,34.66987164671943,3432,58.0,3462,10,2874,0,3283,1,2917,5.0,2983,0,3203,1,3860,1.0,3730,17.334935823359714,3518,34.66987164671943,3326,35.66987164671943,3453
4152,Christoph Mueller,micro_theory,Oceania,UQ,2,3967,1,3809,10.44030650891055,4084,13.0,4130,3,4085,0,3283,3,2072,1.5,4125,0,3203,1,3860,1.5,3437,5.220153254455275,4100,10.44030650891055,4021,11.44030650891055,4057
4153,Christiern Rose,multiple-field,Oceania,UQ,5,2944,3,3094,47.138094997570704,3189,96.0,3153,10,2874,0,3283,1,2917,5.0,2983,0,3203,3,3149,1.5,3437,23.569047498785352,3302,47.138094997570704,3062,48.138094997570704,3232
4154,Antonio Anes Bellofatto,p_finance,Oceania,UQ,3,3600,3,3094,53.34791467339656,3082,76.0,3301,5,3656,0,3283,2,2431,2.5,3719,0,3203,3,3149,2.0,3174,26.67395733669828,3213,53.34791467339656,2941,54.34791467339656,3137
4155,Satoshi Tanaka,multiple-field,Oceania,UQ,6,2677,6,2423,99.3529063490344,2512,203.0,2600,11,2737,0,3283,2,2431,5.5,2853,0,3203,6,2464,4.0,2445,49.6764531745172,2713,99.3529063490344,2347,100.3529063490344,2640
4156,Suzanne Bonner,labor,Oceania,UQ,2,3967,0,4385,5.830951894845301,4282,8.0,4272,2,4322,0,3283,0,3965,1.0,4350,0,3203,0,4408,0.0,4504,2.9154759474226504,4293,5.830951894845301,4234,6.830951894845301,4250
4157,Josh Merfeld,development,Oceania,UQ,4,3256,3,3094,37.66961640367472,3379,75.0,3312,10,2874,0,3283,1,2917,5.0,2983,0,3203,3,3149,1.5,3437,18.83480820183736,3471,37.66961640367472,3268,38.66961640367472,3406
4158,Mohamad Khaled,econometrics,Oceania,UQ,4,3256,2,3404,90.37145567047152,2597,117.0,3021,7,3309,0,3283,2,2431,3.5,3382,0,3203,2,3459,1.5,3437,45.18572783523576,2787,90.37145567047152,2438,91.37145567047152,2713
4159,Ozan Isler,other,Oceania,UQ,16,1038,17,1215,332.7100840070827,1300,902.0,1356,33,1137,0,3283,1,2917,16.5,1262,0,3203,17,1241,9.0,1418,166.35504200354134,1731,332.7100840070827,1094,333.7100840070827,1633
4160,David Smerdon,multiple-field,Oceania,UQ,7,2425,6,2423,68.79680225126747,2859,177.0,2720,12,2609,1,1576,1,2917,6.5,2616,0,3203,7,2299,4.0,2445,34.39840112563373,3014,69.79680225126747,2700,139.59360450253493,2337
4161,Terence Yeo,political_econ,Oceania,UQ,1,4388,0,4385,2.0,4497,2.0,4502,3,4085,0,3283,0,3965,1.5,4125,0,3203,0,4408,0.0,4504,1.0,4501,2.0,4473,3.0,4474
4162,Allan Hernandez Chanto,micro_theory,Oceania,UQ,3,3600,0,4385,10.0,4097,18.0,4028,7,3309,0,3283,3,2072,3.5,3382,0,3203,0,4408,1.5,3437,5.0,4116,10.0,4036,11.0,4071
4163,Zachary Breig,multiple-field,Oceania,UQ,2,3967,0,4385,8.0,4180,16.0,4062,8,3159,0,3283,1,2917,4.0,3242,0,3203,0,4408,0.5,4086,4.0,4196,8.0,4126,9.0,4155
4164,Ammarr Aripin,development,Oceania,UQ,1,4388,1,3809,16.0,3924,16.0,4062,1,4577,0,3283,0,3965,0.5,4588,0,3203,1,3860,0.5,4086,8.0,3952,16.0,3840,17.0,3899
4165,Ouyang Fu,econometrics,Oceania,UQ,2,3967,1,3809,11.224972160321824,4058,14.0,4102,5,3656,0,3283,2,2431,2.5,3719,0,3203,1,3860,1.5,3437,5.612486080160912,4075,11.224972160321824,3988,12.224972160321824,4029
4166,Manuel Staab,micro_theory,Oceania,UQ,2,3967,1,3809,12.569805089976535,4016,18.0,4028,4,3855,0,3283,1,2917,2.0,3907,0,3203,1,3860,1.0,3730,6.284902544988268,4035,12.569805089976535,3941,13.569805089976535,3989
4167,Lizi Yu,labor,Oceania,UQ,2,3967,2,3404,34.26368339802363,3440,50.0,3563,3,4085,0,3283,1,2917,1.5,4125,0,3203,2,3459,1.0,3730,17.131841699011815,3525,34.26368339802363,3334,35.26368339802363,3459
4168,Todd Morris,labor,Oceania,UQ,3,3600,1,3809,15.556349186104043,3943,26.0,3893,4,3855,0,3283,1,2917,2.0,3907,0,3203,1,3860,1.0,3730,7.7781745930520225,3969,15.556349186104043,3859,16.556349186104043,3916
4169,Arianna Gatta,labor,Oceania,UQ,1,4388,1,3809,50.0,3134,50.0,3563,4,3855,0,3283,1,2917,2.0,3907,0,3203,1,3860,1.0,3730,25.0,3257,50.0,3003,51.0,3185
4170,Kun Zhang,micro_theory,Oceania,UQ,0,4667,0,4385,0.0,4667,0.0,4667,2,4322,0,3283,1,2917,1.0,4350,0,3203,0,4408,0.5,4086,0.0,4667,0.0,4669,1.0,4669
4171,Yaying Zhou,p_finance,Oceania,UQ,1,4388,0,4385,1.0,4570,1.0,4570,1,4577,0,3283,0,3965,0.5,4588,0,3203,0,4408,0.0,4504,0.5,4572,1.0,4561,2.0,4561
4172,Alexandre Macchione Saes,history,South America,USP,4,3256,0,4385,13.74772708486752,3994,39.0,3705,19,1915,0,3283,0,3965,9.5,2035,0,3203,0,4408,0.0,4504,6.87386354243376,4014,13.74772708486752,3914,14.74772708486752,3963
4173,André Luis Squarize Chagas,multiple-field,South America,USP,7,2425,7,2254,185.91664799043684,1879,365.0,2101,19,1915,0,3283,0,3965,9.5,2035,0,3203,7,2299,3.5,2589,92.95832399521842,2192,185.91664799043684,1681,186.91664799043684,2105
4174,André Luiz Lanza,history,South America,USP,1,4388,0,4385,1.0,4570,1.0,4570,2,4322,0,3283,0,3965,1.0,4350,0,3203,0,4408,0.0,4504,0.5,4572,1.0,4561,2.0,4561
4175,Ariaster Baumgratz Chimeli,multiple-field,South America,USP,10,1802,11,1709,120.85528536228772,2316,352.0,2131,17,2079,0,3283,0,3965,8.5,2203,0,3203,11,1737,5.5,2026,60.427642681143865,2550,120.85528536228772,2138,121.85528536228772,2467
4176,Claudio Ribeiro De Lucinda,multiple-field,South America,USP,5,2944,3,3094,62.65780079128216,2949,128.0,2961,20,1840,0,3283,1,2917,10.0,1962,0,3203,3,3149,1.5,3437,31.32890039564108,3097,62.65780079128216,2812,63.65780079128216,3020
4177,Danilo Camargo Igliori,other,South America,USP,5,2944,5,2603,56.789083458002736,3032,143.0,2870,45,770,0,3283,0,3965,22.5,866,0,3203,5,2654,2.5,2945,28.394541729001368,3171,56.789083458002736,2894,57.789083458002736,3091
4178,Danilo Paula De Souza,multiple-field,South America,USP,1,4388,0,4385,4.0,4388,4.0,4413,5,3656,0,3283,1,2917,2.5,3719,0,3203,0,4408,0.5,4086,2.0,4394,4.0,4349,5.0,4360
4179,Dante Mendes Aldrighi,multiple-field,South America,USP,5,2944,4,2824,52.354560450833695,3094,107.0,3084,8,3159,0,3283,0,3965,4.0,3242,0,3203,4,2882,2.0,3174,26.177280225416848,3223,52.354560450833695,2956,53.354560450833695,3148
4180,David Daniel Turchick Rubin,multiple-field,South America,USP,4,3256,3,3094,29.79932885150268,3539,60.0,3445,9,3018,0,3283,2,2431,4.5,3116,0,3203,3,3149,2.5,2945,14.89966442575134,3601,29.79932885150268,3426,30.79932885150268,3541
4181,Eduardo Amaral Haddad,multiple-field,South America,USP,19,797,33,565,205.25837376341067,1776,1145.0,1157,108,163,0,3283,0,3965,54.0,198,0,3203,33,579,16.5,766,102.62918688170534,2106,205.25837376341067,1578,206.25837376341067,2019
4182,Fabiana Fontes Rocha,multiple-field,South America,USP,10,1802,11,1709,69.74955196988724,2849,245.0,2452,33,1137,0,3283,0,3965,16.5,1262,0,3203,11,1737,5.5,2026,34.87477598494362,3001,69.74955196988724,2701,70.74955196988724,2934
4183,Felipe Leon Peres Camargo Shalders,micro_theory,South America,USP,1,4388,0,4385,1.0,4570,1.0,4570,2,4322,0,3283,0,3965,1.0,4350,0,3203,0,4408,0.0,4504,0.5,4572,1.0,4561,2.0,4561
4184,Fernando Antonio Slaibe Postali,multiple-field,South America,USP,7,2425,5,2603,140.71957930579526,2158,284.0,2311,21,1766,0,3283,0,3965,10.5,1890,0,3203,5,2654,2.5,2945,70.35978965289763,2420,140.71957930579526,1982,141.71957930579526,2326
4185,Gabriel De Abreu Madeira,micro_theory,South America,USP,1,4388,0,4385,4.242640687119285,4365,6.0,4335,4,3855,0,3283,1,2917,2.0,3907,0,3203,0,4408,0.5,4086,2.1213203435596424,4370,4.242640687119285,4326,5.242640687119285,4338
4186,Gilberto Tadeu Lima,macro,South America,USP,18,872,24,859,281.7623111773468,1443,1092.0,1204,68,428,0,3283,0,3965,34.0,490,0,3203,24,876,12.0,1098,140.88115558867338,1862,281.7623111773468,1256,282.7623111773468,1775
4187,Guilherme Grandi,history,South America,USP,1,4388,0,4385,2.23606797749979,4467,3.0,4453,4,3855,0,3283,0,3965,2.0,3907,0,3203,0,4408,0.0,4504,1.118033988749895,4470,2.23606797749979,4440,3.23606797749979,4442
4188,Ivan Colangelo Salomão,history,South America,USP,3,3600,0,4385,6.244997998398398,4261,15.0,4081,11,2737,0,3283,0,3965,5.5,2853,0,3203,0,4408,0.0,4504,3.122498999199199,4274,6.244997998398398,4212,7.244997998398398,4232
4189,Jose Carlos De Souza Santos,finance,South America,USP,0,4667,0,4385,0.0,4667,0.0,4667,1,4577,0,3283,0,3965,0.5,4588,0,3203,0,4408,0.0,4504,0.0,4667,0.0,4669,1.0,4669
4190,Laura Barbosa De Carvalho,macro,South America,USP,8,2197,7,2254,131.01908257959985,2229,286.0,2307,18,1994,0,3283,0,3965,9.0,2114,0,3203,7,2299,3.5,2589,65.50954128979991,2475,131.01908257959985,2049,132.01908257959985,2387
4191,Laura Valladão De Mattos,history,South America,USP,1,4388,0,4385,3.4641016151377544,4418,6.0,4335,8,3159,0,3283,0,3965,4.0,3242,0,3203,0,4408,0.0,4504,1.7320508075688772,4422,3.4641016151377544,4378,4.464101615137754,4387
4192,Luís Antonio Fantozzi Alvarez,econometrics,South America,USP,1,4388,0,4385,3.1622776601683795,4423,4.0,4413,3,4085,0,3283,2,2431,1.5,4125,0,3203,0,4408,1.0,3730,1.5811388300841898,4427,3.1622776601683795,4383,4.16227766016838,4392
4193,Luís Eduardo Negrão Meloni,political_econ,South America,USP,2,3967,1,3809,43.10452412450461,3274,46.0,3618,3,4085,0,3283,2,2431,1.5,4125,0,3203,1,3860,1.0,3730,21.552262062252307,3375,43.10452412450461,3153,44.10452412450461,3307
4194,Márcio Issao Nakane,finance,South America,USP,2,3967,1,3809,76.11832893594026,2757,82.0,3250,4,3855,0,3283,0,3965,2.0,3907,0,3203,1,3860,0.5,4086,38.05916446797013,2920,76.11832893594026,2614,77.11832893594026,2855
4195,Marcos Ross Fernandes,micro_theory,South America,USP,2,3967,1,3809,67.26812023536856,2881,73.0,3328,2,4322,0,3283,0,3965,1.0,4350,0,3203,1,3860,0.5,4086,33.63406011768428,3035,67.26812023536856,2734,68.26812023536856,2961
4196,Maria Dolores Montoya Diaz,multiple-field,South America,USP,9,1992,9,1961,105.5035544424926,2449,297.0,2277,25,1518,0,3283,1,2917,12.5,1623,0,3203,9,2003,4.5,2297,52.7517772212463,2655,105.5035544424926,2270,106.5035544424926,2578
4197,Matheus Assaf Cosendey,history,South America,USP,1,4388,0,4385,3.0,4440,3.0,4453,3,4085,0,3283,0,3965,1.5,4125,0,3203,0,4408,0.0,4504,1.5,4444,3.0,4407,4.0,4412
4198,Naercio Aquino Menezes Filho,labor,South America,USP,13,1348,16,1280,573.7028847757348,827,1339.0,1040,56,569,0,3283,7,1234,28.0,646,0,3203,16,1309,8.5,1487,286.8514423878674,1383,573.7028847757348,656,574.7028847757348,1255
4199,Paula Carvalho Pereda,multiple-field,South America,USP,11,1625,13,1510,80.48602363143554,2698,292.0,2291,37,989,0,3283,1,2917,18.5,1111,0,3203,13,1535,7.0,1731,40.24301181571777,2873,80.48602363143554,2552,81.48602363143554,2807
4200,Pedro Henrique Thibes Forquesato,multiple-field,South America,USP,1,4388,0,4385,6.0,4274,6.0,4335,3,4085,0,3283,0,3965,1.5,4125,0,3203,0,4408,0.0,4504,3.0,4285,6.0,4225,7.0,4242
4201,Rafael De Vasconcelos Xavier Ferreira,labor,South America,USP,2,3967,1,3809,52.16320542297991,3101,57.0,3471,4,3855,0,3283,1,2917,2.0,3907,0,3203,1,3860,1.0,3730,26.081602711489957,3229,52.16320542297991,2964,53.16320542297991,3154
4202,Rafael Pucci,multiple-field,South America,USP,1,4388,0,4385,1.0,4570,1.0,4570,3,4085,0,3283,1,2917,1.5,4125,0,3203,0,4408,0.5,4086,0.5,4572,1.0,4561,2.0,4561
4203,Raphael Bottura Corbi,labor,South America,USP,4,3256,1,3809,33.80828300875393,3453,55.0,3490,8,3159,1,1576,3,2072,4.5,3116,1,1424,1,3860,2.0,3174,37.745368781616015,2931,14.490737563232042,3889,28.981475126464083,3585
4204,Raphael De Albuquerque Galvão,micro_theory,South America,USP,0,4667,0,4385,0.0,4667,0.0,4667,1,4577,0,3283,0,3965,0.5,4588,0,3203,0,4408,0.0,4504,0.0,4667,0.0,4669,1.0,4669
4205,Renata Del Tedesco Narita,labor,South America,USP,5,2944,3,3094,151.38361866463623,2086,205.0,2591,8,3159,1,1576,2,2431,4.5,3116,1,1424,3,3149,2.5,2945,162.3790881602596,1748,27.758176320519304,3483,55.51635264103861,3122
4206,Renato Perim Colistete,history,South America,USP,4,3256,1,3809,25.238858928247925,3644,47.0,3604,6,3475,0,3283,0,3965,3.0,3545,0,3203,1,3860,0.5,4086,12.619429464123964,3695,25.238858928247925,3538,26.238858928247925,3636
4207,Ricardo De Abreu Madeira,labor,South America,USP,2,3967,1,3809,45.044422518220834,3222,47.0,3604,3,4085,0,3283,0,3965,1.5,4125,0,3203,1,3860,0.5,4086,22.522211259110417,3332,45.044422518220834,3094,46.044422518220834,3265
4208,Ricardo Dias De Oliveira Brito,macro,South America,USP,5,2944,3,3094,163.38910612400082,2015,242.0,2463,9,3018,0,3283,2,2431,4.5,3116,0,3203,3,3149,1.5,3437,81.69455306200041,2307,163.38910612400082,1829,164.38910612400082,2213
4209,Ricardo Rezende Gomes Avelino,finance,South America,USP,1,4388,0,4385,6.0,4274,6.0,4335,2,4322,0,3283,0,3965,1.0,4350,0,3203,0,4408,0.0,4504,3.0,4285,6.0,4225,7.0,4242
4210,Rodrigo De Losso Da Silveira Bueno,finance,South America,USP,6,2677,3,3094,129.7227813454522,2239,202.0,2605,19,1915,0,3283,2,2431,9.5,2035,0,3203,3,3149,2.0,3174,64.8613906727261,2486,129.7227813454522,2059,130.7227813454522,2397
4211,Rodrigo Menon Simões Moita,i_organization,South America,USP,3,3600,1,3809,14.628738838327791,3971,36.0,3736,12,2609,0,3283,0,3965,6.0,2731,0,3203,1,3860,0.5,4086,7.314369419163897,3993,14.628738838327791,3887,15.628738838327791,3941
4212,Siegfried Bender,i_trade,South America,USP,1,4388,0,4385,6.0,4274,6.0,4335,1,4577,0,3283,0,3965,0.5,4588,0,3203,0,4408,0.0,4504,3.0,4285,6.0,4225,7.0,4242
4213,Solange Ledi Gonçalves,labor,South America,USP,3,3600,2,3404,30.886890422961,3509,44.0,3644,5,3656,0,3283,0,3965,2.5,3719,0,3203,2,3459,1.0,3730,15.4434452114805,3577,30.886890422961,3401,31.886890422961,3518
4214,Tatiana Gomes Rotondaro,other,South America,USP,1,4388,0,4385,5.196152422706632,4303,7.0,4303,5,3656,0,3283,0,3965,2.5,3719,0,3203,0,4408,0.0,4504,2.598076211353316,4312,5.196152422706632,4257,6.196152422706632,4269
4215,Wilfredo Fernando Leiva Maldonado,multiple-field,South America,USP,6,2677,3,3094,47.65501022977542,3180,141.0,2888,36,1023,0,3283,1,2917,18.0,1148,0,3203,3,3149,1.5,3437,23.82750511488771,3292,47.65501022977542,3051,48.65501022977542,3222
4216,Ivan Castelar,multiple-field,South America,USP,2,3967,2,3404,48.75448697299562,3166,65.0,3397,5,3656,0,3283,0,3965,2.5,3719,0,3203,2,3459,1.0,3730,24.37724348649781,3281,48.75448697299562,3037,49.75448697299562,3208
4217,Ana Carolina De Aguiar Rodrigues,other,South America,USP,5,2944,4,2824,73.13685801290619,2799,137.0,2918,7,3309,0,3283,0,3965,3.5,3382,0,3203,4,2882,2.0,3174,36.56842900645309,2958,73.13685801290619,2653,74.13685801290619,2888
4218,Carlos Roberto Azzoni,multiple-field,South America,USP,13,1348,16,1280,264.42957474533745,1525,787.0,1449,68,428,0,3283,0,3965,34.0,490,0,3203,16,1309,8.0,1567,132.21478737266872,1919,264.42957474533745,1337,265.42957474533745,1830
4219,Antonio Carlos Coelho Campino,development,South America,USP,6,2677,4,2824,94.11694852681954,2557,176.0,2724,11,2737,0,3283,0,3965,5.5,2853,0,3203,4,2882,2.0,3174,47.05847426340977,2750,94.11694852681954,2399,95.11694852681954,2681
4220,Carlos Antonio Luque,p_finance,South America,USP,1,4388,0,4385,2.0,4497,2.0,4502,1,4577,0,3283,0,3965,0.5,4588,0,3203,0,4408,0.0,4504,1.0,4501,2.0,4473,3.0,4474
4221,Denisard Cneio De Oliveira Alves,multiple-field,South America,USP,4,3256,3,3094,134.4953530795767,2200,197.0,2627,9,3018,0,3283,0,3965,4.5,3116,0,3203,3,3149,1.5,3437,67.24767653978834,2451,134.4953530795767,2019,135.4953530795767,2362
4222,Denise Cavallini Cyrillo,other,South America,USP,5,2944,2,3404,19.748417658131498,3806,54.0,3505,16,2168,0,3283,0,3965,8.0,2304,0,3203,2,3459,1.0,3730,9.874208829065749,3838,19.748417658131498,3707,20.748417658131498,3789
4223,Elizabeth Maria Mercier Querido Farina,i_organization,South America,USP,9,1992,9,1961,177.86230629337965,1931,465.0,1893,16,2168,0,3283,0,3965,8.0,2304,0,3203,9,2003,4.5,2297,88.93115314668982,2234,177.86230629337965,1734,178.86230629337965,2144
4224,Helio Nogueira Da Cruz,p_finance,South America,USP,1,4388,0,4385,3.0,4440,3.0,4453,1,4577,0,3283,0,3965,0.5,4588,0,3203,0,4408,0.0,4504,1.5,4444,3.0,4407,4.0,4412
4225,Helio Zylberstajn,labor,South America,USP,4,3256,0,4385,10.099504938362076,4090,20.0,3989,4,3855,0,3283,0,3965,2.0,3907,0,3203,0,4408,0.0,4504,5.049752469181039,4107,10.099504938362076,4027,11.099504938362076,4064
4226,Heron Carlos Esvael Do Carmo,development,South America,USP,2,3967,2,3404,73.97972695272672,2788,85.0,3226,2,4322,0,3283,0,3965,1.0,4350,0,3203,2,3459,1.0,3730,36.98986347636336,2948,73.97972695272672,2644,74.97972695272672,2880
4227,Jose Flavio Motta,history,South America,USP,0,4667,0,4385,0.0,4667,0.0,4667,3,4085,0,3283,0,3965,1.5,4125,0,3203,0,4408,0.0,4504,0.0,4667,0.0,4669,1.0,4669
4364,Jason Abrevaya,econometrics,North America,UTAustin,21,669,26,777,461.5289806718534,990,1687.0,864,41,868,3,924,16,541,22.0,892,3,816,26,797,15.5,820,583.622019463558,1030,455.9503284025744,810,1815.8013136102977,697
4365,Daniel Ackerberg,econometrics,North America,UTAustin,13,1348,15,1353,1305.6140317873426,350,2626.0,618,22,1700,5,627,14,640,13.5,1526,5,545,15,1379,11.5,1143,4598.35346118465,453,465.2151670686224,794,2767.291002411734,562
4366,V. Bhaskar,multiple-field,North America,UTAustin,22,617,29,665,281.23299948619115,1444,1172.0,1139,45,770,7,445,26,250,26.0,718,6,456,30,649,22.0,518,1347.3537715706518,746,276.2990902324031,1288,2162.392721859225,638
4367,Scott Carrell,labor,North America,UTAustin,19,797,22,952,745.9912868123863,651,2493.0,649,31,1232,6,525,14,640,18.5,1111,5,545,23,925,16.0,788,5255.2219487782295,423,486.81181349879495,761,3372.6826944915647,505
4368,Olivier Coibion,macro,North America,UTAustin,25,490,35,527,995.9944778963386,505,3965.0,439,45,770,13,186,24,285,29.0,616,11,201,37,494,26.5,389,19326.05305256086,194,629.8216922255572,601,8649.5036911578,276
4369,Stephen Donald,econometrics,North America,UTAustin,22,617,31,605,1275.0270585364062,362,3432.0,498,41,868,5,627,19,415,23.0,848,5,545,31,620,19.0,627,3395.025402725311,522,1207.3776445027577,298,7220.265867016546,310
4370,Eugenio J Miravete,i_organization,North America,UTAustin,15,1141,17,1215,234.75945135393377,1651,782.0,1460,24,1571,6,525,13,700,15.0,1386,5,545,18,1177,12.5,1053,2119.185763960208,619,150.263647534644,1912,1016.845532742508,934
4371,David S Sibley,i_organization,North America,UTAustin,13,1348,15,1353,310.9115629885772,1356,928.0,1335,31,1232,2,1169,9,991,16.5,1262,2,1039,15,1379,9.5,1356,443.78629976461593,1152,289.5725995292319,1228,865.7177985876958,1018
4372,Daniel T Slesnick,multiple-field,North America,UTAustin,12,1477,13,1510,260.87736582540083,1538,695.0,1563,23,1634,2,1169,12,763,12.5,1623,2,1039,13,1535,9.5,1356,507.99946791908815,1083,197.8366666382984,1621,590.5099999148952,1239
4373,Ann Huff Stevens,labor,North America,UTAustin,21,669,23,906,683.2108020223334,705,2667.0,604,27,1408,2,1169,14,640,14.5,1436,2,1039,23,925,12.5,1053,810.1634727748522,918,659.6450410365762,565,1975.9351231097287,669
4374,Maxwell B Stinchcombe,micro_theory,North America,UTAustin,15,1141,19,1100,18053.34481474278,3,20851.0,44,40,899,5,627,13,700,22.5,866,4,656,20,1065,15.5,820,10279.638623422294,300,18056.243973754277,2,108313.46384252564,24
4375,Robert Town,multiple-field,North America,UTAustin,25,490,47,332,657.8540871652315,732,3106.0,540,60,517,6,525,15,589,33.0,516,6,456,47,340,27.5,363,2675.0255575721217,568,612.6679487165941,614,4253.675641016159,438
4376,Stephen J. Trejo,labor,North America,UTAustin,18,872,25,816,472.60977560774177,969,1548.0,925,28,1363,5,627,11,832,16.5,1262,5,545,25,834,15.0,864,1748.8960543527487,680,408.0347379569161,898,2424.208427741496,602
4377,Thomas E Wiseman,micro_theory,North America,UTAustin,10,1802,10,1828,70.80254232723568,2826,261.0,2382,28,1363,3,924,9,991,15.5,1343,3,816,10,1859,8.0,1567,227.79824617596623,1493,60.68015256567895,2848,234.7206102627158,1924
4378,Manuela Angelucci,development,North America,UTAustin,12,1477,12,1604,410.9452518280264,1102,1088.0,1211,18,1994,4,749,9,991,11.0,1825,1,1424,15,1379,10.5,1239,687.1389145781525,972,326.0807352202239,1116,1615.4036761011196,747
4379,Peter Bergman,labor,North America,UTAustin,10,1802,10,1828,109.9499886311954,2407,343.0,2159,14,2384,2,1169,4,1786,8.0,2304,2,1039,10,1859,6.5,1818,195.3262088390429,1602,94.38506372785592,2396,280.1551911835677,1789
4380,Saroj Bhattarai,macro,North America,UTAustin,12,1477,14,1430,218.8743932030424,1711,634.0,1641,24,1571,2,1169,11,832,13.0,1571,2,1039,14,1453,9.5,1356,162.06878180225155,1749,219.9839443628819,1510,656.9518330886458,1171
4381,Christoph Boehm,i_trade,North America,UTAustin,6,2677,5,2603,247.1052407376258,1590,385.0,2056,6,3475,2,1169,5,1568,4.0,3242,2,1039,5,2654,4.0,2445,221.0461587406542,1512,245.85856556619044,1406,734.5756966985713,1109
4382,Svetlana Boyarchenko,finance,North America,UTAustin,13,1348,17,1215,166.42415690037308,1998,575.0,1714,41,868,1,1576,4,1786,21.0,953,1,1424,17,1241,9.5,1356,116.35109095765095,2017,163.70218191530194,1826,327.40436383060387,1655
4383,Marika Cabral,p_finance,North America,UTAustin,5,2944,4,2824,78.77182237323191,2722,151.0,2826,9,3018,4,749,4,1786,6.5,2616,2,1039,6,2464,5.0,2147,336.3791075423701,1288,36.41913015489465,3293,167.09565077447326,2199
4384,Eric Chyn,labor,North America,UTAustin,9,1992,8,2100,181.446961947562,1911,361.0,2108,12,2609,4,749,7,1234,8.0,2304,3,816,9,2003,7.5,1649,495.9638619807989,1099,90.54478609367524,2436,437.7239304683761,1422
4385,Michael Geruso,multiple-field,North America,UTAustin,10,1802,10,1828,208.0913261046697,1756,608.0,1676,19,1915,2,1169,6,1392,10.5,1890,2,1039,10,1859,6.5,1818,447.9359999496529,1148,157.03870484495155,1867,468.11611453485466,1366
4386,Brendan Kline,econometrics,North America,UTAustin,8,2197,8,2100,91.56418513807678,2582,244.0,2455,18,1994,0,3283,6,1392,9.0,2114,0,3203,8,2146,5.5,2026,45.78209256903839,2773,91.56418513807678,2423,92.56418513807678,2700
4387,Leigh Linden,development,North America,UTAustin,10,1802,10,1828,710.1957476639803,677,1400.0,1000,13,2492,2,1169,6,1392,7.5,2418,2,1039,10,1859,6.5,1818,1844.8570100255115,667,215.50878202078715,1528,643.5263460623614,1187
4388,Richard Murphy,labor,North America,UTAustin,9,1992,9,1961,172.91616465790582,1964,430.0,1961,14,2384,1,1576,5,1568,7.5,2418,1,1424,9,2003,6.0,1923,156.64854858377947,1776,154.29709716755892,1888,308.59419433511783,1696
4389,Gerald S Oettinger,labor,North America,UTAustin,10,1802,10,1828,248.06450773941845,1588,598.0,1688,10,2874,3,924,6,1392,6.5,2616,3,816,10,1859,6.5,1818,918.0762211896111,873,127.09673645990856,2080,500.3869458396343,1334
4390,Nitya Pandalai-Nayar,macro,North America,UTAustin,6,2677,6,2423,286.41229023908875,1431,508.0,1814,9,3018,3,924,6,1392,6.0,2731,2,1039,7,2299,5.5,2026,284.7337239288679,1385,286.5877289305727,1239,1138.350915722291,887
4391,Dean Spears,development,North America,UTAustin,26,451,54,251,512.9298197609494,903,2641.0,614,80,301,0,3283,7,1234,40.0,354,0,3203,54,259,27.0,375,256.4649098804747,1431,512.9298197609494,726,513.9298197609494,1316
4392,Caroline Thomas,micro_theory,North America,UTAustin,5,2944,2,3404,39.92492955535426,3338,82.0,3250,9,3018,1,1576,3,2072,5.0,2983,1,1424,2,3459,2.5,2945,34.28934115817188,3017,37.578682316343766,3272,75.15736463268753,2876
4393,Haiqing Xu,econometrics,North America,UTAustin,7,2425,6,2423,42.87190222045204,3282,146.0,2856,19,1915,0,3283,8,1097,9.5,2035,0,3203,6,2464,5.0,2147,21.435951110226014,3381,42.87190222045204,3163,43.87190222045204,3314
4394,Xinyue Bei,econometrics,North America,UTAustin,2,3967,0,4385,3.741657386773941,4405,6.0,4335,4,3855,0,3283,2,2431,2.0,3907,0,3203,0,4408,1.0,3730,1.8708286933869709,4410,3.741657386773941,4367,4.741657386773941,4376
4395,Jackson Dorsey,i_organization,North America,UTAustin,2,3967,1,3809,17.175564037317667,3877,21.0,3971,4,3855,1,1576,1,2917,2.5,3719,0,3203,2,3459,1.5,3437,9.573214099741124,3855,18.146428199482248,3756,36.292856398964496,3440
4396,Andres Drenik,multiple-field,North America,UTAustin,5,2944,1,3809,22.60530911091463,3719,51.0,3547,7,3309,1,1576,4,1786,4.0,3242,0,3203,2,3459,2.5,2945,14.20267825120404,3633,23.40535650240808,3587,46.81071300481616,3257
4397,Victoria Marone,i_organization,North America,UTAustin,7,2425,6,2423,83.83913167489273,2669,183.0,2686,8,3159,2,1169,2,2431,5.0,2983,2,1039,6,2464,4.0,2445,94.79813839038118,2175,83.6333265278342,2515,247.8999795835026,1878
4398,Oliver Pfauti,macro,North America,UTAustin,1,4388,0,4385,3.0,4440,3.0,4453,2,4322,0,3283,2,2431,1.0,4350,0,3203,0,4408,1.0,3730,1.5,4444,3.0,4407,4.0,4412
4399,Cody Tuttle,p_finance,North America,UTAustin,2,3967,2,3404,51.419840528729765,3111,62.0,3427,3,4085,0,3283,1,2917,1.5,4125,0,3203,2,3459,1.5,3437,25.70992026436488,3236,51.419840528729765,2975,52.419840528729765,3163
4400,Wayne Geerling,other,North America,UTAustin,5,2944,3,3094,78.9746794865291,2718,151.0,2826,27,1408,0,3283,1,2917,13.5,1526,0,3203,3,3149,2.0,3174,39.48733974326455,2886,78.9746794865291,2572,79.9746794865291,2821
4401,G. Dirk Mateer,other,North America,UTAustin,7,2425,7,2254,97.3344748791506,2532,258.0,2392,21,1766,0,3283,1,2917,10.5,1890,0,3203,7,2299,4.0,2445,48.6672374395753,2731,97.3344748791506,2374,98.3344748791506,2664
4402,Charity-Joy Acchiardo,multiple-field,North America,UTAustin,1,4388,0,4385,7.071067811865476,4214,8.0,4272,3,4085,0,3283,0,3965,1.5,4125,0,3203,0,4408,0.0,4504,3.5355339059327378,4230,7.071067811865476,4163,8.071067811865476,4187
4403,Katherine Grooms,p_finance,North America,UTAustin,3,3600,2,3404,67.80855403265875,2875,96.0,3153,3,4085,0,3283,0,3965,1.5,4125,0,3203,2,3459,1.0,3730,33.904277016329374,3027,67.80855403265875,2727,68.80855403265875,2953
4404,Stephanie Houghton,i_organization,North America,UTAustin,2,3967,2,3404,202.7856010667424,1791,238.0,2476,2,4322,1,1576,2,2431,1.5,4125,1,1424,2,3459,1.5,3437,218.5,1518,40.0,3219,80.0,2819
4405,Jorge Balat,i_trade,North America,UTAustin,2,3967,1,3809,17.11724276862369,3881,19.0,4007,3,4085,0,3283,1,2917,1.5,4125,0,3203,1,3860,1.0,3730,8.558621384311845,3910,17.11724276862369,3790,18.11724276862369,3857
4406,Trenton Herriford,macro,North America,UTAustin,1,4388,0,4385,2.0,4497,2.0,4502,1,4577,0,3283,0,3965,0.5,4588,0,3203,0,4408,0.0,4504,1.0,4501,2.0,4473,3.0,4474
4407,Sahil Ravgotra,i_finance,North America,UTAustin,1,4388,0,4385,2.0,4497,2.0,4502,1,4577,0,3283,0,3965,0.5,4588,0,3203,0,4408,0.0,4504,1.0,4501,2.0,4473,3.0,4474
4408,Helen Schneider,multiple-field,North America,UTAustin,4,3256,4,2824,146.58444665106867,2117,259.0,2389,7,3309,0,3283,1,2917,3.5,3382,0,3203,4,2882,2.0,3174,73.29222332553434,2386,146.58444665106867,1939,147.58444665106867,2293
4409,Andres Almazan,finance,North America,UTAustin,11,1625,11,1709,541.2088321526174,868,1235.0,1096,13,2492,1,1576,7,1234,7.0,2517,1,1424,11,1737,7.0,1731,327.9916355576879,1298,538.9832711153758,697,1077.9665422307517,911
4410,Chandra R Bhat,multiple-field,North America,UTAustin,79,9,242,3,2641.3352683822627,145,23156.0,37,307,11,0,3283,0,3965,153.5,16,0,3203,242,3,121.0,9,1320.6676341911314,756,2641.3352683822627,94,2642.3352683822627,574
4411,Carola Binder,macro,North America,UTAustin,15,1141,21,998,236.4994714581832,1641,808.0,1429,36,1023,0,3283,9,991,18.0,1148,0,3203,21,1017,12.5,1053,118.24973572909158,2004,236.4994714581832,1445,237.4994714581832,1914
4412,Kirk D Blazek,other,North America,UTAustin,1,4388,1,3809,32.0,3495,32.0,3798,3,4085,0,3283,0,3965,1.5,4125,0,3203,1,3860,0.5,4086,16.0,3567,32.0,3387,33.0,3504
4413,Jacob Bradt,multiple-field,North America,UTAustin,3,3600,3,3094,63.82789358893179,2930,110.0,3069,4,3855,0,3283,0,3965,2.0,3907,0,3203,3,3149,1.5,3437,31.913946794465897,3080,63.82789358893179,2791,64.8278935889318,3002
4414,Mary Evans,multiple-field,North America,UTAustin,16,1038,21,998,206.82843131445927,1763,730.0,1521,34,1095,0,3283,2,2431,17.0,1221,0,3203,21,1017,10.5,1239,103.41421565722963,2099,206.82843131445927,1570,207.82843131445927,2012
4415,William Fuchs,micro_theory,North America,UTAustin,11,1625,12,1604,147.38724503836823,2107,399.0,2019,19,1915,6,525,13,700,12.5,1623,5,545,13,1535,11.5,1143,1108.173061747137,816,76.9365914038728,2600,503.5561398271096,1330
4416,John Hatfield,micro_theory,North America,UTAustin,17,948,26,777,500.4458012612355,926,1394.0,1005,41,868,9,329,22,327,25.0,750,7,384,28,718,20.0,589,3787.042638600528,498,201.92744750294085,1604,1939.2744750294084,676
4417,Devrim Ikizler,micro_theory,North America,UTAustin,1,4388,0,4385,2.0,4497,2.0,4502,1,4577,0,3283,0,3965,0.5,4588,0,3203,0,4408,0.0,4504,1.0,4501,2.0,4473,3.0,4474
4418,Kara Kockelman,other,North America,UTAustin,55,50,155,22,4617.668675857981,57,18902.0,54,232,26,0,3283,0,3965,116.0,28,0,3203,155,22,77.5,32,2308.8343379289904,598,4617.668675857981,33,4618.668675857981,413
4419,Brian Roberts,political_econ,North America,UTAustin,5,2944,2,3404,336.65412517894384,1292,402.0,2011,6,3475,0,3283,0,3965,3.0,3545,0,3203,2,3459,1.0,3730,168.32706258947192,1723,336.65412517894384,1088,337.65412517894384,1624
4420,Clemens Sialm,finance,North America,UTAustin,18,872,22,952,795.8781313743958,613,2216.0,712,29,1320,2,1169,13,700,15.5,1343,1,1424,23,925,13.5,969,534.6965007407206,1057,794.0934288327356,470,2379.280286498207,606
4421,Sheridan Titman,finance,North America,UTAustin,59,41,93,81,7259.411890780134,29,27683.0,29,110,156,2,1169,33,157,56.0,184,2,1039,93,84,49.0,114,4411.95175148414,459,7249.242510086164,20,21744.72753025849,118
4422,Andrew Waxman,multiple-field,North America,UTAustin,5,2944,4,2824,65.69627082262737,2899,128.0,2961,10,2874,1,1576,1,2917,5.5,2853,0,3203,5,2654,3.0,2752,37.75286247032464,2929,66.50572494064927,2746,133.01144988129855,2377
4423,Andrew Whinston,multiple-field,North America,UTAustin,64,26,216,7,2197.5695665894173,183,15528.0,80,500,1,4,749,10,906,252.0,1,3,816,217,7,111.0,12,1509.486441832242,714,2200.136152427713,117,10985.680762138563,222
4424,Jay Zarnikau,i_organization,North America,UTAustin,24,528,50,291,382.62122262101457,1163,1883.0,796,103,179,0,3283,0,3965,51.5,211,0,3203,50,299,25.0,431,191.31061131050728,1621,382.62122262101457,958,383.62122262101457,1519
4425,Harry Cleaver Jr.,political_econ,North America,UTAustin,4,3256,3,3094,43.669211121796096,3259,85.0,3226,12,2609,0,3283,0,3965,6.0,2731,0,3203,3,3149,1.5,3437,21.834605560898048,3361,43.669211121796096,3134,44.669211121796096,3296
4426,Richard Dusansky,multiple-field,North America,UTAustin,9,1992,8,2100,206.38313884617608,1769,408.0,1996,28,1363,2,1169,7,1234,15.0,1386,1,1424,9,2003,7.0,1731,140.72889083532598,1863,207.93445559206447,1564,620.8033667761936,1206
4427,Vincent J Geraci,econometrics,North America,UTAustin,1,4388,1,3809,34.0,3449,34.0,3769,1,4577,0,3283,1,2917,0.5,4588,0,3203,1,3860,0.5,4086,17.0,3534,34.0,3345,35.0,3469
4428,Daniel S. Hamermesh,labor,North America,UTAustin,40,151,75,128,873.1466085371918,573,5461.0,315,132,100,12,216,31,175,72.0,95,9,268,78,122,45.5,136,5419.819786569769,416,846.2745351501507,438,10858.568956951958,224
4429,Niles M Hansen,multiple-field,North America,UTAustin,17,948,21,998,214.0233632106551,1731,874.0,1379,53,615,1,1576,1,2917,27.0,674,0,3203,22,972,11.5,1143,110.9929904246068,2045,214.9859808492136,1531,429.9719616984272,1434
4430,F Tomasson Jannuzi,multiple-field,North America,UTAustin,1,4388,0,4385,1.0,4570,1.0,4570,7,3309,0,3283,0,3965,3.5,3382,0,3203,0,4408,0.0,4504,0.5,4572,1.0,4561,2.0,4561
4431,Alfred L Norman,multiple-field,North America,UTAustin,6,2677,2,3404,23.643180835073775,3683,81.0,3257,19,1915,1,1576,2,2431,10.0,1962,1,1424,2,3459,2.0,3174,22.18577439373168,3346,21.37154878746336,3654,42.74309757492672,3336
4432,Dale O Stahl,multiple-field,North America,UTAustin,23,568,38,469,858.805565887879,582,2597.0,628,69,414,0,3283,17,493,34.5,474,0,3203,38,480,21.5,536,429.4027829439395,1168,858.805565887879,433,859.805565887879,1023
4433,Mikhail Anufriev,multiple-field,Oceania,UTS,16,1038,20,1048,223.31815868845055,1693,825.0,1423,38,953,0,3283,2,2431,19.0,1075,0,3203,20,1065,10.5,1239,111.65907934422528,2040,223.31815868845055,1494,224.31815868845055,1949
4434,Michelle Baddeley,multiple-field,Oceania,UTS,17,948,25,816,371.0781588830041,1189,1183.0,1130,50,671,0,3283,0,3965,25.0,750,0,3203,25,834,12.5,1053,185.53907944150205,1640,371.0781588830041,988,372.0781588830041,1540
4435,Christopher Bajada,multiple-field,Oceania,UTS,11,1625,13,1510,275.03999709133217,1482,763.0,1478,39,924,0,3283,0,3965,19.5,1041,0,3203,13,1535,6.5,1818,137.51999854566608,1886,275.03999709133217,1293,276.03999709133217,1801
4436,Benjamin Balzer,micro_theory,Oceania,UTS,3,3600,2,3404,17.916472867168917,3860,31.0,3809,6,3475,0,3283,4,1786,3.0,3545,0,3203,2,3459,2.5,2945,8.958236433584458,3891,17.916472867168917,3767,18.91647286716892,3840
4437,Jason Collins,macro,Oceania,UTS,4,3256,2,3404,54.52522352086234,3065,79.0,3276,4,3855,0,3283,0,3965,2.0,3907,0,3203,2,3459,1.0,3730,27.26261176043117,3199,54.52522352086234,2927,55.52522352086234,3121
4438,Adeline Delavande,multiple-field,Oceania,UTS,18,872,22,952,1157.793591276096,412,2216.0,712,33,1137,2,1169,10,906,17.5,1186,2,1039,22,972,14.5,901,767.2937671770344,930,1157.69719217449,314,3470.0915765234704,496
4439,Corrado Di Guilmi,macro,Oceania,UTS,13,1348,18,1155,279.25615481131297,1457,784.0,1457,43,813,0,3283,0,3965,21.5,923,0,3203,18,1177,9.0,1418,139.62807740565648,1875,279.25615481131297,1272,280.25615481131297,1788
4440,Peter Docherty,macro,Oceania,UTS,5,2944,2,3404,32.18695387886216,3489,72.0,3336,21,1766,0,3283,0,3965,10.5,1890,0,3203,2,3459,1.0,3730,16.09347693943108,3562,32.18695387886216,3382,33.18695387886216,3498
4441,Mario Fiorini,labor,Oceania,UTS,4,3256,3,3094,218.95204954510015,1710,298.0,2272,5,3656,0,3283,1,2917,2.5,3719,0,3203,3,3149,1.5,3437,109.47602477255008,2053,218.95204954510015,1517,219.95204954510015,1963
4442,David Goldbaum,multiple-field,Oceania,UTS,8,2197,4,2824,43.069710934716056,3275,127.0,2964,15,2273,0,3283,0,3965,7.5,2418,0,3203,4,2882,2.0,3174,21.534855467358028,3376,43.069710934716056,3154,44.069710934716056,3308
4443,Isa Hafalir,micro_theory,Oceania,UTS,10,1802,10,1828,272.1121092491108,1492,707.0,1549,20,1840,1,1576,7,1234,10.5,1890,1,1424,10,1859,6.5,1818,213.4111664424674,1533,259.8223328849348,1352,519.6446657698696,1308
4444,Elif Incekara Hafalir,behavior-experiment,Oceania,UTS,3,3600,0,4385,12.083045973594572,4028,24.0,3921,7,3309,0,3283,0,3965,3.5,3382,0,3203,0,4408,0.0,4504,6.041522986797286,4047,12.083045973594572,3953,13.083045973594572,4000
4445,Nathan Kettlewell,multiple-field,Oceania,UTS,8,2197,8,2100,89.6827742657418,2605,229.0,2502,19,1915,0,3283,4,1786,9.5,2035,0,3203,8,2146,5.5,2026,44.8413871328709,2793,89.6827742657418,2447,90.6827742657418,2720
4446,Mengheng Li,econometrics,Oceania,UTS,4,3256,2,3404,20.42057785666214,3781,41.0,3682,10,2874,0,3283,2,2431,5.0,2983,0,3203,2,3459,2.0,3174,10.21028892833107,3815,20.42057785666214,3683,21.42057785666214,3762
4447,Shiko Maruyama,multiple-field,Oceania,UTS,9,1992,8,2100,62.8410693734599,2948,201.0,2611,19,1915,0,3283,5,1568,9.5,2035,0,3203,8,2146,5.0,2147,31.42053468672995,3096,62.8410693734599,2810,63.8410693734599,3019
4448,Luis Pontes De Vasconcelos,micro_theory,Oceania,UTS,7,2425,5,2603,155.8941948887129,2058,239.0,2472,12,2609,1,1576,4,1786,6.5,2616,0,3203,6,2464,4.0,2445,80.93266324205788,2317,156.86532648411577,1868,313.73065296823154,1685
4449,Peter Siminski,labor,Oceania,UTS,16,1038,25,816,146.52303573158727,2119,675.0,1585,36,1023,1,1576,4,1786,18.5,1111,1,1424,25,834,13.0,1007,87.8766080440082,2245,146.7532160880164,1938,293.5064321760328,1742
4450,Robert Slonim,behavior-experiment,Oceania,UTS,25,490,32,583,469.1460327019722,977,2018.0,758,52,637,1,1576,7,1234,26.5,696,1,1424,32,600,16.5,766,490.4630395186168,1105,345.9260790372337,1051,691.8521580744674,1147
4451,Olena Stavrunova,p_finance,Oceania,UTS,9,1992,8,2100,103.85566907973777,2465,290.0,2297,13,2492,0,3283,5,1568,6.5,2616,0,3203,8,2146,4.5,2297,51.92783453986888,2669,103.85566907973777,2291,104.85566907973777,2592
4452,Toru Suzuki,micro_theory,Oceania,UTS,3,3600,0,4385,6.928203230275509,4227,16.0,4062,9,3018,0,3283,2,2431,4.5,3116,0,3203,0,4408,1.0,3730,3.4641016151377544,4243,6.928203230275509,4178,7.928203230275509,4201
4453,Emil Temnyalov,micro_theory,Oceania,UTS,3,3600,1,3809,15.588457268119896,3941,31.0,3809,6,3475,0,3283,1,2917,3.0,3545,0,3203,1,3860,0.5,4086,7.794228634059948,3968,15.588457268119896,3858,16.588457268119896,3915
4454,Kentaro Tomoeda,micro_theory,Oceania,UTS,2,3967,1,3809,16.64331697709324,3901,23.0,3937,6,3475,0,3283,3,2072,3.0,3545,0,3203,1,3860,1.5,3437,8.32165848854662,3931,16.64331697709324,3813,17.64331697709324,3879
4455,John Wooders,micro_theory,Oceania,UTS,16,1038,19,1100,512.1083869651034,904,1419.0,991,35,1061,2,1169,16,541,18.5,1111,2,1039,19,1119,12.0,1098,611.9933644495588,1016,468.8500830030985,791,1403.5502490092956,794
4456,Junji Xiao,i_organization,Oceania,UTS,10,1802,10,1828,137.04378862246912,2181,373.0,2084,23,1634,0,3283,5,1568,11.5,1753,0,3203,10,1859,6.0,1923,68.52189431123456,2439,137.04378862246912,2006,138.04378862246912,2348
4457,Benjamin Young,micro_theory,Oceania,UTS,1,4388,0,4385,2.0,4497,2.0,4502,2,4322,0,3283,0,3965,1.0,4350,0,3203,0,4408,0.0,4504,1.0,4501,2.0,4473,3.0,4474
4458,Jun Zhang,micro_theory,Oceania,UTS,7,2425,6,2423,143.2515270424717,2138,253.0,2416,12,2609,0,3283,6,1392,6.0,2731,0,3203,6,2464,4.5,2297,71.62576352123585,2403,143.2515270424717,1960,144.2515270424717,2312
4459,Leandro Magnusson,multiple-field,Oceania,UWA,8,2197,7,2254,137.12403144598687,2178,255.0,2407,17,2079,1,1576,4,1786,9.0,2114,1,1424,7,2299,4.0,2445,90.59067983087608,2221,136.18135966175217,2013,272.36271932350434,1813
4460,Alison Preston,labor,Oceania,UWA,12,1477,13,1510,103.69667304209908,2468,423.0,1974,43,813,0,3283,0,3965,21.5,923,0,3203,13,1535,6.5,1818,51.848336521049546,2672,103.69667304209908,2296,104.69667304209908,2596
4461,Anu Rammohan,development,Oceania,UWA,26,451,43,396,258.0096897405212,1551,1637.0,885,79,311,0,3283,2,2431,39.5,366,0,3203,43,408,21.5,536,129.0048448702606,1938,258.0096897405212,1364,259.0096897405212,1848
4462,Peter Robertson,multiple-field,Oceania,UWA,12,1477,14,1430,68.60029154456998,2863,298.0,2272,35,1061,0,3283,3,2072,17.5,1186,0,3203,14,1453,8.0,1567,34.30014577228499,3016,68.60029154456998,2718,69.60029154456998,2945
4463,Yanrui Wu,multiple-field,Oceania,UWA,35,216,90,88,655.4097954715049,736,4200.0,414,163,66,0,3283,0,3965,81.5,73,0,3203,90,92,45.0,140,327.70489773575247,1299,655.4097954715049,568,656.4097954715049,1172
4464,Michael Jetter,multiple-field,Oceania,UWA,16,1038,22,952,190.82714691573628,1853,827.0,1421,48,712,0,3283,9,991,24.0,802,0,3203,22,972,13.0,1007,95.41357345786814,2170,190.82714691573628,1659,191.82714691573628,2081
4465,Michael Palmer,development,Oceania,UWA,16,1038,19,1100,339.1504091107661,1287,1005.0,1270,24,1571,0,3283,0,3965,12.0,1681,0,3203,19,1119,9.5,1356,169.57520455538304,1714,339.1504091107661,1081,340.1504091107661,1619
4466,Chistopher Parsons,labor,Oceania,UWA,14,1239,16,1280,528.2007194239704,882,1514.0,943,22,1700,0,3283,4,1786,11.0,1825,0,3203,16,1309,8.0,1567,264.1003597119852,1415,528.2007194239704,710,529.2007194239704,1296
4467,Andrew Williams,political_econ,Oceania,UWA,8,2197,7,2254,219.9318076131781,1706,496.0,1836,12,2609,0,3283,1,2917,6.0,2731,0,3203,7,2299,3.5,2589,109.96590380658908,2050,219.9318076131781,1511,220.9318076131781,1959
4468,Girish Bahal,multiple-field,Oceania,UWA,3,3600,1,3809,53.44155686354955,3081,68.0,3366,9,3018,0,3283,2,2431,4.5,3116,0,3203,1,3860,1.5,3437,26.72077843177477,3212,53.44155686354955,2940,54.44155686354955,3136
4469,Tushar Bharati,multiple-field,Oceania,UWA,5,2944,3,3094,35.77708763999664,3412,76.0,3301,10,2874,0,3283,2,2431,5.0,2983,0,3203,3,3149,2.0,3174,17.88854381999832,3502,35.77708763999664,3306,36.77708763999664,3433
4470,Elisa Birch,labor,Oceania,UWA,7,2425,6,2423,101.73003489628812,2491,225.0,2516,26,1461,0,3283,0,3965,13.0,1571,0,3203,6,2464,3.0,2752,50.86501744814407,2691,101.73003489628812,2321,102.73003489628812,2617
4471,Simon Chang,labor,Oceania,UWA,4,3256,1,3809,22.40535650240808,3725,46.0,3618,8,3159,0,3283,1,2917,4.0,3242,0,3203,1,3860,1.0,3730,11.20267825120404,3764,22.40535650240808,3623,23.40535650240808,3708
4472,Ishita Chatterjee,development,Oceania,UWA,6,2677,4,2824,43.32435804486894,3268,113.0,3048,12,2609,0,3283,0,3965,6.0,2731,0,3203,4,2882,2.0,3174,21.66217902243447,3369,43.32435804486894,3146,44.32435804486894,3303
4473,Shawn Xiaoguang Chen,p_finance,Oceania,UWA,4,3256,2,3404,185.5370582929459,1883,214.0,2556,8,3159,0,3283,1,2917,4.0,3242,0,3203,2,3459,1.0,3730,92.76852914647294,2197,185.5370582929459,1687,186.5370582929459,2109
4474,Paul Crompton,multiple-field,Oceania,UWA,8,2197,8,2100,409.71331440410864,1106,577.0,1711,9,3018,0,3283,0,3965,4.5,3116,0,3203,8,2146,4.0,2445,204.85665720205432,1569,409.71331440410864,896,410.71331440410864,1471
4475,Luciana Fiorini,micro_theory,Oceania,UWA,1,4388,0,4385,5.0990195135927845,4310,6.0,4335,5,3656,0,3283,1,2917,2.5,3719,0,3203,0,4408,0.5,4086,2.549509756796392,4319,5.0990195135927845,4266,6.0990195135927845,4276
4476,Sam Hak Kan Tang,multiple-field,Oceania,UWA,10,1802,10,1828,83.01807032206904,2673,282.0,2317,30,1275,0,3283,0,3965,15.0,1386,0,3203,10,1859,5.0,2147,41.50903516103452,2849,83.01807032206904,2521,84.01807032206904,2779
4477,Pratiti Chatterjee,macro,Oceania,UWA,2,3967,1,3809,15.84297951775486,3933,23.0,3937,6,3475,0,3283,3,2072,3.0,3545,0,3203,1,3860,2.0,3174,7.92148975887743,3961,15.84297951775486,3850,16.84297951775486,3908
4478,Ingebjorg Kristoffersen,labor,Oceania,UWA,5,2944,5,2603,102.99514551666988,2477,208.0,2578,12,2609,0,3283,0,3965,6.0,2731,0,3203,5,2654,2.5,2945,51.49757275833493,2679,102.99514551666988,2305,103.99514551666988,2603
4479,Bei Li,development,Oceania,UWA,3,3600,0,4385,9.273618495495704,4114,18.0,4028,4,3855,0,3283,1,2917,2.0,3907,0,3203,0,4408,0.5,4086,4.636809247747852,4132,9.273618495495704,4056,10.273618495495704,4087
4480,Yanli Lin,econometrics,Oceania,UWA,1,4388,0,4385,2.0,4497,2.0,4502,2,4322,0,3283,0,3965,1.0,4350,0,3203,0,4408,0.0,4504,1.0,4501,2.0,4473,3.0,4474
4481,Curtis Rollins,multiple-field,Oceania,UWA,6,2677,4,2824,133.37541002748594,2212,243.0,2458,14,2384,0,3283,0,3965,7.0,2517,0,3203,4,2882,2.0,3174,66.68770501374297,2459,133.37541002748594,2030,134.37541002748594,2370
4482,Kenneth Clements,multiple-field,Oceania,UWA,18,872,35,527,179.24006248604132,1923,1101.0,1193,119,127,1,1576,7,1234,60.0,154,0,3203,36,514,19.5,610,91.61445195949145,2209,180.2289039189829,1720,360.4578078379658,1563
4483,Michael Mclure,history,Oceania,UWA,5,2944,2,3404,50.23942674832188,3127,130.0,2954,40,899,0,3283,0,3965,20.0,1011,0,3203,2,3459,1.0,3730,25.11971337416094,3252,50.23942674832188,2997,51.23942674832188,3179
4484,Nicolaas Groenewold,multiple-field,Oceania,UWA,20,726,37,484,201.50930499607207,1801,1146.0,1156,77,332,0,3283,0,3965,38.5,391,0,3203,37,494,18.5,651,100.75465249803604,2125,201.50930499607207,1608,202.50930499607207,2038
4485,Rodney Tyers,multiple-field,Oceania,UWA,15,1141,26,777,102.55242561733974,2482,643.0,1631,81,293,0,3283,2,2431,40.5,343,0,3203,26,797,13.0,1007,51.27621280866987,2683,102.55242561733974,2312,103.55242561733974,2607
4486,Riko Stevens,other,Oceania,UWA,0,4667,0,4385,0.0,4667,0.0,4667,2,4322,0,3283,0,3965,1.0,4350,0,3203,0,4408,0.0,4504,0.0,4667,0.0,4669,1.0,4669
4487,Ross Kingwell,multiple-field,Oceania,UWA,23,568,47,332,290.96563370955,1415,1669.0,871,89,252,0,3283,0,3965,44.5,290,0,3203,47,340,23.5,479,145.482816854775,1837,290.96563370955,1222,291.96563370955,1747
4488,Juerg Weber,multiple-field,Oceania,UWA,7,2425,4,2824,29.782545223670866,3540,85.0,3226,14,2384,0,3283,0,3965,7.0,2517,0,3203,4,2882,2.0,3174,14.891272611835433,3602,29.782545223670866,3427,30.782545223670866,3542
4489,David Woodliff,multiple-field,Oceania,UWA,14,1239,16,1280,426.18892524325406,1072,1117.0,1185,30,1275,0,3283,0,3965,15.0,1386,0,3203,16,1309,8.0,1567,213.09446262162703,1536,426.18892524325406,871,427.18892524325406,1442
4490,Eman Abdulla,p_finance,Europe,Warwick,0,4667,0,4385,0.0,4667,0.0,4667,1,4577,0,3283,0,3965,0.5,4588,0,3203,0,4408,0.0,4504,0.0,4667,0.0,4669,1.0,4669
4491,Arun Advani,p_finance,Europe,Warwick,7,2425,6,2423,49.01020301937138,3160,140.0,2897,16,2168,0,3283,3,2072,8.0,2304,0,3203,6,2464,4.0,2445,24.50510150968569,3276,49.01020301937138,3033,50.01020301937138,3203
4492,Manuel Bagues,multiple-field,Europe,Warwick,11,1625,12,1604,266.5839455031004,1514,785.0,1454,15,2273,4,749,8,1097,9.5,2035,4,656,12,1632,8.5,1487,1240.0820443838902,773,178.91998170592174,1729,879.5999085296087,1008
4493,Lory Barile,multiple-field,Europe,Warwick,3,3600,2,3404,28.879058156387305,3556,50.0,3563,15,2273,0,3283,0,3965,7.5,2418,0,3203,2,3459,1.0,3730,14.439529078193653,3618,28.879058156387305,3443,29.879058156387305,3558
4494,Pablo Beker,micro_theory,Europe,Warwick,3,3600,3,3094,24.020824298928627,3676,45.0,3632,5,3656,0,3283,5,1568,2.5,3719,0,3203,3,3149,2.5,2945,12.010412149464312,3719,24.020824298928627,3571,25.020824298928627,3662
4495,Dan Bernhardt,multiple-field,Europe,Warwick,24,528,52,269,426.1138345559787,1073,2333.0,683,99,200,11,246,47,61,55.0,190,7,384,56,241,41.0,161,3659.362436649256,505,375.5984092121083,976,4387.180910545299,427
4496,Sonia Bhalotra,multiple-field,Europe,Warwick,28,386,37,484,511.22010915064754,907,2554.0,640,63,491,2,1169,25,268,32.5,531,2,1039,37,494,23.5,479,735.8503840244465,947,478.6854308661006,774,1433.0562925983018,786
4497,Gianna Boero,multiple-field,Europe,Warwick,11,1625,12,1604,134.79985163196582,2196,415.0,1986,24,1571,0,3283,2,2431,12.0,1681,0,3203,12,1632,6.0,1923,67.39992581598291,2449,134.79985163196582,2017,135.79985163196582,2359
4498,Christine Braun,labor,Europe,Warwick,2,3967,1,3809,23.388031127053,3689,29.0,3841,5,3656,0,3283,1,2917,2.5,3719,0,3203,1,3860,1.0,3730,11.6940155635265,3732,23.388031127053,3588,24.388031127053,3673
4499,Nethan Canen,political_econ,Europe,Warwick,5,2944,2,3404,32.03123475609393,3493,62.0,3427,9,3018,1,1576,4,1786,5.0,2983,1,1424,2,3459,3.0,2752,34.60660171779821,3008,22.213203435596427,3633,44.42640687119285,3300
4500,Jonathan Cave,other,Europe,Warwick,9,1992,9,1961,385.4841112160137,1157,778.0,1464,31,1232,0,3283,0,3965,15.5,1343,0,3203,9,2003,4.5,2297,192.74205560800684,1613,385.4841112160137,949,386.4841112160137,1514
4501,Costas Cavounidis,labor,Europe,Warwick,2,3967,0,4385,7.280109889280518,4204,9.0,4234,2,4322,1,1576,2,2431,1.5,4125,0,3203,1,3860,1.5,3437,8.0,3952,3.0,4407,6.0,4300
4502,Bhaskar Chakravorty,development,Europe,Warwick,3,3600,1,3809,16.09347693943108,3917,25.0,3909,3,4085,0,3283,1,2917,1.5,4125,0,3203,1,3860,1.0,3730,8.04673846971554,3943,16.09347693943108,3832,17.09347693943108,3892
4503,Thomas Chen,i_trade,Europe,Warwick,10,1802,10,1828,261.1781001538988,1534,600.0,1685,13,2492,0,3283,4,1786,6.5,2616,0,3203,10,1859,5.0,2147,130.5890500769494,1928,261.1781001538988,1347,262.1781001538988,1837
4504,Mingli Chen,econometrics,Europe,Warwick,3,3600,2,3404,37.10795063055895,3388,57.0,3471,4,3855,0,3283,1,2917,2.0,3907,0,3203,2,3459,1.0,3730,18.553975315279477,3480,37.10795063055895,3279,38.10795063055895,3413
4505,Daniele Condorelli,micro_theory,Europe,Warwick,7,2425,7,2254,72.84229540589725,2802,194.0,2639,12,2609,2,1169,7,1234,7.0,2517,2,1039,7,2299,5.5,2026,147.33642515713092,1823,61.50630218724736,2837,181.51890656174209,2133
4506,Jose Corpuz,p_finance,Europe,Warwick,1,4388,0,4385,2.0,4497,2.0,4502,1,4577,0,3283,0,3965,0.5,4588,0,3203,0,4408,0.0,4504,1.0,4501,2.0,4473,3.0,4474
4507,Nikhil Datta,labor,Europe,Warwick,1,4388,1,3809,28.0,3587,28.0,3857,1,4577,0,3283,0,3965,0.5,4588,0,3203,1,3860,0.5,4086,14.0,3644,28.0,3476,29.0,3583
4508,Subhasish Dey,multiple-field,Europe,Warwick,4,3256,2,3404,34.36568055487916,3439,57.0,3471,7,3309,0,3283,0,3965,3.5,3382,0,3203,2,3459,1.0,3730,17.18284027743958,3524,34.36568055487916,3331,35.36568055487916,3458
4509,Alexander Dobson,behavior-experiment,Europe,Warwick,1,4388,0,4385,1.0,4570,1.0,4570,1,4577,0,3283,0,3965,0.5,4588,0,3203,0,4408,0.0,4504,0.5,4572,1.0,4561,2.0,4561
4510,Mirko Draca,multiple-field,Europe,Warwick,11,1625,11,1709,872.149069826942,575,1724.0,847,17,2079,5,627,7,1234,11.0,1825,4,656,12,1632,9.0,1418,4648.412232215117,449,204.81241202688085,1580,1204.8744721612852,868
4511,Bhaskar Dutta,micro_theory,Europe,Warwick,28,386,51,279,473.8818418129144,965,2580.0,635,78,323,2,1169,29,197,40.0,354,2,1039,51,289,29.5,320,629.2159539642792,1009,453.7012286899384,816,1358.103686069815,807
4512,Amira Elasra,econometrics,Europe,Warwick,1,4388,0,4385,5.0,4330,5.0,4375,1,4577,0,3283,0,3965,0.5,4588,0,3203,0,4408,0.0,4504,2.5,4337,5.0,4288,6.0,4300
4513,Caroline Elliott,multiple-field,Europe,Warwick,12,1477,15,1353,148.77499789951267,2101,496.0,1836,41,868,0,3283,1,2917,20.5,981,0,3203,15,1379,7.5,1649,74.38749894975633,2377,148.77499789951267,1924,149.77499789951267,2282
4514,Roger Farmer,macro,Europe,Warwick,23,568,37,484,786.2366056092784,620,2642.0,612,62,497,6,525,21,355,34.0,490,5,545,38,480,24.0,461,1200.3499833953429,781,788.2422898309704,475,5482.696028816793,380
4515,James Fenske,history,Europe,Warwick,16,1038,21,998,314.8793419708571,1346,1041.0,1244,35,1061,2,1169,17,493,18.5,1111,2,1039,21,1017,13.0,1007,387.93931290998046,1213,300.17612245114464,1193,897.5283673534339,999
4516,Francesco Ferlenga,political_econ,Europe,Warwick,0,4667,0,4385,0.0,4667,0.0,4667,3,4085,0,3283,2,2431,1.5,4125,0,3203,0,4408,1.0,3730,0.0,4667,0.0,4669,1.0,4669
4517,Thiemo Fetzer,multiple-field,Europe,Warwick,16,1038,18,1155,498.8737315193094,927,1485.0,958,33,1137,2,1169,15,589,17.5,1186,2,1039,18,1177,11.5,1143,587.1094112300171,1029,436.93677701477486,850,1307.8103310443246,831
4518,Ludovica Gazze,p_finance,Europe,Warwick,4,3256,2,3404,29.27456233660889,3552,61.0,3436,12,2609,0,3283,5,1568,6.0,2731,0,3203,2,3459,3.0,2752,14.637281168304447,3611,29.27456233660889,3437,30.27456233660889,3553
4519,Alkis Georgiadis-Harris,micro_theory,Europe,Warwick,1,4388,0,4385,4.0,4388,4.0,4413,1,4577,1,1576,1,2917,1.0,4350,0,3203,1,3860,1.0,3730,4.0,4196,1.0,4561,2.0,4561
4520,Atisha Ghosh,political_econ,Europe,Warwick,1,4388,0,4385,1.4142135623730951,4524,2.0,4502,3,4085,0,3283,1,2917,1.5,4125,0,3203,0,4408,0.5,4086,0.7071067811865476,4528,1.4142135623730951,4502,2.414213562373095,4502
4521,Kobi Glazer,micro_theory,Europe,Warwick,17,948,24,859,280.7632454578056,1447,1140.0,1164,60,517,4,749,30,187,32.0,545,4,656,24,876,19.0,627,1105.9771432982254,819,213.1530540059121,1538,1050.7652700295607,923
4522,Bishnupriya Gupta,history,Europe,Warwick,12,1477,13,1510,323.84409829422555,1317,743.0,1498,30,1275,0,3283,2,2431,15.0,1386,0,3203,13,1535,7.5,1649,161.92204914711277,1750,323.84409829422555,1122,324.84409829422555,1661
4523,Helios Herrera,political_econ,Europe,Warwick,11,1625,11,1709,155.31580730885057,2065,469.0,1890,19,1915,2,1169,11,832,10.5,1890,1,1424,12,1632,9.0,1418,151.90625002547205,1796,151.16098685648336,1907,450.4829605694501,1399
4524,Sinem Hidir,micro_theory,Europe,Warwick,2,3967,1,3809,24.73863375370596,3658,30.0,3824,2,4322,1,1576,2,2431,1.5,4125,0,3203,2,3459,1.5,3437,18.0,3498,25.0,3545,50.0,3204
4525,Clement Imbert,labor,Europe,Warwick,9,1992,8,2100,244.8713948177696,1605,596.0,1690,11,2737,3,924,6,1392,7.0,2517,2,1039,9,2003,6.5,1818,447.472344576015,1149,231.25643473952712,1462,917.0257389581084,987
4526,Nicholas Jackson,other,Europe,Warwick,2,3967,2,3404,38.48376280978771,3360,51.0,3547,3,4085,0,3283,0,3965,1.5,4125,0,3203,2,3459,1.0,3730,19.241881404893856,3451,38.48376280978771,3248,39.48376280978771,3387
4527,Farzad Javidanrad,macro,Europe,Warwick,1,4388,0,4385,3.0,4440,3.0,4453,1,4577,0,3283,0,3965,0.5,4588,0,3203,0,4408,0.0,4504,1.5,4444,3.0,4407,4.0,4412
4528,Subham Kailthya,development,Europe,Warwick,2,3967,1,3809,18.788294228055936,3838,25.0,3909,2,4322,0,3283,0,3965,1.0,4350,0,3203,1,3860,0.5,4086,9.394147114027968,3867,18.788294228055936,3740,19.788294228055936,3819
4529,Alexander Karalis Isaac,history,Europe,Warwick,0,4667,0,4385,0.0,4667,0.0,4667,1,4577,0,3283,0,3965,0.5,4588,0,3203,0,4408,0.0,4504,0.0,4667,0.0,4669,1.0,4669
4531,Ilan Kremer,micro_theory,Europe,Warwick,18,872,24,859,382.2473021487529,1166,1549.0,923,34,1095,10,280,21,355,22.0,892,9,268,25,834,19.5,610,4730.519722153645,446,314.04769362716763,1154,3355.524629898844,507
4532,Amrita Kulka,labor,Europe,Warwick,1,4388,0,4385,1.4142135623730951,4524,2.0,4502,2,4322,0,3283,0,3965,1.0,4350,0,3203,0,4408,0.0,4504,0.7071067811865476,4528,1.4142135623730951,4502,2.414213562373095,4502
4533,Zeynep Kurter,finance,Europe,Warwick,1,4388,0,4385,2.0,4497,2.0,4502,1,4577,0,3283,0,3965,0.5,4588,0,3203,0,4408,0.0,4504,1.0,4501,2.0,4473,3.0,4474
4534,Cecilia Lanata-Briones,history,Europe,Warwick,3,3600,1,3809,15.7797338380595,3939,29.0,3841,8,3159,0,3283,0,3965,4.0,3242,0,3203,1,3860,0.5,4086,7.88986691902975,3966,15.7797338380595,3855,16.7797338380595,3913
4535,Victor Lavy,labor,Europe,Warwick,31,296,40,441,1272.415026632427,365,5138.0,339,61,505,9,329,37,116,35.0,460,9,268,40,448,28.5,340,11903.830078807896,276,755.4073954617545,495,7474.073954617545,302
4536,Minh Tung Le,micro_theory,Europe,Warwick,1,4388,0,4385,1.0,4570,1.0,4570,3,4085,0,3283,2,2431,1.5,4125,0,3203,0,4408,1.0,3730,0.5,4572,1.0,4561,2.0,4561
4537,Ben Lockwood,multiple-field,Europe,Warwick,31,296,60,211,678.7245391173064,711,3535.0,486,85,272,8,386,41,91,46.5,267,6,456,62,201,39.0,182,4429.581811926985,458,602.9571413135571,627,5363.614271822014,387
4538,Andreas Markoulakis,macro,Europe,Warwick,1,4388,0,4385,2.0,4497,2.0,4502,2,4322,0,3283,0,3965,1.0,4350,0,3203,0,4408,0.0,4504,1.0,4501,2.0,4473,3.0,4474
4539,Thomas Martin,development,Europe,Warwick,2,3967,1,3809,30.4138126514911,3522,35.0,3754,2,4322,0,3283,0,3965,1.0,4350,0,3203,1,3860,0.5,4086,15.20690632574555,3587,30.4138126514911,3410,31.4138126514911,3527
4540,Omer Moav,multiple-field,Europe,Warwick,16,1038,18,1155,1105.8128232210006,444,3042.0,550,22,1700,7,445,16,541,14.5,1436,7,384,18,1177,13.0,1007,13888.521663352756,249,273.3400082601185,1304,2138.720066080948,642
4541,Sharun Mukand,political_econ,Europe,Warwick,7,2425,7,2254,181.4882916333723,1909,446.0,1926,16,2168,3,924,8,1097,9.5,2035,3,816,7,2299,6.0,1923,633.3558529352881,1005,127.26584406022435,2079,501.0633762408975,1333
4542,Kenichi Nagasawa,econometrics,Europe,Warwick,2,3967,1,3809,18.110770276274835,3851,20.0,3989,2,4322,1,1576,1,2917,1.5,4125,1,1424,1,3860,1.0,3730,19.0,3462,3.0,4407,6.0,4300
4543,Robin Naylor,labor,Europe,Warwick,25,490,29,665,465.72416729218594,983,2085.0,745,46,750,1,1576,7,1234,23.5,827,1,1424,29,684,15.0,864,311.22423519340185,1333,459.4484703868037,803,918.8969407736072,986
4544,Mahnaz Nazneen,behavior-experiment,Europe,Warwick,1,4388,0,4385,9.0,4129,9.0,4234,1,4577,0,3283,0,3965,0.5,4588,0,3203,0,4408,0.0,4504,4.5,4147,9.0,4072,10.0,4105
4545,Eleanya Nduka,development,Europe,Warwick,4,3256,3,3094,72.3118247591637,2809,137.0,2918,9,3018,0,3283,0,3965,4.5,3116,0,3203,3,3149,1.5,3437,36.15591237958185,2969,72.3118247591637,2666,73.3118247591637,2898
4546,Dennis Novy,multiple-field,Europe,Warwick,16,1038,19,1100,530.3677969107853,880,1640.0,883,25,1518,1,1576,8,1097,13.0,1571,1,1424,19,1119,10.5,1239,377.4226189790669,1226,517.8452379581338,720,1035.6904759162676,929
4547,Samuel Obeng,multiple-field,Europe,Warwick,4,3256,2,3404,43.49712634186309,3263,78.0,3285,7,3309,0,3283,0,3965,3.5,3382,0,3203,2,3459,1.0,3730,21.748563170931547,3365,43.49712634186309,3138,44.49712634186309,3298
4548,Andrew Oswald,labor,Europe,Warwick,50,78,87,100,3701.5974929751615,94,17190.0,64,116,139,3,924,36,128,59.5,158,3,816,87,101,46.5,131,5312.622403809881,418,3541.267796535474,68,14157.071186141897,178
4549,Roberto Pancrazi,multiple-field,Europe,Warwick,6,2677,4,2824,278.9802860418636,1461,360.0,2113,12,2609,1,1576,3,2072,6.5,2616,1,1424,4,2882,3.5,2589,293.59066002303706,1369,34.18132004607411,3337,68.36264009214823,2959
4550,Carlo Perroni,multiple-field,Europe,Warwick,12,1477,14,1430,149.7397742752406,2097,580.0,1708,43,813,2,1169,13,700,22.5,866,2,1039,14,1453,12.0,1098,199.0553565963432,1586,144.6744546160945,1951,431.0233638482834,1433
4551,Motty Perry,micro_theory,Europe,Warwick,16,1038,20,1048,385.5800824731485,1155,1304.0,1055,27,1408,8,386,22,327,17.5,1186,8,320,20,1065,15.5,820,4949.011761722776,436,269.243181729208,1321,2360.188635562872,608
4552,Kirill Pogorelskiy,multiple-field,Europe,Warwick,5,2944,4,2824,26.60826939130014,3614,58.0,3462,5,3656,0,3283,2,2431,2.5,3719,0,3203,4,2882,2.0,3174,13.30413469565007,3669,26.60826939130014,3503,27.60826939130014,3608
4553,Herakles Polemarchakis,micro_theory,Europe,Warwick,17,948,28,696,238.23937541892607,1636,904.0,1353,80,301,12,216,35,139,46.0,276,7,384,33,579,31.5,281,2116.9784630161294,620,237.51053190483145,1441,2944.636914762809,547
4555,Michela Redoano,political_econ,Europe,Warwick,9,1992,9,1961,446.76280060005,1024,851.0,1400,10,2874,0,3283,5,1568,5.0,2983,0,3203,9,2003,4.5,2297,223.38140030002495,1505,446.76280060005,833,447.76280060005,1404
4556,Claudia Rei,history,Europe,Warwick,4,3256,3,3094,28.548204847240395,3567,55.0,3490,8,3159,0,3283,0,3965,4.0,3242,0,3203,3,3149,1.5,3437,14.274102423620198,3629,28.548204847240395,3457,29.548204847240395,3569
4557,Eric Renault,econometrics,Europe,Warwick,29,352,42,412,1171.166512499397,409,4177.0,417,77,332,4,749,35,139,40.5,343,4,656,42,422,30.0,313,2036.090073691019,634,1145.545881688511,318,5712.729408442555,365
4558,Giovanni Ricco,macro,Europe,Warwick,8,2197,8,2100,213.5954119357436,1734,399.0,2019,11,2737,0,3283,6,1392,5.5,2853,0,3203,8,2146,4.0,2445,106.7977059678718,2072,213.5954119357436,1536,214.5954119357436,1983
4559,Matthew Ridley,development,Europe,Warwick,1,4388,1,3809,640.0,750,640.0,1634,1,4577,0,3283,0,3965,0.5,4588,0,3203,1,3860,0.5,4086,320.0,1317,640.0,589,641.0,1189
4560,Federico Rossi,development,Europe,Warwick,4,3256,3,3094,34.85685011586675,3427,65.0,3397,6,3475,2,1169,3,2072,4.0,3242,1,1424,4,2882,3.0,2752,65.71162332380054,2473,28.92582403567252,3442,83.77747210701756,2783
4561,Devesh Rustagi,behavior-experiment,Europe,Warwick,3,3600,2,3404,402.9019731895092,1120,496.0,1836,4,3855,2,1169,3,2072,3.0,3545,1,1424,3,3149,3.0,2752,322.37979310229287,1313,393.0460330958492,929,1176.1380992875477,878
4562,Ernil Sabaj,macro,Europe,Warwick,0,4667,0,4385,0.0,4667,0.0,4667,3,4085,0,3283,0,3965,1.5,4125,0,3203,0,4408,0.0,4504,0.0,4667,0.0,4669,1.0,4669
4563,Marta Santamaria,i_trade,Europe,Warwick,1,4388,1,3809,17.0,3891,17.0,4044,1,4577,0,3283,0,3965,0.5,4588,0,3203,1,3860,0.5,4086,8.5,3921,17.0,3801,18.0,3868
4564,Daniel Sgroi,behavior-experiment,Europe,Warwick,11,1625,11,1709,610.8404046884914,781,908.0,1347,28,1363,0,3283,7,1234,14.0,1485,0,3203,11,1737,6.0,1923,305.4202023442457,1341,610.8404046884914,615,611.8404046884914,1215
4565,Jennifer Smith,labor,Europe,Warwick,8,2197,8,2100,89.99444427296609,2602,211.0,2568,9,3018,0,3283,3,2072,4.5,3116,0,3203,8,2146,4.0,2445,44.997222136483046,2790,89.99444427296609,2444,90.99444427296608,2716
4566,Christian Soegaard,i_trade,Europe,Warwick,2,3967,0,4385,6.324555320336759,4256,8.0,4272,5,3656,0,3283,0,3965,2.5,3719,0,3203,0,4408,0.0,4504,3.1622776601683795,4269,6.324555320336759,4207,7.324555320336759,4227
4567,Sara Spaziani,labor,Europe,Warwick,1,4388,1,3809,11.04536101718726,4064,12.0,4154,2,4322,0,3283,0,3965,1.0,4350,0,3203,1,3860,0.5,4086,5.522680508593631,4081,11.04536101718726,3996,12.04536101718726,4036
4568,Francesco Squintani,micro_theory,Europe,Warwick,18,872,22,952,302.2515508645076,1381,1062.0,1235,29,1320,7,445,16,541,18.0,1148,7,384,22,972,16.0,788,2150.878751839861,618,278.2839840462389,1278,2178.2718723699118,632
4569,Mateusz Stalinski,political_econ,Europe,Warwick,1,4388,0,4385,3.1622776601683795,4423,4.0,4413,2,4322,0,3283,2,2431,1.0,4350,0,3203,0,4408,1.0,3730,1.5811388300841898,4427,3.1622776601683795,4383,4.16227766016838,4392
4570,Andreas Stegmann,political_econ,Europe,Warwick,4,3256,4,2824,70.33491309442275,2836,119.0,3011,5,3656,1,1576,5,1568,3.0,3545,1,1424,4,2882,3.0,2752,77.27792283095322,2355,43.55584566190642,3137,87.11169132381285,2753
4571,Anant Sudarshan,development,Europe,Warwick,10,1802,11,1709,315.84806473999487,1342,748.0,1492,23,1634,4,749,4,1786,13.5,1526,3,816,12,1632,8.0,1567,735.0089779922057,948,177.23971830963015,1735,871.1985915481507,1015
4572,Damiano Turchet,micro_theory,Europe,Warwick,1,4388,0,4385,1.0,4570,1.0,4570,2,4322,0,3283,0,3965,1.0,4350,0,3203,0,4408,0.0,4504,0.5,4572,1.0,4561,2.0,4561
4573,Thijs Van Rens,multiple-field,Europe,Warwick,9,1992,9,1961,184.6456065006693,1890,462.0,1901,17,2079,0,3283,8,1097,8.5,2203,0,3203,9,2003,5.5,2026,92.32280325033464,2203,184.6456065006693,1692,185.6456065006693,2116
4574,Marija Vukotic,macro,Europe,Warwick,4,3256,2,3404,24.73863375370596,3658,48.0,3588,6,3475,0,3283,1,2917,3.0,3545,0,3203,2,3459,1.0,3730,12.36931687685298,3705,24.73863375370596,3551,25.73863375370596,3647
4575,Ao Wang,i_organization,Europe,Warwick,1,4388,0,4385,3.0,4440,3.0,4453,3,4085,0,3283,1,2917,1.5,4125,0,3203,0,4408,0.5,4086,1.5,4444,3.0,4407,4.0,4412
4576,Natalia Zinovyeva,labor,Europe,Warwick,8,2197,8,2100,247.07691110259572,1591,609.0,1673,10,2874,1,1576,1,2917,5.5,2853,1,1424,8,2146,4.5,2297,246.2950149806122,1451,199.5900299612244,1615,399.1800599224488,1493
4577,Philip Brock,multiple-field,North America,Washington,7,2425,6,2423,204.6167148597592,1779,384.0,2058,11,2737,0,3283,2,2431,5.5,2853,0,3203,6,2464,3.5,2589,102.3083574298796,2108,204.6167148597592,1581,205.6167148597592,2021
4578,Jackson Bunting,econometrics,North America,Washington,1,4388,0,4385,5.0,4330,5.0,4375,2,4322,1,1576,2,2431,1.5,4125,0,3203,1,3860,1.5,3437,5.000000000000001,4109,1.0,4561,2.0,4561
4579,Yu-Chin Chen,i_finance,North America,Washington,6,2677,5,2603,547.8257022082845,860,915.0,1343,11,2737,1,1576,3,2072,6.0,2731,1,1424,5,2654,3.0,2752,592.961106909243,1022,360.92221381848606,1009,721.8444276369721,1124
4580,Theo S. Eicher,multiple-field,North America,Washington,21,669,32,583,353.61136859552465,1231,1543.0,928,44,790,1,1576,11,832,22.5,866,1,1424,32,600,17.0,742,271.2904309168123,1405,339.5808618336246,1079,679.1617236672492,1159
4581,Yanqin Fan,econometrics,North America,Washington,27,420,44,375,656.3489925336977,733,3050.0,549,71,395,4,749,23,303,37.5,409,4,656,44,387,28.5,340,1935.924198893936,651,560.4054277233464,668,2787.027138616732,560
4582,Fabio Ghironi,macro,North America,Washington,16,1038,20,1048,496.99496979345776,932,1384.0,1009,32,1187,3,924,7,1234,17.5,1186,3,816,20,1065,12.0,1098,1732.572168069389,682,209.1431541429402,1557,828.5726165717608,1046
4583,Brian Greaney,development,North America,Washington,1,4388,1,3809,30.0,3535,30.0,3824,2,4322,1,1576,1,2917,1.5,4125,1,1424,1,3860,1.0,3730,30.0,3130,1.0,4561,2.0,4561
4584,Alan Griffith,multiple-field,North America,Washington,3,3600,1,3809,11.74734012447073,4043,22.0,3954,6,3475,0,3283,3,2072,3.0,3545,0,3203,1,3860,1.5,3437,5.873670062235365,4061,11.74734012447073,3970,12.74734012447073,4014
4585,Rachel Heath,labor,North America,Washington,10,1802,11,1709,275.6755339162328,1476,731.0,1520,15,2273,1,1576,10,906,8.0,2304,1,1424,11,1737,7.5,1649,180.988970140964,1660,272.977940281928,1306,545.955880563856,1287
4586,Jason Kerwin,multiple-field,North America,Washington,6,2677,3,3094,40.27406113120453,3330,98.0,3139,11,2737,1,1576,5,1568,6.0,2731,1,1424,3,3149,3.0,2752,31.22238278674109,3103,39.44476557348217,3230,78.88953114696434,2837
4587,Fahad Khalil,micro_theory,North America,Washington,12,1477,12,1604,214.48776188864483,1727,645.0,1628,20,1840,0,3283,15,589,10.0,1962,0,3203,12,1632,8.0,1567,107.2438809443224,2067,214.48776188864483,1532,215.48776188864483,1979
4588,Chang-Jin Kim,multiple-field,North America,Washington,22,617,34,548,1073.9404080301665,460,3158.0,531,50,671,0,3283,24,285,25.0,750,0,3203,34,558,19.5,610,536.9702040150831,1055,1073.9404080301665,342,1074.9404080301665,914
4589,Melissa Knox,p_finance,North America,Washington,7,2425,5,2603,40.162171256046406,3331,121.0,2994,18,1994,0,3283,0,3965,9.0,2114,0,3203,5,2654,2.5,2945,20.081085628023203,3421,40.162171256046406,3215,41.162171256046406,3359
4590,Jacques Lawarrée,multiple-field,North America,Washington,14,1239,17,1215,436.16854540418205,1050,1389.0,1007,36,1023,0,3283,11,832,18.0,1148,0,3203,17,1241,11.0,1189,218.08427270209103,1521,436.16854540418205,851,437.16854540418205,1425
4591,Yuya Takahashi,multiple-field,North America,Washington,3,3600,3,3094,43.81780460041329,3255,76.0,3301,5,3656,1,1576,4,1786,3.0,3545,1,1424,3,3149,3.0,2752,44.2554339267374,2809,35.51086785347479,3311,71.02173570694958,2930
4592,Xu Tan,micro_theory,North America,Washington,7,2425,5,2603,242.88268773216424,1614,374.0,2080,13,2492,1,1576,8,1097,7.0,2517,1,1424,5,2654,4.5,2297,267.2892111311998,1410,69.57842226239971,2705,139.15684452479942,2338
4593,Stephen Turnovsky,macro,North America,Washington,40,151,118,53,554.3112843881134,843,5017.0,347,223,31,6,525,56,36,114.5,31,4,656,120,53,69.5,46,962.8798379841168,861,557.094365785026,673,3864.660560495182,463
4594,Quan Wen,micro_theory,North America,Washington,10,1802,11,1709,86.85044617041412,2636,345.0,2151,43,813,1,1576,11,832,22.0,892,1,1424,11,1737,10.0,1294,73.16839553678986,2390,81.33679107357973,2542,162.67358214715946,2224
4595,Kar-Yiu Wong,i_trade,North America,Washington,14,1239,21,998,125.1878588362306,2271,526.0,1779,48,712,0,3283,4,1786,24.0,802,0,3203,21,1017,11.0,1189,62.5939294181153,2512,125.1878588362306,2093,126.1878588362306,2430
4596,Eric Zivot,econometrics,North America,Washington,21,669,27,733,4178.83799638129,75,7229.0,223,35,1061,1,1576,12,763,18.0,1148,1,1424,27,755,14.5,901,2173.986716089885,613,4178.97343217977,47,8357.94686435954,282
4597,Robert Halvorsen,multiple-field,North America,Washington,8,2197,8,2100,395.67284465831113,1132,761.0,1481,20,1840,1,1576,4,1786,10.5,1890,1,1424,8,2146,4.5,2297,231.1046676261118,1486,395.2093352522236,922,790.4186705044472,1073
4598,Richard Hartman,micro_theory,North America,Washington,7,2425,6,2423,667.5013108601361,724,1072.0,1223,12,2609,3,924,5,1568,7.5,2418,1,1424,8,2146,6.0,1923,392.1707046313074,1208,670.2877939839751,558,2673.1511759359005,570
4599,Levis Kochin,multiple-field,North America,Washington,7,2425,6,2423,55.27205442174191,3049,145.0,2861,9,3018,0,3283,1,2917,4.5,3116,0,3203,6,2464,3.0,2752,27.63602721087096,3187,55.27205442174191,2913,56.27205442174191,3107
4600,Shelly Lundberg,labor,North America,Washington,25,490,33,565,1230.535249393531,384,4301.0,405,45,770,2,1169,12,763,23.5,827,1,1424,34,558,18.5,651,1049.2436667762668,834,1178.068450388837,310,3531.205351166511,491
4601,Charles Nelson,multiple-field,North America,Washington,28,386,44,375,3374.521743892014,106,8065.0,195,51,654,1,1576,29,197,26.0,718,1,1424,44,387,23.5,479,1915.268620868339,658,3367.537241736678,71,6735.074483473356,320
4602,Richard W. Parks,multiple-field,North America,Washington,8,2197,7,2254,714.6194791635616,673,875.0,1375,13,2492,0,3283,3,2072,6.5,2616,0,3203,7,2299,4.0,2445,357.3097395817808,1252,714.6194791635616,521,715.6194791635616,1126
4603,Elaina Rose,labor,North America,Washington,11,1625,11,1709,506.0118575685752,913,1318.0,1050,12,2609,0,3283,4,1786,6.0,2731,0,3203,11,1737,5.5,2026,253.0059287842876,1433,506.0118575685752,739,507.0118575685752,1324
4604,Eugene Silberberg,multiple-field,North America,Washington,6,2677,4,2824,163.00613485387598,2018,321.0,2212,14,2384,1,1576,4,1786,7.5,2418,0,3203,5,2654,3.0,2752,81.50306742693799,2311,164.00613485387598,1821,328.01226970775195,1651
4605,Richard Startz,multiple-field,North America,Washington,19,797,26,777,698.0916845228855,693,2080.0,746,55,582,1,1576,21,355,28.0,646,1,1424,26,797,17.0,742,427.688260545407,1171,694.376521090814,542,1388.753042181628,801
4606,Judith Thornton,history,North America,Washington,3,3600,0,4385,8.18535277187245,4165,17.0,4044,7,3309,0,3283,0,3965,3.5,3382,0,3203,0,4408,0.0,4504,4.092676385936225,4182,8.18535277187245,4108,9.18535277187245,4141
4607,Gardner Brown,multiple-field,North America,Washington,16,1038,20,1048,383.7460097512416,1162,1403.0,998,43,813,1,1576,3,2072,22.0,892,0,3203,21,1017,11.0,1189,191.8730048756208,1620,384.7460097512416,955,769.4920195024831,1084
4608,Neil Bruce,p_finance,North America,Washington,10,1802,10,1828,198.22462006521792,1814,471.0,1885,16,2168,2,1169,8,1097,9.0,2114,2,1039,10,1859,6.5,1818,332.4352239824191,1294,147.4750837772572,1931,439.4252513317716,1419
4609,James A. Crutchfield,p_finance,North America,Washington,1,4388,1,3809,25.0,3651,25.0,3909,2,4322,0,3283,0,3965,1.0,4350,0,3203,1,3860,0.5,4086,12.5,3700,25.0,3545,26.0,3642
4610,Greg Ellis,micro_theory,North America,Washington,4,3256,4,2824,49.29503017546495,3152,94.0,3169,4,3855,1,1576,1,2917,2.5,3719,1,1424,4,2882,2.5,2945,51.84656829757475,2673,36.6931365951495,3286,73.386273190299,2895
4611,Michael Hadjimichalakis,macro,North America,Washington,3,3600,1,3809,21.817424229271428,3742,30.0,3824,7,3309,2,1169,2,2431,4.5,3116,1,1424,2,3459,2.0,3174,48.075040362003385,2739,5.16227766016838,4259,12.48683298050514,4020
4612,Feng-Hwa Mah,multiple-field,North America,Washington,4,3256,1,3809,16.61324772583615,3903,32.0,3798,5,3656,0,3283,0,3965,2.5,3719,0,3203,1,3860,0.5,4086,8.306623862918075,3933,16.61324772583615,3815,17.61324772583615,3881
4613,Morris D. Morris,history,North America,Washington,9,1992,9,1961,121.33836985883732,2313,317.0,2228,16,2168,0,3283,0,3965,8.0,2304,0,3203,9,2003,4.5,2297,60.669184929418655,2547,121.33836985883732,2132,122.33836985883732,2464
4614,Douglass C. North,history,North America,Washington,30,323,40,441,5669.954673540168,41,16638.0,68,72,385,2,1169,5,1568,37.0,418,2,1039,40,448,21.5,536,5154.050597568989,427,5311.184965698596,24,15930.554897095788,155
4615,Miguel Acosta,macro,North America,WISC,2,3967,0,4385,6.4031242374328485,4247,9.0,4234,2,4322,0,3283,0,3965,1.0,4350,0,3203,0,4408,0.0,4504,3.2015621187164243,4260,6.4031242374328485,4198,7.403124237432848,4218
4616,Naoki Aizawa,multiple-field,North America,WISC,3,3600,3,3094,31.85906464414798,3497,53.0,3520,7,3309,4,749,5,1568,5.5,2853,2,1039,5,2654,5.0,2147,88.25599406673707,2238,14.04987562112089,3900,55.24937810560445,3127
4617,Simeon Alder,multiple-field,North America,WISC,2,3967,0,4385,12.727922061357855,4013,18.0,4028,3,4085,1,1576,1,2917,2.0,3907,0,3203,1,3860,1.0,3730,13.5,3662,10.0,4036,20.0,3814
4618,Panle Barwick,multiple-field,North America,WISC,14,1239,15,1353,446.5489894737195,1026,1234.0,1098,21,1766,9,329,11,832,15.0,1386,7,384,17,1241,13.5,969,4613.637205758048,451,225.395471301966,1489,2173.95471301966,633
4619,Job Boerma,labor,North America,WISC,3,3600,2,3404,20.248456731316587,3787,36.0,3736,4,3855,2,1169,2,2431,3.0,3545,1,1424,3,3149,2.5,2945,34.681263173640176,3007,15.45362404707371,3861,43.36087214122113,3326
4620,Carter Braxton,labor,North America,WISC,2,3967,1,3809,40.11234224026316,3333,43.0,3658,4,3855,3,924,3,2072,3.5,3382,1,1424,3,3149,3.0,2752,64.90890230020666,2485,3.0,4407,4.0,4412
4621,Stella Chan,i_finance,North America,WISC,1,4388,0,4385,5.0,4330,5.0,4375,2,4322,0,3283,0,3965,1.0,4350,0,3203,0,4408,0.0,4504,2.5,4337,5.0,4288,6.0,4300
4622,Harold Chiang,econometrics,North America,WISC,4,3256,3,3094,45.28796749689701,3216,83.0,3240,10,2874,0,3283,5,1568,5.0,2983,0,3203,3,3149,2.5,2945,22.643983748448505,3329,45.28796749689701,3089,46.28796749689701,3261
4623,Menzie Chinn,i_finance,North America,WISC,38,176,69,158,2007.0650213682663,210,7392.0,215,118,132,0,3283,6,1392,59.0,163,0,3203,69,166,35.0,228,1003.5325106841332,852,2007.0650213682663,138,2008.0650213682663,663
4624,Dean Corbae,multiple-field,North America,WISC,17,948,23,906,308.162294903189,1361,1062.0,1235,38,953,9,329,19,415,23.5,827,8,320,24,876,18.5,651,4138.697394712775,476,142.68619973654722,1969,1346.8619973654722,813
4625,Louphou Coulibaly,i_finance,North America,WISC,2,3967,1,3809,12.16552506059644,4024,14.0,4102,3,4085,0,3283,2,2431,1.5,4125,0,3203,1,3860,1.5,3437,6.082762530298219,4042,12.16552506059644,3949,13.16552506059644,3996
4626,Lydia Cox,macro,North America,WISC,1,4388,0,4385,8.0,4180,8.0,4272,1,4577,1,1576,1,2917,1.0,4350,0,3203,1,3860,1.0,3730,8.000000000000002,3946,1.0,4561,2.0,4561
4627,Raymond Deneckere,micro_theory,North America,WISC,21,669,22,952,427.4353752323268,1067,1677.0,869,30,1275,9,329,17,493,19.5,1041,8,320,23,925,17.0,742,3968.406148451838,487,379.1783354006552,970,3711.783354006552,476
4628,Gwen Eudey,macro,North America,WISC,1,4388,1,3809,20.0,3796,20.0,3989,1,4577,0,3283,0,3965,0.5,4588,0,3203,1,3860,0.5,4086,10.0,3830,20.0,3699,21.0,3778
4629,Chao Fu,labor,North America,WISC,9,1992,9,1961,99.55902771722914,2508,278.0,2332,13,2492,6,525,10,906,9.5,2035,6,456,9,2003,9.0,1418,1151.4099525842116,796,41.02855977627399,3196,252.1999184339179,1865
4630,Rebecca Glawtschew,labor,North America,WISC,0,4667,0,4385,0.0,4667,0.0,4667,1,4577,0,3283,0,3965,0.5,4588,0,3203,0,4408,0.0,4504,0.0,4667,0.0,4669,1.0,4669
4631,Jesse Gregory,labor,North America,WISC,6,2677,6,2423,394.32854322252655,1138,577.0,1711,7,3309,3,924,3,2072,5.0,2983,3,816,6,2464,4.5,2297,876.1345561800323,890,103.72735477515528,2295,406.9094191006212,1479
4632,Agustin Gutierrez,finance,North America,WISC,0,4667,0,4385,0.0,4667,0.0,4667,1,4577,0,3283,0,3965,0.5,4588,0,3203,0,4408,0.0,4504,0.0,4667,0.0,4669,1.0,4669
4633,Bruce Hansen,econometrics,North America,WISC,40,151,55,243,6202.8307247578505,35,21811.0,38,74,360,9,329,34,148,41.5,325,8,320,56,241,33.5,251,44986.878457079896,103,4610.597983309711,34,46025.97983309711,64
4634,Korinna Hansen,p_finance,North America,WISC,1,4388,1,3809,17.0,3891,17.0,4044,1,4577,0,3283,1,2917,0.5,4588,0,3203,1,3860,0.5,4086,8.5,3921,17.0,3801,18.0,3868
4635,Kenneth Hendricks,i_organization,North America,WISC,14,1239,14,1430,241.5367466867102,1620,800.0,1435,21,1766,5,627,8,1097,13.0,1571,5,545,14,1453,10.0,1294,2173.624528254072,614,134.23621783385647,2020,781.4173070031388,1077
4636,Jean-Francois Houde,i_organization,North America,WISC,10,1802,10,1828,210.6561178793533,1746,596.0,1690,19,1915,6,525,11,832,12.5,1623,4,656,12,1632,10.0,1294,1335.092190206554,749,125.17214439624723,2094,841.2050107737307,1033
4637,David Johnson,other,North America,WISC,1,4388,0,4385,1.0,4570,1.0,4570,1,4577,0,3283,0,3965,0.5,4588,0,3203,0,4408,0.0,4504,0.5,4572,1.0,4561,2.0,4561
4638,Karam Kang,i_organization,North America,WISC,4,3256,4,2824,113.72774507568502,2373,176.0,2724,5,3656,4,749,4,1786,4.5,3116,3,816,5,2654,4.5,2297,498.7660431650429,1093,17.0,3801,70.0,2939
4639,John Kennan,multiple-field,North America,WISC,15,1141,18,1155,484.3645321449538,949,1281.0,1071,26,1461,4,749,8,1097,15.0,1386,4,656,18,1177,11.5,1143,1554.3600114265378,708,247.2159534241124,1400,1221.079767120562,859
4640,Rishabh Kirpalani,macro,North America,WISC,4,3256,3,3094,44.85532298401161,3227,80.0,3267,6,3475,3,924,3,2072,4.5,3116,2,1039,4,2882,3.5,2589,147.31714690148775,1824,24.40093455903269,3558,89.60373823613078,2731
4641,Rasmus Lentz,labor,North America,WISC,9,1992,9,1961,207.5427666771357,1760,512.0,1808,12,2609,3,924,7,1234,7.5,2418,2,1039,10,1859,6.5,1818,580.1429168584779,1032,132.0620006043607,2039,520.2480024174428,1305
4642,Lorenzo Magnolfi,i_organization,North America,WISC,3,3600,2,3404,21.61018278497431,3746,39.0,3705,7,3309,1,1576,2,2431,4.0,3242,1,1424,2,3459,2.0,3174,22.778174593052025,3325,16.556349186104043,3816,33.11269837220809,3502
4643,Christopher Mckelvey,development,North America,WISC,4,3256,4,2824,102.1665307231287,2488,186.0,2671,4,3855,0,3283,1,2917,2.0,3907,0,3203,4,2882,2.0,3174,51.08326536156435,2688,102.1665307231287,2317,103.1665307231287,2613
4644,Corina Mommaerts,multiple-field,North America,WISC,7,2425,7,2254,61.61168720299745,2970,162.0,2789,11,2737,2,1169,5,1568,6.5,2616,2,1039,7,2299,5.0,2147,106.67530083968478,2073,55.58171329847526,2909,163.74513989542578,2218
4645,Martin O'Connell,multiple-field,North America,WISC,16,1038,19,1100,216.47863635934144,1719,735.0,1515,20,1840,2,1169,8,1097,11.0,1825,2,1039,19,1119,10.5,1239,350.35231664211017,1259,199.21308273033003,1618,594.6392481909901,1235
4646,Jack Porter,econometrics,North America,WISC,9,1992,9,1961,261.1187469332679,1535,673.0,1589,15,2273,5,627,11,832,10.0,1962,5,545,9,2003,8.5,1487,2508.6096979298063,584,80.47184905645283,2553,458.831094338717,1385
4647,Daniel Quint,multiple-field,North America,WISC,8,2197,6,2423,70.19259220174163,2841,179.0,2710,16,2168,2,1169,8,1097,9.0,2114,1,1424,7,2299,6.5,1818,93.99261905709731,2184,41.52214569073901,3191,121.56643707221704,2473
4648,Fernanda Rojas-Ampuero,labor,North America,WISC,0,4667,0,4385,0.0,4667,0.0,4667,2,4322,0,3283,1,2917,1.0,4350,0,3203,0,4408,0.5,4086,0.0,4667,0.0,4669,1.0,4669
4649,Marzena Rostek,micro_theory,North America,WISC,9,1992,9,1961,223.64704335179573,1691,526.0,1779,16,2168,8,386,12,763,12.0,1681,7,384,10,1859,10.5,1239,2813.994888828446,559,50.61455150532503,2991,392.5309635479253,1502
4650,Kim Ruhl,i_trade,North America,WISC,13,1348,19,1100,241.9400752252508,1619,837.0,1412,24,1571,6,525,9,991,15.0,1386,5,545,20,1065,13.5,969,1524.9705999695448,710,176.2292571798397,1741,1198.6048002588775,870
4651,Laura Schechter,multiple-field,North America,WISC,17,948,19,1100,578.2568633401596,819,1837.0,817,26,1461,3,924,10,906,14.5,1436,3,816,19,1119,12.0,1098,1034.2462186689795,838,502.991999935999,742,2003.967999743996,664
4652,Ananth Seshadri,multiple-field,North America,WISC,15,1141,16,1280,594.0951102306768,806,1553.0,919,21,1766,10,280,15,589,15.5,1343,9,268,17,1241,15.0,864,10655.861473277007,295,103.43982020530648,2300,1038.8380222583712,926
4653,Xiaoxia Shi,econometrics,North America,WISC,12,1477,15,1353,185.42383881259715,1885,518.0,1793,21,1766,5,627,11,832,13.0,1571,4,656,16,1309,12.0,1098,826.0771425722161,911,96.19210492142398,2384,553.1526295285439,1275
4654,Jeffrey Smith,labor,North America,WISC,26,451,35,527,2945.546638571523,128,8003.0,196,54,596,8,386,23,303,31.0,565,8,320,35,538,23.0,493,16166.754803483096,224,2594.5616172826813,97,23288.05455554413,112
4655,Lones Smith,micro_theory,North America,WISC,16,1038,19,1100,576.7824546568663,822,1488.0,954,34,1095,15,142,19,415,24.5,776,10,231,24,876,20.0,589,10310.699520586722,298,140.32757078951144,1983,2021.241132632183,659
4656,Alan Sorensen,i_organization,North America,WISC,12,1477,13,1510,730.3252699996078,661,1963.0,773,17,2079,4,749,10,906,10.5,1890,4,656,13,1535,9.5,1356,2081.2610195422085,628,670.4502982218554,556,3337.251491109277,508
4657,Ashley Swanson,multiple-field,North America,WISC,10,1802,10,1828,167.3349933516597,1992,441.0,1937,15,2273,3,924,7,1234,9.0,2114,2,1039,11,1737,8.0,1567,210.1772191779133,1547,165.30526793668776,1813,653.221071746751,1176
4658,Christopher Taber,labor,North America,WISC,21,669,23,906,2275.3889777354552,172,4479.0,390,31,1232,12,216,19,415,21.5,923,11,201,24,876,19.0,627,17531.858351523537,209,639.4137390908809,590,8169.378608181451,283
4659,Steve Trost,behavior-experiment,North America,WISC,0,4667,0,4385,0.0,4667,0.0,4667,1,4577,0,3283,0,3965,0.5,4588,0,3203,0,4408,0.0,4504,0.0,4667,0.0,4669,1.0,4669
4660,Marek Weretka,micro_theory,North America,WISC,7,2425,6,2423,188.77764698183947,1865,347.0,2142,13,2492,3,924,7,1234,8.0,2304,3,816,6,2464,5.5,2026,649.9889566361635,996,49.4327470649756,3022,189.7309882599024,2092
4661,Kenneth West,multiple-field,North America,WISC,29,352,43,396,2849.6112015501344,132,7832.0,201,72,385,6,525,38,108,39.0,379,6,456,43,408,33.0,258,13854.393918047075,251,1704.2408545315354,182,11894.685981720748,204
4662,Alice Wu,labor,North America,WISC,1,4388,1,3809,45.0,3225,45.0,3632,1,4577,0,3283,1,2917,0.5,4588,0,3203,1,3860,0.5,4086,22.5,3334,45.0,3096,46.0,3267
4663,Kohei Yata,econometrics,North America,WISC,2,3967,2,3404,28.231188426986208,3579,37.0,3719,3,4085,0,3283,0,3965,1.5,4125,0,3203,2,3459,1.0,3730,14.115594213493104,3638,28.231188426986208,3468,29.231188426986208,3577
4664,Joseph G. Altonji,labor,North America,Yale,28,386,33,565,2634.789555163752,146,7478.0,211,43,813,14,160,27,228,28.5,630,14,128,33,579,24.5,444,36000.86722456178,121,1359.5716257412685,258,20198.574386119028,125
4665,Donald W. K. Andrews,econometrics,North America,Yale,41,139,74,134,4358.840786264164,69,11537.0,119,88,257,28,35,55,38,58.0,172,24,40,78,122,53.5,92,72455.57883142022,71,4326.176590136799,41,124676.12111396717,20
4666,Dirk Bergemann,micro_theory,North America,Yale,29,352,49,305,778.8831748086487,629,3897.0,447,76,341,19,95,45,71,47.5,249,13,148,55,250,39.5,174,20529.97263924433,183,634.3275550469034,596,12326.551100938068,196
4667,Steven Berry,i_organization,North America,Yale,24,528,27,733,2934.199379728651,129,6650.0,247,38,953,13,186,21,355,25.5,733,10,231,30,649,22.0,518,23065.56803970441,168,1546.857881291484,207,21488.01033808077,119
4668,Xiaohong Chen,econometrics,North America,Yale,36,203,63,191,1060.6182159476614,467,5459.0,316,94,227,15,142,47,61,54.5,193,12,173,66,184,47.0,127,18589.33001517492,202,864.6722897682376,430,13610.756636291802,184
4669,Ray Fair,macro,North America,Yale,17,948,25,816,276.9638965641551,1473,1195.0,1122,60,517,7,445,17,493,33.5,504,5,545,27,755,19.0,627,1649.7303210333023,696,240.38808881346108,1433,1875.1047105076889,687
4670,Philip A. Haile,multiple-field,North America,Yale,15,1141,16,1280,422.84157789886274,1078,1339.0,1040,21,1766,9,329,12,763,15.0,1386,8,320,17,1241,13.0,1007,6779.054851507647,375,187.1684596105607,1677,1791.684596105607,705
4671,Samuel Kortum,multiple-field,North America,Yale,25,490,28,696,3213.3890209559127,116,9691.0,155,43,813,10,280,17,493,26.5,696,10,231,28,718,20.0,589,47783.36571738011,100,1467.0579947277322,228,16038.637942005054,154
4672,Giovanni Maggi,i_trade,North America,Yale,22,617,24,859,705.5926586919679,681,2601.0,627,31,1232,13,186,22,327,22.0,892,11,201,26,797,20.0,589,21087.89003584323,179,243.3171726120308,1421,3238.4404165684314,516
4673,Giuseppe Moscarini,multiple-field,North America,Yale,18,872,23,906,264.268802547709,1527,1024.0,1258,28,1363,10,280,16,541,19.0,1075,9,268,24,876,17.5,716,4563.795141409756,454,175.13630733427462,1752,1827.4993806770208,694
4674,Benjamin Polak,micro_theory,North America,Yale,15,1141,19,1100,194.3707796969493,1838,698.0,1558,26,1461,3,924,13,700,14.5,1436,3,816,19,1119,12.0,1098,324.77909719459217,1308,191.30029208686847,1655,757.2011683474741,1093
4675,Larry Samuelson,micro_theory,North America,Yale,39,164,91,85,1303.8297434864724,351,6502.0,252,146,81,25,49,75,16,85.5,66,20,64,96,79,66.5,53,31455.106693038288,138,918.4506141919652,410,23255.7159689911,113
4676,Aleh Tsyvinski,multiple-field,North America,Yale,21,669,25,816,850.0752907831164,587,2612.0,624,37,989,18,103,29,197,27.5,661,13,148,30,649,25.5,418,17895.96238176947,205,589.7639373027998,639,10882.514808753196,223
4677,Edward Vytlacil,econometrics,North America,Yale,26,451,30,633,1177.2319227747776,406,4385.0,398,34,1095,10,280,23,303,22.0,892,10,231,30,649,21.0,550,14447.640993874254,241,832.3089443755309,446,9056.39838813084,264
4678,Fabrizio Zilibotti,multiple-field,North America,Yale,37,189,48,318,1871.2757680256536,235,7503.0,209,59,532,16,128,42,84,37.5,409,15,113,49,313,34.5,235,48483.39104261621,96,1076.756333942909,340,18049.857677029453,137
4679,Jason Abaluck,multiple-field,North America,Yale,11,1625,11,1709,408.2658447629436,1111,895.0,1359,14,2384,8,386,9,991,11.0,1825,8,320,11,1737,9.5,1356,3585.6138879093483,510,252.07785643109864,1386,2205.700707879888,629
4680,Yusuke Narita,multiple-field,North America,Yale,11,1625,12,1604,109.99090871522064,2406,344.0,2156,21,1766,4,749,5,1568,12.5,1623,3,816,13,1535,8.5,1487,325.16973751773946,1306,82.46018098373213,2528,397.3009049186607,1494
4681,Costas Arkolakis,i_trade,North America,Yale,14,1239,15,1353,1004.8626771852958,499,2311.0,687,22,1700,9,329,9,991,15.5,1343,9,268,15,1379,12.0,1098,15617.450605065134,230,91.54089895318565,2424,835.4089895318564,1037
4682,David Argente,multiple-field,North America,Yale,8,2197,7,2254,71.01408311032397,2822,183.0,2686,14,2384,4,749,8,1097,9.0,2114,2,1039,9,2003,6.5,1818,121.4509549201928,1983,73.00724599634447,2654,350.0362299817224,1586
4683,José-Antonio Espín-Sánchez,history,North America,Yale,5,2944,4,2824,40.69397989875161,3321,88.0,3209,10,2874,0,3283,2,2431,5.0,2983,0,3203,4,2882,2.5,2945,20.346989949375804,3412,40.69397989875161,3203,41.69397989875161,3349
4684,Eduardo Dávila,finance,North America,Yale,7,2425,6,2423,158.74822833657075,2045,339.0,2169,13,2492,9,329,13,700,11.0,1825,3,816,12,1632,11.0,1189,1187.3158573879232,787,63.92722457943783,2789,559.2722457943784,1269
4685,Max Cytrynbaum,econometrics,North America,Yale,1,4388,0,4385,3.0,4440,3.0,4453,1,4577,0,3283,0,3965,0.5,4588,0,3203,0,4408,0.0,4504,1.5,4444,3.0,4407,4.0,4412
4686,Laura Adler,multiple-field,North America,Yale,4,3256,4,2824,249.69381249842775,1581,361.0,2108,7,3309,0,3283,0,3965,3.5,3382,0,3203,4,2882,2.0,3174,124.84690624921387,1958,249.69381249842775,1390,250.69381249842775,1869
4687,Felix Aidala,macro,North America,Yale,1,4388,0,4385,5.0990195135927845,4310,6.0,4335,2,4322,0,3283,1,2917,1.0,4350,0,3203,0,4408,0.5,4086,2.549509756796392,4319,5.0990195135927845,4266,6.0990195135927845,4276
4688,Marnix Amand,labor,North America,Yale,1,4388,0,4385,2.0,4497,2.0,4502,1,4577,0,3283,1,2917,0.5,4588,0,3203,0,4408,0.5,4086,1.0,4501,2.0,4473,3.0,4474
4689,Rick Antle,multiple-field,North America,Yale,8,2197,8,2100,216.70486842708448,1717,399.0,2019,15,2273,0,3283,1,2917,7.5,2418,0,3203,8,2146,4.0,2445,108.35243421354224,2060,216.70486842708448,1523,217.70486842708448,1969
4690,Jaime Arellano-Bover,labor,North America,Yale,3,3600,2,3404,27.459060435491963,3600,46.0,3618,4,3855,0,3283,3,2072,2.0,3907,0,3203,2,3459,1.5,3437,13.729530217745982,3656,27.459060435491963,3490,28.459060435491963,3596
4691,Orazio Attanasio,multiple-field,North America,Yale,53,62,95,77,1109.9468455741471,441,8276.0,186,131,103,23,62,60,29,77.0,83,19,73,99,72,65.0,58,44575.86786324634,104,903.9177033071818,415,21166.02487937236,121
4692,Nicholas Barberis,finance,North America,Yale,23,568,25,816,3636.707026968216,97,11376.0,125,26,1461,5,627,16,541,15.5,1343,5,545,25,834,15.0,864,12016.78462354256,271,3402.6241699163843,70,20391.745019498307,124
4693,John Eric Humphries,labor,North America,Yale,14,1239,16,1280,355.32238882457153,1224,1072.0,1223,19,1915,3,924,7,1234,11.0,1825,2,1039,17,1241,10.0,1294,592.5012419772102,1023,290.50826075088696,1225,1154.0330430035478,885
4694,Zhen Huo,macro,North America,Yale,6,2677,5,2603,195.88772294352705,1823,360.0,2113,16,2168,6,525,9,991,11.0,1825,2,1039,9,2003,8.5,1487,318.8936582365661,1319,196.782598787206,1627,1342.4781915104418,817
4695,Gerald Jaynes,multiple-field,North America,Yale,5,2944,4,2824,65.43699259593154,2903,142.0,2879,24,1571,1,1576,2,2431,12.5,1623,0,3203,5,2654,3.0,2752,34.703210851535665,3005,66.40642170307133,2749,132.81284340614266,2381
4696,Navin Kartik,micro_theory,North America,Yale,19,797,23,906,487.9979508153697,943,1676.0,870,31,1232,15,142,21,355,23.0,848,10,231,28,718,21.5,536,10048.86100626092,305,300.69739235771823,1192,4587.158277723492,415
4697,Amit Khandelwal,i_trade,North America,Yale,18,872,18,1155,1535.49991859329,291,5210.0,331,21,1766,10,280,12,763,15.5,1343,10,231,18,1177,14.0,936,29656.397776722235,144,869.619101695629,429,9466.810118651918,254
4698,Yuichi Kitamura,econometrics,North America,Yale,15,1141,17,1215,471.2780495631003,971,1249.0,1088,27,1408,9,329,12,763,18.0,1148,7,384,19,1119,14.5,901,4046.637822011509,481,328.2600820647642,1109,3202.600820647642,522
4699,Alvin Klevorick,multiple-field,North America,Yale,7,2425,5,2603,949.518298928462,530,1119.0,1184,16,2168,2,1169,4,1786,9.0,2114,1,1424,6,2464,4.0,2445,530.4268155553334,1061,951.0358265102536,388,2850.1074795307604,554
4700,Ilse Lindenlaub,multiple-field,North America,Yale,4,3256,2,3404,40.91454509095757,3317,68.0,3366,7,3309,3,924,4,1786,5.0,2983,0,3203,5,2654,4.0,2445,52.10611755043887,2664,43.36087214122113,3144,165.44348856488452,2206
4701,Elliot Lipnowski,micro_theory,North America,Yale,7,2425,7,2254,68.95650803223725,2855,183.0,2686,15,2273,5,627,10,906,10.0,1962,4,656,8,2146,8.5,1487,440.6729644712522,1157,44.93745109543172,3097,245.6247065725903,1889
4702,Mushfiq Mobarak,development,North America,Yale,28,386,39,455,1274.7223227040467,363,5263.0,327,52,637,8,386,18,453,30.0,588,8,320,39,464,24.5,444,9486.366452278658,317,1151.8474548645024,315,10303.627093780522,233
4703,Kaivan Munshi,development,North America,Yale,16,1038,21,998,1235.4978753522807,380,3231.0,523,30,1275,6,525,18,453,18.0,1148,6,456,21,1017,15.5,820,9813.729393807032,311,532.4655734233721,703,3692.259013963605,477
4704,Christopher A. Neilson,labor,North America,Yale,11,1625,14,1430,240.20407989873945,1626,728.0,1527,18,1994,6,525,12,763,12.0,1681,5,545,15,1379,11.0,1189,1176.0400299104797,788,181.22842235208304,1715,1233.5989564645813,855
4705,Cormac O'Dea,multiple-field,North America,Yale,8,2197,7,2254,89.24124606929242,2608,222.0,2524,11,2737,1,1576,4,1786,6.0,2731,0,3203,8,2146,4.5,2297,46.609416046390926,2765,90.21883209278184,2440,180.4376641855637,2136
4706,Rohini Pande,development,North America,Yale,38,176,58,227,1629.4124708004415,272,7881.0,199,77,332,16,128,27,228,46.5,267,14,128,60,218,40.0,169,48273.92675461181,97,1010.0779647492444,366,16916.325400737154,145
4707,Theofanis Papamichalis,macro,North America,Yale,0,4667,0,4385,0.0,4667,0.0,4667,1,4577,0,3283,1,2917,0.5,4588,0,3203,0,4408,0.5,4086,0.0,4667,0.0,4669,1.0,4669
4708,Pascual Restrepo,multiple-field,North America,Yale,18,872,20,1048,3205.678867260412,117,8393.0,182,22,1700,7,445,12,763,14.5,1436,7,384,20,1065,14.0,936,32237.887608503144,134,1465.4532903044924,229,11675.62632243594,213
4709,Marius Ring,p_finance,North America,Yale,2,3967,0,4385,6.48074069840786,4237,10.0,4201,3,4085,1,1576,2,2431,2.0,3907,0,3203,1,3860,1.5,3437,4.201562118716424,4174,7.403124237432848,4147,14.806248474865695,3960
4710,Mark Rosenzweig,multiple-field,North America,Yale,51,71,87,100,2099.3244151393087,193,12147.0,107,111,151,30,25,57,33,70.5,101,30,20,87,101,59.0,72,136396.4680682619,35,1429.5935124170874,236,43418.39888492971,74
4711,Nicholas Ryan,development,North America,Yale,9,1992,9,1961,312.65636088203934,1352,674.0,1587,10,2874,6,525,7,1234,8.0,2304,5,545,10,1859,8.0,1567,1841.8849446208533,668,128.16791722870616,2071,862.1754206009431,1020
4712,Philipp Strack,micro_theory,North America,Yale,16,1038,25,816,166.6823325970692,1995,735.0,1515,42,840,20,83,26,250,31.0,565,12,173,33,579,26.5,389,6397.99836164827,381,103.01204731844648,2304,1764.2529936873764,715
4713,Winnie Van Dijk,labor,North America,Yale,2,3967,2,3404,35.749125863438955,3414,46.0,3618,3,4085,2,1169,3,2072,2.5,3719,1,1424,3,3149,2.5,2945,52.161903789690605,2663,13.0,3930,36.0,3446
4714,Chang-Koo Chi,micro_theory,Asia,Yonsei,2,3967,1,3809,14.247806848775006,3976,21.0,3971,4,3855,0,3283,3,2072,2.0,3907,0,3203,1,3860,1.5,3437,7.123903424387503,3998,14.247806848775006,3894,15.247806848775006,3946
4715,Jin Seo Cho,econometrics,Asia,Yonsei,10,1802,11,1709,415.8280894792943,1093,729.0,1524,32,1187,1,1576,9,991,16.5,1262,1,1424,11,1737,8.0,1567,296.5320962218088,1364,406.0641924436175,905,812.128384887235,1055
4716,Seonghoon Cho,macro,Asia,Yonsei,6,2677,5,2603,123.9112585683803,2285,242.0,2463,14,2384,0,3283,4,1786,7.0,2517,0,3203,5,2654,3.0,2752,61.95562928419015,2527,123.9112585683803,2107,124.9112585683803,2443
4717,Jaerim Choi,multiple-field,Asia,Yonsei,6,2677,4,2824,114.02192771568107,2368,175.0,2728,13,2492,0,3283,2,2431,6.5,2616,0,3203,4,2882,2.5,2945,57.01096385784054,2592,114.02192771568107,2187,115.02192771568107,2513
4718,Kang-Shik Choi,labor,Asia,Yonsei,5,2944,2,3404,25.475478405713996,3641,57.0,3471,8,3159,0,3283,0,3965,4.0,3242,0,3203,2,3459,1.0,3730,12.737739202856996,3692,25.475478405713996,3533,26.475478405713996,3631
4719,Sangyup Choi,macro,Asia,Yonsei,12,1477,13,1510,272.26457720386617,1491,754.0,1487,28,1363,0,3283,2,2431,14.0,1485,0,3203,13,1535,7.5,1649,136.13228860193308,1896,272.26457720386617,1310,273.26457720386617,1809
4720,Yun Jeong Choi,multiple-field,Asia,Yonsei,8,2197,8,2100,115.58546621439912,2358,280.0,2325,18,1994,0,3283,0,3965,9.0,2114,0,3203,8,2146,4.0,2445,57.79273310719956,2582,115.58546621439912,2173,116.58546621439912,2502
4721,Jihwan Do,micro_theory,Asia,Yonsei,1,4388,0,4385,2.6457513110645907,4456,5.0,4375,6,3475,0,3283,2,2431,3.0,3545,0,3203,0,4408,1.0,3730,1.3228756555322954,4459,2.6457513110645907,4429,3.645751311064591,4431
4722,Jong-Hee Hahn,i_organization,Asia,Yonsei,7,2425,4,2824,44.609416046390926,3234,116.0,3028,16,2168,0,3283,3,2072,8.0,2304,0,3203,4,2882,3.0,2752,22.304708023195463,3340,44.609416046390926,3106,45.609416046390926,3273
4723,Sunku Hahn,micro_theory,Asia,Yonsei,5,2944,2,3404,22.781571499789035,3709,55.0,3490,14,2384,0,3283,0,3965,7.0,2517,0,3203,2,3459,1.0,3730,11.390785749894516,3749,22.781571499789035,3604,23.781571499789035,3694
4724,Youjin Hahn,multiple-field,Asia,Yonsei,9,1992,7,2254,82.17663901620703,2679,221.0,2527,21,1766,0,3283,3,2072,10.5,1890,0,3203,7,2299,4.0,2445,41.08831950810352,2855,82.17663901620703,2531,83.17663901620703,2788
4725,Hyeon-Seung Huh,multiple-field,Asia,Yonsei,11,1625,12,1604,75.6042326857432,2763,320.0,2217,47,731,0,3283,0,3965,23.5,827,0,3203,12,1632,6.0,1923,37.8021163428716,2927,75.6042326857432,2623,76.6042326857432,2862
4726,Daeyoung Jeong,micro_theory,Asia,Yonsei,2,3967,0,4385,6.4031242374328485,4247,13.0,4130,6,3475,0,3283,3,2072,3.0,3545,0,3203,0,4408,1.5,3437,3.2015621187164243,4260,6.4031242374328485,4198,7.403124237432848,4218
4727,Soojin Jo,macro,Asia,Yonsei,5,2944,4,2824,280.3943651359635,1450,461.0,1904,9,3018,0,3283,3,2072,4.5,3116,0,3203,4,2882,2.5,2945,140.19718256798174,1869,280.3943651359635,1265,281.3943651359635,1782
4728,Dongik Kang,macro,Asia,Yonsei,0,4667,0,4385,0.0,4667,0.0,4667,3,4085,0,3283,1,2917,1.5,4125,0,3203,0,4408,0.5,4086,0.0,4667,0.0,4669,1.0,4669
4729,Chulyoung Kim,micro_theory,Asia,Yonsei,3,3600,1,3809,25.059928172283332,3647,54.0,3505,14,2384,0,3283,0,3965,7.0,2517,0,3203,1,3860,0.5,4086,12.529964086141668,3697,25.059928172283332,3541,26.059928172283332,3639
4730,Jin Yeub Kim,micro_theory,Asia,Yonsei,2,3967,0,4385,6.48074069840786,4237,14.0,4102,12,2609,0,3283,1,2917,6.0,2731,0,3203,0,4408,0.5,4086,3.24037034920393,4252,6.48074069840786,4190,7.48074069840786,4210
4731,Jiseob Kim,finance,Asia,Yonsei,3,3600,1,3809,15.297058540778355,3953,34.0,3769,11,2737,0,3283,1,2917,5.5,2853,0,3203,1,3860,1.0,3730,7.648529270389178,3978,15.297058540778355,3869,16.297058540778355,3924
4732,Joocheol Kim,finance,Asia,Yonsei,6,2677,2,3404,53.67494760127857,3078,105.0,3091,12,2609,0,3283,0,3965,6.0,2731,0,3203,2,3459,1.0,3730,26.837473800639284,3208,53.67494760127857,2935,54.67494760127857,3133
4733,Kwang Hwan Kim,macro,Asia,Yonsei,4,3256,2,3404,21.54065922853801,3747,50.0,3563,18,1994,0,3283,3,2072,9.0,2114,0,3203,2,3459,2.5,2945,10.770329614269007,3786,21.54065922853801,3649,22.54065922853801,3731
4734,Sang-Hyun Kim,multiple-field,Asia,Yonsei,6,2677,4,2824,35.32704346531139,3420,108.0,3079,23,1634,0,3283,3,2072,11.5,1753,0,3203,4,2882,2.5,2945,17.663521732655695,3508,35.32704346531139,3314,36.32704346531139,3439
4735,Semin Kim,micro_theory,Asia,Yonsei,4,3256,2,3404,34.058772731852805,3447,62.0,3427,8,3159,0,3283,4,1786,4.0,3242,0,3203,2,3459,2.5,2945,17.029386365926403,3532,34.058772731852805,3343,35.058772731852805,3466
4736,Sun-Bin Kim,macro,Asia,Yonsei,11,1625,11,1709,176.31505891443305,1938,459.0,1908,20,1840,3,924,8,1097,11.5,1753,2,1039,12,1632,8.0,1567,349.2637219315785,1264,149.30447703334303,1919,589.2179081333721,1242
4737,Tae-Hwan Kim,econometrics,Asia,Yonsei,18,872,24,859,648.0864139912208,743,2088.0,744,50,671,0,3283,4,1786,25.0,750,0,3203,24,876,12.0,1098,324.0432069956104,1310,648.0864139912208,580,649.0864139912208,1182
4738,Youngse Kim,multiple-field,Asia,Yonsei,3,3600,2,3404,98.48857801796105,2520,146.0,2856,7,3309,0,3283,2,2431,3.5,3382,0,3203,2,3459,1.0,3730,49.24428900898052,2719,98.48857801796105,2358,99.48857801796105,2649
4739,Doowon Lee,multiple-field,Asia,Yonsei,3,3600,1,3809,38.44476557348217,3362,48.0,3588,5,3656,0,3283,0,3965,2.5,3719,0,3203,1,3860,0.5,4086,19.22238278674109,3453,38.44476557348217,3250,39.44476557348217,3389
4740,Kyung-Woo Lee,p_finance,Asia,Yonsei,4,3256,3,3094,104.45573225055676,2460,143.0,2870,12,2609,0,3283,1,2917,6.0,2731,0,3203,3,3149,2.0,3174,52.227866125278375,2662,104.45573225055676,2282,105.45573225055676,2587
4741,Seung Hoon Lee,i_trade,Asia,Yonsei,3,3600,2,3404,25.495097567963924,3640,42.0,3670,6,3475,0,3283,1,2917,3.0,3545,0,3203,2,3459,1.5,3437,12.747548783981962,3691,25.495097567963924,3532,26.495097567963924,3630
4742,Eunseong Ma,macro,Asia,Yonsei,3,3600,1,3809,16.30950643030009,3911,30.0,3824,10,2874,0,3283,6,1392,5.0,2983,0,3203,1,3860,3.0,2752,8.154753215150045,3937,16.30950643030009,3822,17.30950643030009,3885
4743,Jaeok Park,micro_theory,Asia,Yonsei,11,1625,12,1604,96.15092303249097,2540,355.0,2125,37,989,0,3283,1,2917,18.5,1111,0,3203,12,1632,6.0,1923,48.07546151624548,2738,96.15092303249097,2385,97.15092303249097,2671
4744,Jungjae Park,multiple-field,Asia,Yonsei,3,3600,2,3404,23.43074902771996,3687,37.0,3719,6,3475,0,3283,3,2072,3.0,3545,0,3203,2,3459,1.5,3437,11.71537451385998,3730,23.43074902771996,3585,24.43074902771996,3670
4745,Ki Young Park,multiple-field,Asia,Yonsei,5,2944,0,4385,17.97220075561143,3858,53.0,3520,13,2492,0,3283,0,3965,6.5,2616,0,3203,0,4408,0.0,4504,8.986100377805714,3889,17.97220075561143,3765,18.97220075561143,3838
4746,Myungkyu Shim,multiple-field,Asia,Yonsei,5,2944,3,3094,40.62019202317981,3324,100.0,3122,30,1275,0,3283,1,2917,15.0,1386,0,3203,3,3149,2.0,3174,20.310096011589906,3415,40.62019202317981,3207,41.62019202317981,3352
4747,Taeyoon Sung,finance,Asia,Yonsei,11,1625,12,1604,119.77061409210523,2324,391.0,2044,26,1461,0,3283,0,3965,13.0,1571,0,3203,12,1632,6.0,1923,59.885307046052624,2557,119.77061409210523,2146,120.77061409210523,2478
4748,Hee-Seung Yang,labor,Asia,Yonsei,9,1992,8,2100,85.16454661418682,2653,229.0,2502,26,1461,0,3283,1,2917,13.0,1571,0,3203,8,2146,4.0,2445,42.58227330709341,2833,85.16454661418682,2498,86.16454661418682,2760
4749,Ning Zhang,multiple-field,Asia,Yonsei,60,38,151,25,1673.9970131395098,264,12878.0,102,197,42,0,3283,2,2431,98.5,49,0,3203,151,26,76.0,33,836.9985065697549,910,1673.9970131395098,186,1674.9970131395098,735
4750,Jiadong Gu,micro_theory,Asia,ZJU,0,4667,0,4385,0.0,4667,0.0,4667,1,4577,0,3283,0,3965,0.5,4588,0,3203,0,4408,0.0,4504,0.0,4667,0.0,4669,1.0,4669
4751,Zhe Yuan,i_organization,Asia,ZJU,3,3600,1,3809,43.669211121796096,3259,53.0,3520,6,3475,0,3283,1,2917,3.0,3545,0,3203,1,3860,1.0,3730,21.834605560898048,3361,43.669211121796096,3134,44.669211121796096,3296
4752,Rongzhu Ke,micro_theory,Asia,ZJU,4,3256,2,3404,23.259406699226016,3694,49.0,3575,8,3159,0,3283,0,3965,4.0,3242,0,3203,2,3459,1.0,3730,11.629703349613008,3737,23.259406699226016,3592,24.259406699226016,3678
4753,Wei Chen,i_trade,Asia,ZJU,1,4388,1,3809,12.0,4037,12.0,4154,1,4577,0,3283,0,3965,0.5,4588,0,3203,1,3860,0.5,4086,6.0,4056,12.0,3963,13.0,4008
4754,Shiyuan Pan,multiple-field,Asia,ZJU,9,1992,9,1961,78.91767862779544,2721,234.0,2488,23,1634,0,3283,2,2431,11.5,1753,0,3203,9,2003,4.5,2297,39.45883931389772,2889,78.91767862779544,2575,79.91767862779544,2823
4755,Yousha Liang,multiple-field,Asia,ZJU,5,2944,5,2603,117.50319144601988,2345,219.0,2538,6,3475,0,3283,0,3965,3.0,3545,0,3203,5,2654,2.5,2945,58.75159572300994,2572,117.50319144601988,2164,118.50319144601988,2490
4756,Yefeng Chen,behavior-experiment,Asia,ZJU,6,2677,6,2423,61.163714733492114,2976,161.0,2794,15,2273,0,3283,0,3965,7.5,2418,0,3203,6,2464,3.0,2752,30.581857366746057,3120,61.163714733492114,2844,62.163714733492114,3044
4757,Zibin Zhang,multiple-field,Asia,ZJU,9,1992,9,1961,354.76330137149193,1227,693.0,1564,13,2492,0,3283,0,3965,6.5,2616,0,3203,9,2003,4.5,2297,177.38165068574597,1670,354.76330137149193,1021,355.76330137149193,1571
4758,Wenzhang Zhang,micro_theory,Asia,ZJU,1,4388,0,4385,8.12403840463596,4167,10.0,4201,4,3855,0,3283,2,2431,2.0,3907,0,3203,0,4408,1.0,3730,4.06201920231798,4184,8.12403840463596,4112,9.12403840463596,4143
4759,Tao Wang,micro_theory,Asia,ZJU,1,4388,0,4385,5.0990195135927845,4310,6.0,4335,3,4085,0,3283,1,2917,1.5,4125,0,3203,0,4408,0.5,4086,2.549509756796392,4319,5.0990195135927845,4266,6.0990195135927845,4276
4760,Miaojun Wang,multiple-field,Asia,ZJU,3,3600,2,3404,65.18435395092905,2906,79.0,3276,3,4085,0,3283,0,3965,1.5,4125,0,3203,2,3459,1.0,3730,32.592176975464525,3062,65.18435395092905,2764,66.18435395092905,2985
4761,Limin Du,multiple-field,Asia,ZJU,16,1038,17,1215,628.6262800742584,766,1903.0,791,28,1363,0,3283,0,3965,14.0,1485,0,3203,17,1241,8.5,1487,314.3131400371292,1327,628.6262800742584,602,629.6262800742584,1198
4762,Jianqin Li,multiple-field,Asia,ZJU,3,3600,0,4385,8.602325267042627,4145,14.0,4102,6,3475,0,3283,0,3965,3.0,3545,0,3203,0,4408,0.0,4504,4.301162633521313,4161,8.602325267042627,4089,9.602325267042628,4121
4763,Xiwei Zhu,multiple-field,Asia,ZJU,9,1992,8,2100,107.07474025184464,2437,311.0,2242,20,1840,0,3283,1,2917,10.0,1962,0,3203,8,2146,4.0,2445,53.53737012592232,2648,107.07474025184464,2256,108.07474025184464,2567
4764,Jinchuan Shi,multiple-field,Asia,ZJU,4,3256,3,3094,68.11754546370561,2873,124.0,2979,15,2273,0,3283,0,3965,7.5,2418,0,3203,3,3149,1.5,3437,34.058772731852805,3023,68.11754546370561,2725,69.11754546370561,2951
4765,Jianliang Ye,multiple-field,Asia,ZJU,4,3256,2,3404,70.90839160494335,2824,100.0,3122,9,3018,0,3283,0,3965,4.5,3116,0,3203,2,3459,1.0,3730,35.45419580247167,2981,70.90839160494335,2680,71.90839160494335,2914
4766,Bing Ye,multiple-field,Asia,ZJU,4,3256,2,3404,51.419840528729765,3111,96.0,3153,15,2273,0,3283,0,3965,7.5,2418,0,3203,2,3459,1.0,3730,25.70992026436488,3236,51.419840528729765,2975,52.419840528729765,3163
4768,Hongsheng Fang,p_finance,Asia,ZJU,9,1992,9,1961,121.56479753612884,2307,340.0,2165,21,1766,0,3283,0,3965,10.5,1890,0,3203,9,2003,4.5,2297,60.782398768064425,2542,121.56479753612884,2124,122.56479753612884,2459
4769,Haifeng Zhang,labor,Asia,ZJU,6,2677,5,2603,143.3143398268296,2137,329.0,2193,10,2874,0,3283,0,3965,5.0,2983,0,3203,5,2654,2.5,2945,71.6571699134148,2402,143.3143398268296,1959,144.3143398268296,2311
4770,Xingguo Luo,finance,Asia,ZJU,12,1477,13,1510,161.46826313551526,2027,436.0,1948,26,1461,0,3283,0,3965,13.0,1571,0,3203,13,1535,6.5,1818,80.73413156775763,2318,161.46826313551526,1839,162.46826313551526,2226
4771,Ge Zhou,macro,Asia,ZJU,2,3967,0,4385,9.539392014169456,4110,13.0,4130,4,3855,0,3283,0,3965,2.0,3907,0,3203,0,4408,0.0,4504,4.769696007084728,4129,9.539392014169456,4052,10.539392014169456,4083
4772,Kai Xu,i_trade,Asia,ZJU,2,3967,1,3809,14.866068747318506,3964,19.0,4007,3,4085,0,3283,0,3965,1.5,4125,0,3203,1,3860,0.5,4086,7.433034373659253,3988,14.866068747318506,3882,15.866068747318506,3936
4773,Jing Lu,micro_theory,Asia,ZJU,2,3967,0,4385,3.605551275463989,4413,5.0,4375,3,4085,0,3283,0,3965,1.5,4125,0,3203,0,4408,0.0,4504,1.8027756377319943,4417,3.605551275463989,4374,4.60555127546399,4383
4774,Yizhong Wang,finance,Asia,ZJU,8,2197,8,2100,586.9335567166014,812,971.0,1298,14,2384,0,3283,0,3965,7.0,2517,0,3203,8,2146,4.0,2445,293.4667783583007,1370,586.9335567166014,645,587.9335567166014,1245
4775,Shuzhong Ma,i_trade,Asia,ZJU,12,1477,13,1510,131.43819840518205,2226,424.0,1971,35,1061,0,3283,1,2917,17.5,1186,0,3203,13,1535,7.0,1731,65.71909920259102,2472,131.43819840518205,2046,132.43819840518205,2384
4776,Chuanchuan Zhang,multiple-field,Asia,ZJU,12,1477,13,1510,286.7926079939997,1428,836.0,1413,21,1766,0,3283,1,2917,10.5,1890,0,3203,13,1535,6.5,1818,143.39630399699988,1846,286.7926079939997,1237,287.7926079939997,1761
4777,Xianhai Huang,i_trade,Asia,ZJU,9,1992,9,1961,170.1616878148545,1983,443.0,1933,25,1518,0,3283,0,3965,12.5,1623,0,3203,9,2003,4.5,2297,85.08084390742725,2281,170.1616878148545,1791,171.1616878148545,2185
4778,Huasheng Song,multiple-field,Asia,ZJU,11,1625,12,1604,160.7917908352289,2030,412.0,1991,23,1634,0,3283,0,3965,11.5,1753,0,3203,12,1632,6.0,1923,80.39589541761445,2320,160.7917908352289,1844,161.7917908352289,2229
4779,Xiaoqian Zhang,finance,Asia,ZJU,5,2944,5,2603,151.36049682793723,2087,240.0,2469,9,3018,0,3283,0,3965,4.5,3116,0,3203,5,2654,2.5,2945,75.68024841396863,2364,151.36049682793723,1904,152.36049682793723,2268
4780,Yuexiang Jiang,finance,Asia,ZJU,11,1625,16,1280,203.8013738913455,1784,525.0,1782,38,953,0,3283,0,3965,19.0,1075,0,3203,16,1309,8.0,1567,101.90068694567276,2112,203.8013738913455,1587,204.8013738913455,2026
4781,Wei Wan,finance,Asia,ZJU,1,4388,1,3809,55.0,3056,55.0,3490,1,4577,0,3283,0,3965,0.5,4588,0,3203,1,3860,0.5,4086,27.5,3192,55.0,2918,56.0,3113
4782,Jiqiang Guo,labor,Asia,ZJU,1,4388,0,4385,4.0,4388,4.0,4413,2,4322,0,3283,0,3965,1.0,4350,0,3203,0,4408,0.0,4504,2.0,4394,4.0,4349,5.0,4360
4783,Yin Ge,i_trade,Asia,ZJU,5,2944,3,3094,87.69834662067467,2627,131.0,2950,9,3018,0,3283,0,3965,4.5,3116,0,3203,3,3149,1.5,3437,43.849173310337335,2816,87.69834662067467,2471,88.69834662067467,2741
4784,Ouyang Yao,i_finance,Asia,ZJU,0,4667,0,4385,0.0,4667,0.0,4667,2,4322,0,3283,0,3965,1.0,4350,0,3203,0,4408,0.0,4504,0.0,4667,0.0,4669,1.0,4669
4785,Gaoju Yang,i_trade,Asia,ZJU,6,2677,3,3094,109.59014554237986,2412,182.0,2693,16,2168,0,3283,0,3965,8.0,2304,0,3203,3,3149,1.5,3437,54.79507277118993,2627,109.59014554237986,2228,110.59014554237986,2547
4786,Linhui Yu,i_trade,Asia,ZJU,12,1477,14,1430,1114.4168878835244,437,1879.0,799,35,1061,0,3283,2,2431,17.5,1186,0,3203,14,1453,7.0,1731,557.2084439417622,1044,1114.4168878835244,326,1115.4168878835244,896
4787,Hongsheng Zhang,i_trade,Asia,ZJU,8,2197,8,2100,125.94840213357216,2263,323.0,2206,17,2079,0,3283,0,3965,8.5,2203,0,3203,8,2146,4.0,2445,62.97420106678607,2507,125.94840213357216,2086,126.94840213357216,2425
4788,Liming Zhou,finance,Asia,ZJU,2,3967,0,4385,4.358898943540674,4360,7.0,4303,3,4085,0,3283,0,3965,1.5,4125,0,3203,0,4408,0.0,4504,2.179449471770337,4365,4.358898943540674,4321,5.358898943540674,4333
4789,Mohan Zhou,multiple-field,Asia,ZJU,5,2944,3,3094,127.7145254072535,2255,207.0,2583,16,2168,0,3283,0,3965,8.0,2304,0,3203,3,3149,1.5,3437,63.85726270362675,2501,127.7145254072535,2075,128.71452540725352,2413
4790,Jijian Fan,multiple-field,Asia,ZJU,3,3600,1,3809,15.362291495737216,3951,26.0,3893,7,3309,0,3283,0,3965,3.5,3382,0,3203,1,3860,0.5,4086,7.681145747868608,3976,15.362291495737216,3867,16.362291495737217,3922
4791,Yanyan,labor,Asia,ZJU,9,1992,9,1961,246.7914098991292,1592,394.0,2034,12,2609,0,3283,0,3965,6.0,2731,0,3203,9,2003,4.5,2297,123.3957049495646,1966,246.7914098991292,1401,247.7914098991292,1879
4792,Junsen Zhang,labor,Asia,ZJU,42,131,89,92,955.826344060468,526,6068.0,271,135,95,5,627,40,98,70.0,103,4,656,90,92,51.0,104,2269.698846390128,604,898.4763567101259,419,5366.858140260755,386
4793,Lei Zhang,labor,Asia,ZJU,6,2677,5,2603,443.2832051860301,1033,796.0,1439,10,2874,0,3283,3,2072,5.0,2983,0,3203,5,2654,2.5,2945,221.64160259301505,1510,443.2832051860301,838,444.2832051860301,1408
4794,Hong Zuo,labor,Asia,ZJU,5,2944,2,3404,23.15167380558045,3697,52.0,3533,6,3475,0,3283,0,3965,3.0,3545,0,3203,2,3459,1.0,3730,11.575836902790224,3739,23.15167380558045,3594,24.15167380558045,3680
4795,Ingvild Almås,multiple-field,Europe,Zurich,13,1348,16,1280,350.8176164333827,1242,987.0,1282,31,1232,5,627,10,906,18.0,1148,3,816,18,1177,12.5,1053,1032.9016537957173,839,306.30881168661494,1171,1813.8528701196897,698
4796,Sandro Ambühl,behavior-experiment,Europe,Zurich,6,2677,4,2824,73.41661937191061,2794,166.0,2770,10,2874,4,749,8,1097,7.0,2517,3,816,5,2654,6.0,1923,408.3080650574652,1189,46.37924020083418,3079,216.8962010041709,1974
4797,Björn Bartling,behavior-experiment,Europe,Zurich,18,872,22,952,466.8822121263564,980,1595.0,902,28,1363,6,525,14,640,17.0,1221,5,545,23,925,15.0,864,3857.19299671691,493,309.45839912581096,1164,2131.2087938806767,644
4798,Timo Boppart,macro,Europe,Zurich,8,2197,7,2254,194.24211695716247,1840,422.0,1977,13,2492,3,924,5,1568,8.0,2304,3,816,7,2299,6.0,1923,757.278538232754,937,78.18643494673756,2587,304.74573978695025,1711
4799,Lorenzo Casaburi,development,Europe,Zurich,6,2677,5,2603,133.09770847013107,2214,267.0,2359,11,2737,5,627,5,1568,8.0,2304,4,656,6,2464,5.5,2026,1016.5836366932906,849,22.776388834631177,3606,112.65833300778706,2529
4800,Ana Costa-Ramón,labor,Europe,Zurich,3,3600,2,3404,85.07643622061282,2657,124.0,2979,3,4085,0,3283,2,2431,1.5,4125,0,3203,2,3459,1.5,3437,42.53821811030641,2836,85.07643622061282,2501,86.07643622061282,2763
4801,Gregory Crawford,i_organization,Europe,Zurich,14,1239,14,1430,345.1434484384717,1263,908.0,1347,16,2168,5,627,7,1234,10.5,1890,5,545,14,1453,9.5,1356,2803.560633719457,561,101.20810776644556,2325,583.2486465986733,1248
4802,Amanda Dahlstrand,labor,Europe,Zurich,2,3967,1,3809,16.55294535724685,3905,22.0,3954,2,4322,1,1576,1,2917,1.5,4125,1,1424,1,3860,1.0,3730,18.5,3481,8.0,4126,16.0,3930
4803,David Dorn,labor,Europe,Zurich,17,948,17,1215,3499.223342400425,101,9154.0,167,22,1700,9,329,11,832,15.5,1343,9,268,17,1241,13.0,1007,50393.36681567978,91,988.1036717324678,375,9801.036717324678,243
4804,Maya Eden,multiple-field,Europe,Zurich,5,2944,4,2824,109.5216873500404,2415,195.0,2635,13,2492,3,924,4,1786,8.0,2304,0,3203,7,2299,5.5,2026,86.58370925251691,2259,112.31605554537722,2202,441.2642221815089,1414
4805,Christian Ewerhart,micro_theory,Europe,Zurich,11,1625,15,1353,99.8999499499374,2503,400.0,2013,39,924,3,924,11,832,21.0,953,0,3203,18,1177,11.5,1143,78.72286401628199,2340,102.60421677820672,2311,402.4168671128269,1488
4806,Ernst Fehr,behavior-experiment,Europe,Zurich,99,4,197,12,11274.691215283903,12,65058.0,4,237,24,32,20,64,23,134.5,22,31,16,198,12,117.5,10,301597.0735923183,14,7901.877381509828,17,259738.95358982435,6
4807,Alessandro Ferrari,multiple-field,Europe,Zurich,2,3967,1,3809,12.083045973594572,4028,16.0,4062,3,4085,0,3283,1,2917,1.5,4125,0,3203,1,3860,0.5,4086,6.041522986797286,4047,12.083045973594572,3953,13.083045973594572,4000
4808,Thomas Graeber,behavior-experiment,Europe,Zurich,7,2425,7,2254,115.69788243524596,2356,256.0,2402,9,3018,3,924,5,1568,6.0,2731,3,816,7,2299,5.5,2026,345.6888904398896,1271,83.8084154033477,2512,327.2336616133908,1657
4809,Todd Hare,other,Europe,Zurich,44,113,62,197,4363.155509490809,68,17844.0,59,78,323,0,3283,0,3965,39.0,379,0,3203,62,201,31.0,292,2181.5777547454045,611,4363.155509490809,40,4364.155509490809,432
4810,David Hémous,multiple-field,Europe,Zurich,8,2197,8,2100,2316.464979230206,169,3596.0,477,12,2609,4,749,6,1392,8.0,2304,3,816,9,2003,7.0,1731,8791.512520205935,331,171.09278859364338,1784,840.4639429682169,1034
4811,Mathias Hoffmann,i_finance,Europe,Zurich,14,1239,19,1100,172.3919951737899,1968,617.0,1663,44,790,0,3283,10,906,22.0,892,0,3203,19,1119,10.5,1239,86.19599758689495,2265,172.3919951737899,1777,173.3919951737899,2172
4812,Ronak Jain,development,Europe,Zurich,0,4667,0,4385,0.0,4667,0.0,4667,1,4577,0,3283,0,3965,0.5,4588,0,3203,0,4408,0.0,4504,0.0,4667,0.0,4669,1.0,4669
4813,Damian Kozbur,econometrics,Europe,Zurich,5,2944,3,3094,119.6703806294607,2325,211.0,2568,8,3159,2,1169,6,1392,5.0,2983,0,3203,5,2654,4.5,2297,89.56528725010114,2227,121.19731540601072,2134,360.59194621803215,1562
4814,Michel Maréchal,behavior-experiment,Europe,Zurich,16,1038,17,1215,668.8871354720466,722,2046.0,752,22,1700,4,749,8,1097,13.0,1571,4,656,17,1241,11.5,1143,3122.37366880958,537,536.7588572703414,701,2668.794286351708,571
4815,Andreas I. Mueller,labor,Europe,Zurich,12,1477,13,1510,254.08659941051596,1568,786.0,1451,17,2079,7,445,12,763,12.0,1681,5,545,15,1379,11.5,1143,1604.818265778605,702,224.23489590763268,1491,1745.8791672610614,720
4816,Nick Netzer,micro_theory,Europe,Zurich,11,1625,13,1510,178.2133552795637,1930,462.0,1901,18,1994,5,627,14,640,11.5,1753,4,656,14,1453,11.0,1189,709.6708314118197,955,160.00322577288512,1849,936.0193546373108,976
4817,Ralph Ossa,i_trade,Europe,Zurich,9,1992,9,1961,263.4995256162713,1529,616.0,1665,15,2273,4,749,5,1568,9.5,2035,3,816,10,1859,7.0,1731,1065.469958101795,831,154.3662196106559,1887,756.8310980532794,1094
4818,Dina Pomeranz,p_finance,Europe,Zurich,7,2425,7,2254,403.74744581235433,1119,696.0,1561,9,3018,2,1169,4,1786,5.5,2853,2,1039,7,2299,4.5,2297,669.3843041520917,988,186.8567012580285,1679,557.5701037740855,1271
4819,Marek Pycia,micro_theory,Europe,Zurich,12,1477,13,1510,227.78059618852524,1672,640.0,1634,23,1634,5,627,8,1097,14.0,1485,5,545,13,1535,10.0,1294,1400.7870974593109,738,121.43882514007088,2127,704.6329508404252,1133
4820,Christian Ruff,other,Europe,Zurich,54,55,108,58,1598.9543458147891,281,10003.0,147,126,111,0,3283,0,3965,63.0,138,0,3203,108,58,54.0,88,799.4771729073946,922,1598.9543458147891,195,1599.9543458147891,751
4821,Florian Scheuer,p_finance,Europe,Zurich,11,1625,11,1709,151.99671049072083,2082,475.0,1874,17,2079,6,525,9,991,11.5,1753,5,545,12,1632,9.5,1356,1197.69139955549,783,105.61425600786264,2269,704.2997920550386,1135
4822,Armin Schmutzler,multiple-field,Europe,Zurich,19,797,29,665,256.9299515432173,1555,1133.0,1172,45,770,0,3283,14,640,22.5,866,0,3203,29,684,17.5,716,128.46497577160866,1941,256.9299515432173,1371,257.9299515432173,1852
4823,Jakub Steiner,micro_theory,Europe,Zurich,10,1802,10,1828,117.83462988442744,2343,357.0,2121,24,1571,4,749,18,453,14.0,1485,4,656,10,1859,11.5,1143,705.3278469968683,959,54.83306010855534,2921,259.16530054277666,1847
4824,Philippe Tobler,other,Europe,Zurich,45,105,136,31,2231.2254480441907,179,10813.0,134,186,50,0,3283,0,3965,93.0,57,0,3203,136,32,68.0,49,1115.612724022095,813,2231.2254480441907,116,2232.2254480441907,625
4825,Joachim Voth,history,Europe,Zurich,30,323,46,346,715.6905755981421,672,3371.0,506,66,453,14,160,21,355,40.0,354,14,128,46,357,30.0,313,20122.75838824766,188,329.0,1106,4740.0,409
4826,Roberto Weber,behavior-experiment,Europe,Zurich,33,250,56,237,1297.2929507247004,353,5231.0,330,73,372,5,627,21,355,39.0,379,4,656,57,234,32.0,272,2660.527834163531,569,1267.394946124231,278,7580.369676745386,298
4827,Rainer Winkelmann,multiple-field,Europe,Zurich,30,323,46,346,1428.3087901430838,321,4886.0,360,66,453,0,3283,5,1568,33.0,516,0,3203,46,357,23.0,493,714.1543950715419,953,1428.3087901430838,237,1429.3087901430838,788
4828,Ulrich Woitek,multiple-field,Europe,Zurich,17,948,30,633,182.55136263528684,1905,893.0,1362,46,750,0,3283,6,1392,23.0,848,0,3203,30,649,15.5,820,91.27568131764342,2214,182.55136263528684,1707,183.55136263528684,2123
4829,Michael Wolf,econometrics,Europe,Zurich,34,230,49,305,2620.4711408447147,148,8577.0,178,68,428,3,924,9,991,35.5,448,3,816,49,313,26.0,403,2823.975831128372,558,2568.203890531901,100,10264.815562127604,237
4830,David Yanagizawa-Drott,development,Europe,Zurich,8,2197,8,2100,556.1906148075495,840,1354.0,1028,9,3018,7,445,8,1097,8.0,2304,7,384,8,2146,8.0,1567,8407.03170123777,342,43.6742416417845,3133,301.393933134276,1722
4831,Ulf Zölitz,labor,Europe,Zurich,11,1625,12,1604,358.030724938517,1219,776.0,1467,14,2384,3,924,8,1097,8.5,2203,3,816,12,1632,7.5,1649,490.0940243116526,1106,353.4739647962456,1024,1405.8958591849823,792
4832,Josef Zweimüller,labor,Europe,Zurich,32,272,51,279,678.8917439474426,709,3560.0,483,66,453,11,246,29,197,38.5,391,8,320,54,259,32.5,264,7270.2572683812305,360,555.9623840229709,676,6551.548608275651,325
4833,Johannes Brumm,multiple-field,Europe,KIT,7,2425,4,2824,67.42403132415029,2879,152.0,2820,11,2737,2,1169,5,1568,6.5,2616,1,1424,5,2654,4.5,2297,124.03768861079836,1963,40.17066936798463,3214,117.51200810395387,2496
4834,Lukas Frank,other,Europe,KIT,1,4388,1,3809,19.0,3833,19.0,4007,1,4577,0,3283,0,3965,0.5,4588,0,3203,1,3860,0.5,4086,9.5,3862,19.0,3735,20.0,3814
4835,Jakob Hussmann,other,Europe,KIT,2,3967,2,3404,20.808652046684813,3774,29.0,3841,2,4322,0,3283,0,3965,1.0,4350,0,3203,2,3459,1.0,3730,10.404326023342406,3810,20.808652046684813,3677,21.808652046684813,3756
4836,Kay Mitusch,multiple-field,Europe,KIT,4,3256,2,3404,25.436194683953808,3642,53.0,3520,10,2874,0,3283,0,3965,5.0,2983,0,3203,2,3459,1.0,3730,12.718097341976904,3693,25.436194683953808,3534,26.436194683953808,3632
4837,Eckhard Szimba,other,Europe,KIT,5,2944,5,2603,208.24504796032969,1754,334.0,2183,9,3018,0,3283,0,3965,4.5,3116,0,3203,5,2654,2.5,2945,104.12252398016484,2093,208.24504796032969,1562,209.24504796032969,2004
4838,Ingrid Ott,multiple-field,Europe,KIT,8,2197,8,2100,164.14323013758442,2009,383.0,2060,28,1363,0,3283,0,3965,14.0,1485,0,3203,8,2146,4.0,2445,82.07161506879221,2301,164.14323013758442,1818,165.14323013758442,2207
4839,Wladislaw Mill,behavior-experiment,Europe,KIT,5,2944,3,3094,35.38361202590826,3419,98.0,3139,19,1915,1,1576,3,2072,10.0,1962,0,3203,4,2882,3.5,2589,21.578395831246947,3373,36.156791662493895,3297,72.31358332498779,2910
4840,Hannes Rau,behavior-experiment,Europe,KIT,2,3967,1,3809,34.26368339802363,3440,44.0,3644,3,4085,0,3283,2,2431,1.5,4125,0,3203,1,3860,1.0,3730,17.131841699011815,3525,34.26368339802363,3334,35.26368339802363,3459
4841,Clemens Puppe,micro_theory,Europe,KIT,22,617,37,484,411.4766092987547,1099,1767.0,833,62,497,2,1169,18,453,32.0,545,2,1039,37,494,21.5,536,857.3612417603209,900,327.79287898909024,1111,980.3786369672708,949
4842,Wolfgang Eichhorn,other,Europe,KIT,3,3600,0,4385,9.273618495495704,4114,22.0,3954,18,1994,0,3283,1,2917,9.0,2114,0,3203,0,4408,0.5,4086,4.636809247747852,4132,9.273618495495704,4056,10.273618495495704,4087
4843,Susanne Fuchs-Seliger,micro_theory,Europe,KIT,3,3600,0,4385,11.31370849898476,4055,34.0,3769,20,1840,0,3283,2,2431,10.0,1962,0,3203,0,4408,1.0,3730,5.656854249492381,4072,11.31370849898476,3984,12.31370849898476,4026
4844,Andranik Tangian,multiple-field,Europe,KIT,7,2425,5,2603,51.43928459844674,3110,148.0,2842,23,1634,0,3283,0,3965,11.5,1753,0,3203,5,2654,2.5,2945,25.71964229922337,3235,51.43928459844674,2974,52.43928459844674,3162
4845,Claudio Kretz,micro_theory,Europe,KIT,1,4388,0,4385,2.0,4497,2.0,4502,1,4577,0,3283,1,2917,0.5,4588,0,3203,0,4408,0.5,4086,1.0,4501,2.0,4473,3.0,4474
4846,Danisz Okulicz,micro_theory,Europe,KIT,1,4388,0,4385,1.0,4570,1.0,4570,1,4577,0,3283,1,2917,0.5,4588,0,3203,0,4408,0.5,4086,0.5,4572,1.0,4561,2.0,4561
4847,J. Philipp Reiss,behavior-experiment,Europe,KIT,6,2677,5,2603,57.32364259186605,3021,140.0,2897,12,2609,0,3283,4,1786,6.0,2731,0,3203,5,2654,3.0,2752,28.661821295933027,3165,57.32364259186605,2888,58.32364259186605,3086
4848,Karl-Martin Ehrhart,multiple-field,Europe,KIT,16,1038,24,859,189.208879284245,1864,786.0,1451,37,989,0,3283,4,1786,18.5,1111,0,3203,24,876,12.0,1098,94.6044396421225,2178,189.208879284245,1667,190.208879284245,2090
4849,Runxi Wang,multiple-field,Europe,KIT,2,3967,0,4385,4.898979485566356,4345,8.0,4272,6,3475,0,3283,0,3965,3.0,3545,0,3203,0,4408,0.0,4504,2.449489742783178,4351,4.898979485566356,4306,5.898979485566356,4319
4850,Adrian Hillenbrand,behavior-experiment,Europe,KIT,6,2677,6,2423,54.699177324709375,3062,128.0,2961,7,3309,0,3283,3,2072,3.5,3382,0,3203,6,2464,3.0,2752,27.349588662354687,3196,54.699177324709375,2924,55.699177324709375,3118
4851,Petra Nieken,behavior-experiment,Europe,KIT,11,1625,12,1604,111.04503590885996,2394,393.0,2037,28,1363,0,3283,5,1568,14.0,1485,0,3203,12,1632,8.0,1567,55.52251795442999,2611,111.04503590885996,2212,112.04503590885996,2533
4852,Nora Szech,micro_theory,Europe,KIT,10,1802,11,1709,303.9621686986721,1377,557.0,1733,24,1571,1,1576,9,991,12.5,1623,1,1424,11,1737,8.0,1567,199.91080681525264,1582,300.8216136305053,1191,601.6432272610106,1226
4853,Berthold U. Wigger,p_finance,Europe,KIT,9,1992,9,1961,170.45233937966356,1981,448.0,1923,56,569,0,3283,3,2072,28.0,646,0,3203,9,2003,6.0,1923,85.22616968983178,2278,170.45233937966356,1787,171.45233937966356,2183
4854,Melanie Schienle,multiple-field,Europe,KIT,12,1477,14,1430,382.0746000455932,1167,907.0,1349,27,1408,0,3283,5,1568,13.5,1526,0,3203,14,1453,9.0,1418,191.0373000227966,1622,382.0746000455932,960,383.0746000455932,1521
4855,Martin Ruckes,finance,Europe,KIT,8,2197,8,2100,190.3890753168364,1860,352.0,2131,10,2874,0,3283,1,2917,5.0,2983,0,3203,8,2146,4.0,2445,95.1945376584182,2173,190.3890753168364,1663,191.3890753168364,2084
4856,Marliese Uhrig-Homburg,finance,Europe,KIT,16,1038,20,1048,317.6176947211852,1338,945.0,1319,36,1023,0,3283,1,2917,18.0,1148,0,3203,20,1065,10.0,1294,158.8088473605926,1766,317.6176947211852,1146,318.6176947211852,1677
4857,Ola Andersson,behavior-experiment,Europe,Uppsala,10,1802,11,1709,200.71621758094187,1806,541.0,1760,23,1634,0,3283,4,1786,11.5,1753,0,3203,11,1737,6.5,1818,100.35810879047094,2129,200.71621758094187,1611,201.71621758094187,2042
4858,Mikael Bask,multiple-field,Europe,Uppsala,11,1625,11,1709,100.9603882718366,2495,367.0,2096,33,1137,0,3283,0,3965,16.5,1262,0,3203,11,1737,5.5,2026,50.480194135918296,2697,100.9603882718366,2327,101.9603882718366,2623
4859,Spencer Bastani,p_finance,Europe,Uppsala,8,2197,8,2100,107.35921013122255,2434,298.0,2272,29,1320,0,3283,6,1392,14.5,1436,0,3203,8,2146,5.5,2026,53.67960506561128,2645,107.35921013122255,2252,108.35921013122255,2564
4860,Niklas Bengtsson,multiple-field,Europe,Uppsala,6,2677,5,2603,63.12685640834652,2940,133.0,2937,11,2737,0,3283,3,2072,5.5,2853,0,3203,5,2654,2.5,2945,31.56342820417326,3090,63.12685640834652,2803,64.12685640834653,3013
4861,Sören Blomquist,p_finance,Europe,Uppsala,21,669,31,605,197.9747458642137,1817,976.0,1296,51,654,3,924,24,285,27.0,674,3,816,31,620,20.5,567,338.0393063832638,1286,193.934543757802,1642,767.7381750312079,1085
4862,Teodora Borota Milicevic,i_trade,Europe,Uppsala,2,3967,1,3809,15.811388300841896,3937,20.0,3989,2,4322,0,3283,0,3965,1.0,4350,0,3203,1,3860,0.5,4086,7.905694150420948,3964,15.811388300841896,3853,16.811388300841898,3911
4863,Mikael Carlsson,macro,Europe,Uppsala,8,2197,7,2254,49.91993589739474,3138,158.0,2801,17,2079,1,1576,8,1097,9.0,2114,1,1424,7,2299,5.5,2026,48.66397831977183,2732,42.32795663954365,3179,84.6559132790873,2775
4864,Per-Anders Edin,labor,Europe,Uppsala,15,1141,16,1280,655.4677719003429,735,1684.0,865,19,1915,1,1576,7,1234,10.0,1962,1,1424,16,1309,9.0,1418,725.7673275901874,950,372.5346551803748,986,745.0693103607496,1103
4865,Mikael Elinder,multiple-field,Europe,Uppsala,12,1477,12,1604,171.56339936011994,1976,550.0,1743,18,1994,0,3283,7,1234,9.0,2114,0,3203,12,1632,7.5,1649,85.78169968005997,2272,171.56339936011994,1783,172.56339936011994,2180
4866,Peter Englund,finance,Europe,Uppsala,17,948,23,906,300.94351629500176,1386,1115.0,1186,34,1095,0,3283,7,1234,17.0,1221,0,3203,23,925,12.0,1098,150.47175814750088,1807,300.94351629500176,1189,301.94351629500176,1719
4867,Per Engström,p_finance,Europe,Uppsala,9,1992,8,2100,100.4141424302374,2499,245.0,2452,20,1840,0,3283,3,2072,10.0,1962,0,3203,8,2146,4.0,2445,50.207071215118695,2703,100.4141424302374,2333,101.4141424302374,2630
4868,Stefan Eriksson,labor,Europe,Uppsala,11,1625,11,1709,251.6763795035204,1576,613.0,1667,17,2079,1,1576,1,2917,9.0,2114,1,1424,11,1737,6.0,1923,277.3841380940856,1395,149.76827618817126,1918,299.5365523763425,1726
4869,Peter Fredriksson,multiple-field,Europe,Uppsala,24,528,25,816,650.9608283145768,742,2154.0,729,37,989,4,749,13,700,20.5,981,3,816,26,797,16.5,766,2197.1220468934557,610,321.23808094237364,1131,1591.1904047118685,754
4870,Nils Gottfries,multiple-field,Europe,Uppsala,7,2425,5,2603,32.60368077380221,3476,101.0,3112,17,2079,1,1576,5,1568,9.0,2114,0,3203,6,2464,5.0,2147,21.109003693587013,3398,33.218007387174026,3358,66.43601477434805,2982
4871,Georg Graetz,labor,Europe,Uppsala,6,2677,5,2603,1216.529078978386,392,1385.0,1008,8,3159,1,1576,4,1786,4.5,3116,1,1424,5,2654,3.5,2589,688.8811662920509,971,1214.7623325841018,295,2429.524665168204,601
4872,Christoph Hedtrich,macro,Europe,Uppsala,1,4388,0,4385,4.0,4388,4.0,4413,1,4577,0,3283,0,3965,0.5,4588,0,3203,0,4408,0.0,4504,2.0,4394,4.0,4349,5.0,4360
4873,Lena Hensvik,labor,Europe,Uppsala,8,2197,8,2100,156.36176003102548,2055,393.0,2037,12,2609,1,1576,8,1097,6.5,2616,1,1424,8,2146,5.5,2026,124.90534486760752,1957,148.81068973521502,1923,297.62137947043004,1733
4874,Bertil Holmlund,labor,Europe,Uppsala,19,797,28,696,280.99644125860385,1445,1221.0,1107,48,712,0,3283,10,906,24.0,802,0,3203,28,718,15.5,820,140.49822062930193,1865,280.99644125860385,1260,281.99644125860385,1777
4875,Mounir Karadja,history,Europe,Uppsala,3,3600,3,3094,173.63467395655744,1958,219.0,2538,3,4085,1,1576,3,2072,2.0,3907,1,1424,3,3149,2.0,3174,122.71274992585236,1970,170.42549985170473,1788,340.85099970340946,1618
4876,Arizo Karimi,labor,Europe,Uppsala,4,3256,3,3094,62.08059278067503,2964,112.0,3057,7,3309,0,3283,1,2917,3.5,3382,0,3203,3,3149,1.5,3437,31.040296390337517,3110,62.08059278067503,2825,63.08059278067503,3032
4877,Chuan-Zhong Li,multiple-field,Europe,Uppsala,16,1038,22,952,371.6934220564039,1186,1092.0,1204,42,840,0,3283,0,3965,21.0,953,0,3203,22,972,11.0,1189,185.84671102820195,1638,371.6934220564039,987,372.6934220564039,1537
4878,Torben Mideksa,multiple-field,Europe,Uppsala,11,1625,12,1604,306.2482653012095,1369,778.0,1464,19,1915,1,1576,1,2917,10.0,1962,1,1424,12,1632,6.5,1818,172.79725128417724,1694,306.59450256835447,1170,613.1890051367089,1214
4879,Eva Mörk,multiple-field,Europe,Uppsala,13,1348,14,1430,395.1417467188199,1134,995.0,1276,23,1634,0,3283,4,1786,11.5,1753,0,3203,14,1453,7.5,1649,197.57087335940997,1593,395.1417467188199,923,396.1417467188199,1497
4880,Oskar Nordström Skans,labor,Europe,Uppsala,15,1141,21,998,269.11521696106297,1501,925.0,1338,32,1187,3,924,12,763,17.5,1186,3,816,21,1017,14.0,936,755.0213603216752,940,199.88067452139637,1613,791.5226980855854,1070
4881,Henry Ohlsson,multiple-field,Europe,Uppsala,20,726,27,733,327.4980915974932,1314,1271.0,1076,40,899,0,3283,9,991,20.0,1011,0,3203,27,755,14.5,901,163.74904579874658,1745,327.4980915974932,1112,328.4980915974932,1649
4882,Yoko Okuyama,history,Europe,Uppsala,0,4667,0,4385,0.0,4667,0.0,4667,1,4577,0,3283,1,2917,0.5,4588,0,3203,0,4408,0.5,4086,0.0,4667,0.0,4669,1.0,4669
4883,Luca Repetto,political_econ,Europe,Uppsala,5,2944,4,2824,94.09569596958194,2558,168.0,2758,7,3309,0,3283,4,1786,3.5,3382,0,3203,4,2882,2.5,2945,47.04784798479097,2751,94.09569596958194,2400,95.09569596958194,2682
4884,Daniel Spiro,multiple-field,Europe,Uppsala,8,2197,8,2100,90.7193474403338,2595,278.0,2332,23,1634,0,3283,5,1568,11.5,1753,0,3203,8,2146,6.0,1923,45.3596737201669,2785,90.7193474403338,2435,91.7193474403338,2711
4885,Helena Svaleryd,multiple-field,Europe,Uppsala,12,1477,12,1604,395.3884166234514,1133,1094.0,1199,14,2384,0,3283,4,1786,7.0,2517,0,3203,12,1632,6.0,1923,197.6942083117257,1592,395.3884166234514,921,396.3884166234514,1496
4886,Fredrik Sävje,econometrics,Europe,Uppsala,6,2677,5,2603,83.94045508573325,2667,186.0,2671,13,2492,0,3283,0,3965,6.5,2616,0,3203,5,2654,2.5,2945,41.970227542866624,2844,83.94045508573325,2511,84.94045508573325,2773
4887,Jan Södersten,p_finance,Europe,Uppsala,7,2425,6,2423,81.33265027035576,2689,193.0,2644,10,2874,0,3283,3,2072,5.0,2983,0,3203,6,2464,3.0,2752,40.66632513517788,2868,81.33265027035576,2543,82.33265027035576,2798
4888,Johan Vikström,labor,Europe,Uppsala,11,1625,13,1510,86.93100712634129,2635,289.0,2300,19,1915,1,1576,7,1234,10.0,1962,1,1424,13,1535,8.5,1487,55.04939023958411,2622,87.09878047916823,2479,174.19756095833645,2168
4889,Karl Walentin,macro,Europe,Uppsala,8,2197,8,2100,261.01724080987447,1537,508.0,1814,16,2168,0,3283,3,2072,8.0,2304,0,3203,8,2146,4.5,2297,130.50862040493723,1929,261.01724080987447,1348,262.01724080987447,1838
4890,Olof Åslund,labor,Europe,Uppsala,14,1239,14,1430,616.978929948179,776,1535.0,939,20,1840,1,1576,4,1786,10.5,1890,1,1424,14,1453,8.0,1567,689.2171236822369,970,299.4342473644739,1196,598.8684947289478,1228
4891,Erik Öberg,macro,Europe,Uppsala,3,3600,2,3404,56.32938842203065,3037,75.0,3312,6,3475,1,1576,3,2072,3.5,3382,1,1424,2,3459,2.0,3174,61.08276253029822,2538,13.16552506059644,3922,26.33105012119288,3633
4892,Björn Öckert,labor,Europe,Uppsala,12,1477,12,1604,305.2130403505067,1371,875.0,1375,14,2384,1,1576,8,1097,7.5,2418,1,1424,12,1632,7.0,1731,296.7428498969469,1362,254.4856997938937,1379,508.9713995877874,1322
